0,0.0009379,0.0009379
0.1,0.00094112,0.00094237
0.2,0.00094951,0.00094772
0.3,0.00096388,0.000954
0.4,0.00098548,0.00096123
0.5,0.0010156,0.00096941
0.6,0.0010553,0.00097853
0.7,0.0011053,0.00098881
0.8,0.0011671,0.0010002
0.9,0.0012415,0.0010127
1,0.0013296,0.0010265
1.1,0.0014323,0.0010415
1.2,0.0015507,0.0010579
1.3,0.0016858,0.0010755
1.4,0.0018386,0.0010947
1.5,0.0020098,0.0011152
1.6,0.0022006,0.0011371
1.7,0.0024118,0.0011606
1.8,0.0026443,0.0011857
1.9,0.002899,0.0012124
2,0.0031768,0.0012407
2.1,0.0034785,0.0012707
2.2,0.003805,0.0013024
2.3,0.004157,0.0013359
2.4,0.0045354,0.0013712
2.5,0.0049409,0.0014084
2.6,0.0053744,0.0014474
2.7,0.0058366,0.0014884
2.8,0.0063282,0.0015314
2.9,0.00685,0.0015763
3,0.0074025,0.0016234
3.1,0.0079867,0.0016725
3.2,0.008603,0.0017237
3.3,0.0092522,0.0017771
3.4,0.0099349,0.0018327
3.5,0.010652,0.0018906
3.6,0.011403,0.0019507
3.7,0.01219,0.0020132
3.8,0.013013,0.002078
3.9,0.013872,0.0021453
4,0.014768,0.0022149
4.1,0.015701,0.002287
4.2,0.016672,0.0023617
4.3,0.017682,0.0024388
4.4,0.018731,0.0025186
4.5,0.019819,0.002601
4.6,0.020946,0.0026861
4.7,0.022114,0.0027738
4.8,0.023322,0.0028643
4.9,0.024571,0.0029575
5,0.025862,0.0030535
5.1,0.027194,0.0031523
5.2,0.028567,0.0032541
5.3,0.029983,0.0033587
5.4,0.031442,0.0034663
5.5,0.032943,0.0035768
5.6,0.034487,0.0036904
5.7,0.036074,0.003807
5.8,0.037705,0.0039267
5.9,0.039379,0.0040494
6,0.041097,0.0041754
6.1,0.04286,0.0043045
6.2,0.044666,0.0044368
6.3,0.046516,0.0045723
6.4,0.048411,0.0047112
6.5,0.050351,0.0048533
6.6,0.052335,0.0049988
6.7,0.054365,0.0051476
6.8,0.056439,0.0052999
6.9,0.058558,0.0054555
7,0.060722,0.0056147
7.1,0.06293,0.0057773
7.2,0.065184,0.0059435
7.3,0.067482,0.0061133
7.4,0.069825,0.0062866
7.5,0.072213,0.0064636
7.6,0.074645,0.0066442
7.7,0.077122,0.0068285
7.8,0.079643,0.0070165
7.9,0.082208,0.0072083
8,0.084817,0.0074038
8.1,0.087471,0.0076032
8.2,0.090168,0.0078064
8.3,0.092908,0.0080134
8.4,0.095692,0.0082243
8.5,0.098522,0.0084392
8.6,0.1014,0.008658
8.7,0.10432,0.0088807
8.8,0.10728,0.0091075
8.9,0.11028,0.0093383
9,0.11333,0.0095732
9.1,0.11642,0.0098122
9.2,0.11955,0.010055
9.3,0.12272,0.010303
9.4,0.12594,0.010554
9.5,0.12919,0.01081
9.6,0.13249,0.011069
9.7,0.13583,0.011333
9.8,0.13921,0.011602
9.9,0.14262,0.011874
10,0.14608,0.012151
10.1,0.14958,0.012433
10.2,0.15311,0.012719
10.3,0.15668,0.013009
10.4,0.16029,0.013303
10.5,0.16395,0.013602
10.6,0.16764,0.013906
10.7,0.17137,0.014214
10.8,0.17514,0.014527
10.9,0.17895,0.014844
11,0.18279,0.015165
11.1,0.18667,0.015492
11.2,0.19058,0.015823
11.3,0.19453,0.016158
11.4,0.19852,0.016499
11.5,0.20254,0.016844
11.6,0.20659,0.017193
11.7,0.21068,0.017548
11.8,0.2148,0.017907
11.9,0.21895,0.018271
12,0.22313,0.01864
12.1,0.22735,0.019014
12.2,0.23159,0.019392
12.3,0.23587,0.019776
12.4,0.24017,0.020164
12.5,0.24451,0.020557
12.6,0.24889,0.020955
12.7,0.25329,0.021359
12.8,0.25773,0.021767
12.9,0.26219,0.02218
13,0.26668,0.022598
13.1,0.2712,0.023021
13.2,0.27575,0.02345
13.3,0.28032,0.023883
13.4,0.28493,0.024322
13.5,0.28955,0.024765
13.6,0.29421,0.025214
13.7,0.29888,0.025668
13.8,0.30358,0.026127
13.9,0.30831,0.026592
14,0.31306,0.027061
14.1,0.31783,0.027536
14.2,0.32263,0.028017
14.3,0.32745,0.028502
14.4,0.33228,0.028993
14.5,0.33711,0.029489
14.6,0.34193,0.02999
14.7,0.34676,0.030497
14.8,0.35159,0.031013
14.9,0.35643,0.031538
15,0.36126,0.032072
15.1,0.3661,0.032616
15.2,0.37093,0.033171
15.3,0.37576,0.033737
15.4,0.38058,0.034317
15.5,0.38539,0.034912
15.6,0.39019,0.035522
15.7,0.39498,0.03615
15.8,0.39975,0.036797
15.9,0.4045,0.037461
16,0.40923,0.03814
16.1,0.41397,0.038838
16.2,0.4187,0.039555
16.3,0.42341,0.040291
16.4,0.4281,0.041047
16.5,0.43277,0.041822
16.6,0.43741,0.042615
16.7,0.44203,0.043427
16.8,0.44662,0.044259
16.9,0.45118,0.045108
17,0.4557,0.045976
17.1,0.4602,0.046864
17.2,0.46466,0.047772
17.3,0.46908,0.048698
17.4,0.47346,0.049643
17.5,0.47781,0.050606
17.6,0.48211,0.051587
17.7,0.48645,0.052589
17.8,0.49075,0.053611
17.9,0.49503,0.054651
18,0.49928,0.055712
18.1,0.5035,0.056791
18.2,0.5077,0.057891
18.3,0.51186,0.059012
18.4,0.516,0.060153
18.5,0.5201,0.061314
18.6,0.52418,0.062496
18.7,0.52823,0.063697
18.8,0.53226,0.064919
18.9,0.53625,0.066162
19,0.54022,0.067425
19.1,0.54416,0.068709
19.2,0.54808,0.070013
19.3,0.55197,0.071338
19.4,0.55584,0.072684
19.5,0.55968,0.074051
19.6,0.56351,0.075438
19.7,0.5673,0.076847
19.8,0.57108,0.078277
19.9,0.57484,0.079729
20,0.57858,0.081201
20.1,0.5823,0.082696
20.2,0.586,0.084211
20.3,0.58969,0.085748
20.4,0.59336,0.087307
20.5,0.59702,0.088888
20.6,0.60067,0.09049
20.7,0.6043,0.092114
20.8,0.6079,0.09376
20.9,0.61147,0.095429
21,0.61502,0.097118
21.1,0.61855,0.098828
21.2,0.62207,0.10056
21.3,0.62556,0.10232
21.4,0.62905,0.10409
21.5,0.63252,0.10589
21.6,0.63597,0.10771
21.7,0.63941,0.10955
21.8,0.64284,0.11142
21.9,0.64626,0.11331
22,0.64966,0.11522
22.1,0.65305,0.11715
22.2,0.65643,0.1191
22.3,0.6598,0.12108
22.4,0.66314,0.12308
22.5,0.66647,0.1251
22.6,0.66977,0.12714
22.7,0.67306,0.12921
22.8,0.67634,0.13129
22.9,0.67961,0.1334
23,0.68285,0.13553
23.1,0.68609,0.13769
23.2,0.68931,0.13986
23.3,0.69251,0.14206
23.4,0.6957,0.14428
23.5,0.69888,0.14653
23.6,0.70204,0.14879
23.7,0.70519,0.15108
23.8,0.70832,0.15339
23.9,0.71144,0.15572
24,0.71453,0.15807
24.1,0.71762,0.16045
24.2,0.72069,0.16285
24.3,0.72374,0.16527
24.4,0.72678,0.16771
24.5,0.72981,0.17017
24.6,0.73282,0.17266
24.7,0.73582,0.17517
24.8,0.73881,0.1777
24.9,0.74178,0.18025
25,0.74474,0.18282
25.1,0.74768,0.18542
25.2,0.75061,0.18802
25.3,0.75353,0.19065
25.4,0.75643,0.1933
25.5,0.75932,0.19597
25.6,0.7622,0.19867
25.7,0.76506,0.20138
25.8,0.76792,0.20412
25.9,0.77075,0.20688
26,0.77358,0.20966
26.1,0.77639,0.21246
26.2,0.77919,0.21528
26.3,0.78198,0.21813
26.4,0.78475,0.22099
26.5,0.78751,0.22388
26.6,0.79026,0.22679
26.7,0.79299,0.22972
26.8,0.79572,0.23267
26.9,0.79843,0.23564
27,0.80113,0.23864
27.1,0.80381,0.24165
27.2,0.80649,0.24469
27.3,0.80915,0.24775
27.4,0.8118,0.25083
27.5,0.81444,0.25393
27.6,0.81707,0.25706
27.7,0.81968,0.2602
27.8,0.82229,0.26337
27.9,0.82488,0.26656
28,0.82746,0.26977
28.1,0.83003,0.273
28.2,0.83258,0.27625
28.3,0.83512,0.27953
28.4,0.83764,0.28282
28.5,0.84016,0.28611
28.6,0.84266,0.28941
28.7,0.84515,0.29273
28.8,0.84763,0.29607
28.9,0.85009,0.29943
29,0.85254,0.30281
29.1,0.85498,0.3062
29.2,0.85741,0.30962
29.3,0.85983,0.31305
29.4,0.86223,0.3165
29.5,0.86463,0.31997
29.6,0.86701,0.32345
29.7,0.86938,0.32696
29.8,0.87173,0.33048
29.9,0.87408,0.33403
30,0.87641,0.33759
30.1,0.87873,0.34117
30.2,0.88104,0.34477
30.3,0.88332,0.34838
30.4,0.88555,0.35202
30.5,0.88775,0.35567
30.6,0.88994,0.35935
30.7,0.8921,0.36298
30.8,0.89424,0.36662
30.9,0.89636,0.37028
31,0.89846,0.37395
31.1,0.90054,0.37763
31.2,0.90259,0.38132
31.3,0.90463,0.38503
31.4,0.90663,0.38875
31.5,0.90862,0.39248
31.6,0.91058,0.39622
31.7,0.91252,0.39997
31.8,0.91443,0.40374
31.9,0.91632,0.40751
32,0.91818,0.4113
32.1,0.92002,0.41511
32.2,0.92183,0.41892
32.3,0.92362,0.42275
32.4,0.92538,0.42657
32.5,0.92714,0.43039
32.6,0.92887,0.43422
32.7,0.93058,0.43805
32.8,0.93226,0.4419
32.9,0.93392,0.44575
33,0.93556,0.44961
33.1,0.93717,0.45348
33.2,0.93875,0.45736
33.3,0.94031,0.46125
33.4,0.94185,0.46515
33.5,0.94335,0.46906
33.6,0.94484,0.47297
33.7,0.94629,0.4769
33.8,0.94773,0.48083
33.9,0.94913,0.48477
34,0.95051,0.48872
34.1,0.95186,0.49268
34.2,0.95318,0.49663
34.3,0.95448,0.50059
34.4,0.95575,0.50456
34.5,0.95699,0.50854
34.6,0.95825,0.51252
34.7,0.9595,0.51651
34.8,0.96073,0.52051
34.9,0.96193,0.52452
35,0.96312,0.52853
35.1,0.96428,0.53255
35.2,0.96542,0.53658
35.3,0.96654,0.54061
35.4,0.96764,0.54465
35.5,0.96872,0.5487
35.6,0.96977,0.55276
35.7,0.97081,0.55682
35.8,0.97182,0.5609
35.9,0.97281,0.56497
36,0.97378,0.56905
36.1,0.97472,0.57313
36.2,0.97565,0.57722
36.3,0.97655,0.58131
36.4,0.97743,0.58542
36.5,0.97829,0.58953
36.6,0.97913,0.59364
36.7,0.97995,0.59776
36.8,0.98074,0.60189
36.9,0.98152,0.60602
37,0.98227,0.61017
37.1,0.983,0.61431
37.2,0.98371,0.61847
37.3,0.9844,0.62263
37.4,0.98507,0.62679
37.5,0.98575,0.63097
37.6,0.98641,0.63514
37.7,0.98706,0.63931
37.8,0.98769,0.64348
37.9,0.9883,0.64766
38,0.98889,0.65184
38.1,0.98946,0.65603
38.2,0.99002,0.66023
38.3,0.99056,0.66443
38.4,0.99109,0.66863
38.5,0.99159,0.67285
38.6,0.99209,0.67706
38.7,0.99256,0.68128
38.8,0.99302,0.68551
38.9,0.99346,0.68974
39,0.99389,0.69398
39.1,0.9943,0.69823
39.2,0.9947,0.70248
39.3,0.99508,0.70673
39.4,0.99544,0.71099
39.5,0.99579,0.71526
39.6,0.99612,0.71953
39.7,0.99644,0.7238
39.8,0.99675,0.72808
39.9,0.99704,0.73237
40,0.99731,0.73666
40.1,0.99757,0.74096
40.2,0.99782,0.74526
40.3,0.99805,0.74957
40.4,0.99827,0.75389
40.5,0.99847,0.75821
40.6,0.99866,0.76253
40.7,0.99884,0.76686
40.8,0.99901,0.7712
40.9,0.99916,0.77554
41,0.9993,0.77989
41.1,0.99942,0.78422
41.2,0.99954,0.78856
41.3,0.99964,0.79289
41.4,0.99972,0.79723
41.5,0.9998,0.80158
41.6,0.99986,0.80592
41.7,0.99991,0.81027
41.8,0.99995,0.81463
41.9,0.99998,0.81899
42,1,0.82335
42.1,1,0.82772
42.2,0.99999,0.83209
42.3,0.99997,0.83647
42.4,0.99994,0.84085
42.5,0.9999,0.84523
42.6,0.99985,0.84962
42.7,0.99979,0.85401
42.8,0.99972,0.85841
42.9,0.99963,0.86281
43,0.99954,0.86721
43.1,0.99944,0.87162
43.2,0.99932,0.87603
43.3,0.9992,0.88045
43.4,0.99907,0.88487
43.5,0.99892,0.88929
43.6,0.99877,0.89372
43.7,0.99861,0.89815
43.8,0.99844,0.90259
43.9,0.99826,0.90703
44,0.99807,0.91147
44.1,0.99788,0.91592
44.2,0.99767,0.92037
44.3,0.99746,0.92483
44.4,0.99723,0.92929
44.5,0.997,0.93375
44.6,0.99676,0.93817
44.7,0.99652,0.94257
44.8,0.99626,0.94696
44.9,0.996,0.95134
45,0.99573,0.95571
45.1,0.99546,0.96007
45.2,0.99517,0.96442
45.3,0.99488,0.96877
45.4,0.99459,0.97311
45.5,0.99428,0.97741
45.6,0.99397,0.98164
45.7,0.99365,0.98585
45.8,0.99333,0.99003
45.9,0.993,0.99418
46,0.99267,0.99831
46.1,0.99233,1.0024
46.2,0.992,1.0065
46.3,0.99166,1.0105
46.4,0.99131,1.0146
46.5,0.99096,1.0185
46.6,0.9906,1.0225
46.7,0.99024,1.0264
46.8,0.98988,1.0303
46.9,0.98952,1.0341
47,0.98915,1.0379
47.1,0.98877,1.0417
47.2,0.9884,1.0455
47.3,0.98802,1.0492
47.4,0.98764,1.0529
47.5,0.98725,1.0565
47.6,0.98687,1.0601
47.7,0.98648,1.0637
47.8,0.98609,1.0673
47.9,0.98569,1.0708
48,0.9853,1.0743
48.1,0.9849,1.0777
48.2,0.98451,1.0811
48.3,0.98411,1.0845
48.4,0.98371,1.0879
48.5,0.98331,1.0913
48.6,0.98291,1.0946
48.7,0.98251,1.0979
48.8,0.9821,1.1011
48.9,0.98168,1.1043
49,0.98123,1.1075
49.1,0.98079,1.1107
49.2,0.98034,1.1138
49.3,0.97988,1.1169
49.4,0.97943,1.12
49.5,0.97897,1.1231
49.6,0.97851,1.1261
49.7,0.97805,1.129
49.8,0.97759,1.132
49.9,0.97712,1.1349
50,0.97666,1.1378
50.1,0.97619,1.1406
50.2,0.97572,1.1435
50.3,0.97525,1.1463
50.4,0.97478,1.149
50.5,0.97431,1.1517
50.6,0.97384,1.1544
50.7,0.97337,1.1571
50.8,0.97289,1.1597
50.9,0.97242,1.1624
51,0.97194,1.1649
51.1,0.97147,1.1675
51.2,0.97099,1.17
51.3,0.97052,1.1725
51.4,0.97004,1.1749
51.5,0.96957,1.1773
51.6,0.96909,1.1797
51.7,0.96862,1.1821
51.8,0.96814,1.1845
51.9,0.96767,1.1868
52,0.9672,1.1891
52.1,0.96673,1.1914
52.2,0.96626,1.1937
52.3,0.96579,1.1959
52.4,0.96532,1.1981
52.5,0.96485,1.2003
52.6,0.96439,1.2024
52.7,0.96392,1.2045
52.8,0.96346,1.2066
52.9,0.963,1.2087
53,0.96254,1.2107
53.1,0.96209,1.2127
53.2,0.96163,1.2147
53.3,0.96118,1.2167
53.4,0.96073,1.2186
53.5,0.96024,1.2205
53.6,0.95974,1.2223
53.7,0.95924,1.2242
53.8,0.95874,1.226
53.9,0.95823,1.2277
54,0.95773,1.2295
54.1,0.95723,1.2312
54.2,0.95672,1.2329
54.3,0.95621,1.2346
54.4,0.95571,1.2362
54.5,0.9552,1.2378
54.6,0.95469,1.2394
54.7,0.95419,1.2409
54.8,0.95368,1.2424
54.9,0.95317,1.2439
55,0.95266,1.2454
55.1,0.95215,1.2469
55.2,0.95164,1.2483
55.3,0.95113,1.2498
55.4,0.95062,1.2512
55.5,0.95011,1.2526
55.6,0.9496,1.2539
55.7,0.94909,1.2553
55.8,0.94858,1.2566
55.9,0.94807,1.2578
56,0.94756,1.2591
56.1,0.94706,1.2603
56.2,0.94655,1.2615
56.3,0.94604,1.2627
56.4,0.94553,1.2639
56.5,0.94502,1.265
56.6,0.94451,1.2661
56.7,0.944,1.2672
56.8,0.9435,1.2682
56.9,0.94299,1.2692
57,0.94248,1.2702
57.1,0.94198,1.2712
57.2,0.94147,1.2722
57.3,0.94097,1.2731
57.4,0.94046,1.274
57.5,0.93996,1.2749
57.6,0.93946,1.2757
57.7,0.93895,1.2765
57.8,0.93845,1.2773
57.9,0.93795,1.2781
58,0.93745,1.2788
58.1,0.93694,1.2796
58.2,0.93642,1.2803
58.3,0.9359,1.2809
58.4,0.93538,1.2816
58.5,0.93487,1.2823
58.6,0.93435,1.283
58.7,0.93383,1.2837
58.8,0.93331,1.2844
58.9,0.9328,1.285
59,0.93228,1.2856
59.1,0.93176,1.2862
59.2,0.93124,1.2868
59.3,0.93072,1.2874
59.4,0.93021,1.2879
59.5,0.92969,1.2884
59.6,0.92917,1.2889
59.7,0.92865,1.2894
59.8,0.92813,1.2899
59.9,0.92762,1.2903
60,0.9271,1.2908
60.1,0.92658,1.2912
60.2,0.92606,1.2916
60.3,0.92554,1.292
60.4,0.92503,1.2923
60.5,0.92451,1.2927
60.6,0.92399,1.293
60.7,0.92347,1.2933
60.8,0.92296,1.2935
60.9,0.92244,1.2938
61,0.92192,1.2941
61.1,0.92141,1.2945
61.2,0.92089,1.2948
61.3,0.92038,1.2952
61.4,0.91986,1.2956
61.5,0.91935,1.2959
61.6,0.91883,1.2962
61.7,0.91832,1.2966
61.8,0.9178,1.2969
61.9,0.91729,1.2972
62,0.91677,1.2975
62.1,0.91626,1.2978
62.2,0.91575,1.2981
62.3,0.91524,1.2984
62.4,0.91472,1.2986
62.5,0.91421,1.2989
62.6,0.9137,1.2991
62.7,0.91319,1.2994
62.8,0.91268,1.2996
62.9,0.91217,1.2999
63,0.91166,1.3001
63.1,0.91115,1.3003
63.2,0.91064,1.3005
63.3,0.91013,1.3007
63.4,0.90962,1.3009
63.5,0.90912,1.3011
63.6,0.90861,1.3013
63.7,0.9081,1.3015
63.8,0.9076,1.3017
63.9,0.90709,1.302
64,0.90659,1.3022
64.1,0.90608,1.3024
64.2,0.90558,1.3026
64.3,0.90508,1.3028
64.4,0.90458,1.3031
64.5,0.90408,1.3033
64.6,0.90357,1.3035
64.7,0.90307,1.3037
64.8,0.90258,1.3039
64.9,0.90208,1.3041
65,0.90158,1.3043
65.1,0.90108,1.3045
65.2,0.90059,1.3046
65.3,0.90009,1.3048
65.4,0.8996,1.305
65.5,0.8991,1.3052
65.6,0.89861,1.3054
65.7,0.89812,1.3055
65.8,0.89763,1.3057
65.9,0.89714,1.3059
66,0.89665,1.306
66.1,0.89616,1.3062
66.2,0.89567,1.3064
66.3,0.89518,1.3065
66.4,0.8947,1.3067
66.5,0.89421,1.3069
66.6,0.89373,1.307
66.7,0.89325,1.3072
66.8,0.89277,1.3074
66.9,0.89228,1.3075
67,0.89181,1.3077
67.1,0.89133,1.3079
67.2,0.89085,1.308
67.3,0.89036,1.3082
67.4,0.88988,1.3083
67.5,0.8894,1.3085
67.6,0.88892,1.3087
67.7,0.88844,1.3088
67.8,0.88796,1.309
67.9,0.88748,1.3091
68,0.887,1.3093
68.1,0.88653,1.3094
68.2,0.88605,1.3095
68.3,0.88557,1.3097
68.4,0.8851,1.3098
68.5,0.88462,1.31
68.6,0.88415,1.3101
68.7,0.88368,1.3102
68.8,0.88321,1.3104
68.9,0.88273,1.3105
69,0.88226,1.3107
69.1,0.88179,1.3108
69.2,0.88133,1.3109
69.3,0.88086,1.3111
69.4,0.88039,1.3112
69.5,0.87992,1.3113
69.6,0.87946,1.3115
69.7,0.87899,1.3116
69.8,0.87853,1.3117
69.9,0.87807,1.3118
70,0.8776,1.312
70.1,0.87714,1.3121
70.2,0.87668,1.3122
70.3,0.87622,1.3123
70.4,0.87576,1.3125
70.5,0.87531,1.3126
70.6,0.87485,1.3127
70.7,0.87439,1.3128
70.8,0.87394,1.3129
70.9,0.87348,1.313
71,0.87303,1.3131
71.1,0.87258,1.3133
71.2,0.87212,1.3134
71.3,0.87167,1.3135
71.4,0.87122,1.3136
71.5,0.87077,1.3137
71.6,0.87033,1.3138
71.7,0.86988,1.3139
71.8,0.86942,1.314
71.9,0.86897,1.3141
72,0.86851,1.3142
72.1,0.86806,1.3143
72.2,0.8676,1.3144
72.3,0.86715,1.3145
72.4,0.86669,1.3146
72.5,0.86624,1.3147
72.6,0.86579,1.3148
72.7,0.86533,1.3149
72.8,0.86488,1.3149
72.9,0.86443,1.315
73,0.86398,1.3151
73.1,0.86353,1.3152
73.2,0.86308,1.3153
73.3,0.86263,1.3154
73.4,0.86218,1.3155
73.5,0.86173,1.3155
73.6,0.86129,1.3156
73.7,0.86084,1.3157
73.8,0.86039,1.3158
73.9,0.85995,1.3159
74,0.8595,1.3159
74.1,0.85905,1.316
74.2,0.85861,1.3161
74.3,0.85817,1.3162
74.4,0.85772,1.3162
74.5,0.85728,1.3163
74.6,0.85684,1.3164
74.7,0.85639,1.3165
74.8,0.85595,1.3165
74.9,0.85551,1.3166
75,0.85507,1.3167
75.1,0.85463,1.3167
75.2,0.85419,1.3168
75.3,0.85375,1.3169
75.4,0.85331,1.3169
75.5,0.85287,1.317
75.6,0.85244,1.317
75.7,0.852,1.3171
75.8,0.85156,1.3172
75.9,0.85113,1.3172
76,0.85069,1.3173
76.1,0.85026,1.3173
76.2,0.84982,1.3174
76.3,0.84939,1.3174
76.4,0.84895,1.3175
76.5,0.84852,1.3175
76.6,0.84809,1.3176
76.7,0.84766,1.3176
76.8,0.84723,1.3177
76.9,0.84679,1.3177
77,0.84636,1.3178
77.1,0.84593,1.3178
77.2,0.8455,1.3179
77.3,0.84507,1.3179
77.4,0.84465,1.3179
77.5,0.84422,1.318
77.6,0.84379,1.318
77.7,0.84336,1.3181
77.8,0.84294,1.3181
77.9,0.84251,1.3181
78,0.84209,1.3182
78.1,0.84166,1.3182
78.2,0.84124,1.3182
78.3,0.84081,1.3183
78.4,0.84039,1.3183
78.5,0.83997,1.3183
78.6,0.83954,1.3184
78.7,0.83912,1.3184
78.8,0.8387,1.3184
78.9,0.83828,1.3185
79,0.83786,1.3185
79.1,0.83744,1.3185
79.2,0.83702,1.3186
79.3,0.8366,1.3186
79.4,0.83617,1.3186
79.5,0.83575,1.3186
79.6,0.83532,1.3186
79.7,0.83489,1.3187
79.8,0.83447,1.3187
79.9,0.83404,1.3187
80,0.83362,1.3187
80.1,0.83319,1.3187
80.2,0.83277,1.3188
80.3,0.83235,1.3188
80.4,0.83192,1.3188
80.5,0.8315,1.3188
80.6,0.83107,1.3188
80.7,0.83065,1.3188
80.8,0.83023,1.3188
80.9,0.82981,1.3188
81,0.82938,1.3189
81.1,0.82896,1.3189
81.2,0.82854,1.3189
81.3,0.82812,1.3189
81.4,0.8277,1.3189
81.5,0.82728,1.3189
81.6,0.82686,1.3189
81.7,0.82644,1.3189
81.8,0.82602,1.3189
81.9,0.8256,1.3189
82,0.82518,1.3189
82.1,0.82476,1.3189
82.2,0.82434,1.3189
82.3,0.82392,1.3189
82.4,0.8235,1.3189
82.5,0.82309,1.3189
82.6,0.82267,1.3189
82.7,0.82225,1.3189
82.8,0.82183,1.3189
82.9,0.82142,1.3189
83,0.821,1.3189
83.1,0.82058,1.3189
83.2,0.82017,1.3189
83.3,0.81975,1.3188
83.4,0.81934,1.3188
83.5,0.81892,1.3188
83.6,0.81851,1.3188
83.7,0.81809,1.3188
83.8,0.81768,1.3188
83.9,0.81727,1.3188
84,0.81685,1.3188
84.1,0.81644,1.3187
84.2,0.81603,1.3187
84.3,0.81561,1.3187
84.4,0.8152,1.3187
84.5,0.81479,1.3187
84.6,0.81438,1.3187
84.7,0.81397,1.3186
84.8,0.81355,1.3186
84.9,0.81314,1.3186
85,0.81273,1.3186
85.1,0.81232,1.3185
85.2,0.81191,1.3185
85.3,0.8115,1.3185
85.4,0.81109,1.3185
85.5,0.81068,1.3184
85.6,0.81028,1.3184
85.7,0.80987,1.3184
85.8,0.80946,1.3184
85.9,0.80905,1.3183
86,0.80864,1.3183
86.1,0.80823,1.3183
86.2,0.80783,1.3182
86.3,0.80742,1.3182
86.4,0.80701,1.3182
86.5,0.80661,1.3181
86.6,0.8062,1.3181
86.7,0.8058,1.3181
86.8,0.80539,1.318
86.9,0.80498,1.318
87,0.80457,1.318
87.1,0.80416,1.3179
87.2,0.80375,1.3179
87.3,0.80334,1.3178
87.4,0.80293,1.3178
87.5,0.80252,1.3178
87.6,0.80211,1.3177
87.7,0.8017,1.3177
87.8,0.80129,1.3176
87.9,0.80088,1.3176
88,0.80047,1.3175
88.1,0.80006,1.3175
88.2,0.79965,1.3175
88.3,0.79924,1.3174
88.4,0.79883,1.3174
88.5,0.79842,1.3173
88.6,0.79801,1.3173
88.7,0.79761,1.3172
88.8,0.7972,1.3172
88.9,0.79679,1.3171
89,0.79638,1.3171
89.1,0.79597,1.317
89.2,0.79556,1.317
89.3,0.79516,1.3169
89.4,0.79475,1.3169
89.5,0.79434,1.3168
89.6,0.79393,1.3168
89.7,0.79353,1.3167
89.8,0.79312,1.3166
89.9,0.79271,1.3166
90,0.7923,1.3165
90.1,0.7919,1.3165
90.2,0.79149,1.3164
90.3,0.79108,1.3164
90.4,0.79068,1.3163
90.5,0.79027,1.3162
90.6,0.78987,1.3162
90.7,0.78946,1.3161
90.8,0.78905,1.3161
90.9,0.78865,1.316
91,0.78824,1.3159
91.1,0.78784,1.3159
91.2,0.78743,1.3158
91.3,0.78703,1.3157
91.4,0.78662,1.3157
91.5,0.78622,1.3156
91.6,0.78581,1.3155
91.7,0.78541,1.3155
91.8,0.785,1.3154
91.9,0.7846,1.3153
92,0.78419,1.3153
92.1,0.78379,1.3152
92.2,0.78338,1.3151
92.3,0.78298,1.3151
92.4,0.78258,1.315
92.5,0.78217,1.3149
92.6,0.78177,1.3149
92.7,0.78137,1.3148
92.8,0.78096,1.3147
92.9,0.78056,1.3146
93,0.78016,1.3146
93.1,0.77975,1.3145
93.2,0.77935,1.3144
93.3,0.77895,1.3143
93.4,0.77855,1.3143
93.5,0.77814,1.3142
93.6,0.77774,1.3141
93.7,0.77734,1.314
93.8,0.77694,1.314
93.9,0.77654,1.3139
94,0.77613,1.3138
94.1,0.77573,1.3137
94.2,0.77533,1.3136
94.3,0.77493,1.3136
94.4,0.77453,1.3135
94.5,0.77412,1.3134
94.6,0.77372,1.3133
94.7,0.77332,1.3132
94.8,0.77291,1.3132
94.9,0.77251,1.3131
95,0.7721,1.313
95.1,0.7717,1.3129
95.2,0.7713,1.3128
95.3,0.77089,1.3127
95.4,0.77049,1.3127
95.5,0.77008,1.3126
95.6,0.76968,1.3125
95.7,0.76928,1.3124
95.8,0.76887,1.3123
95.9,0.76847,1.3122
96,0.76807,1.3121
96.1,0.76766,1.3121
96.2,0.76726,1.312
96.3,0.76685,1.3119
96.4,0.76645,1.3118
96.5,0.76605,1.3117
96.6,0.76564,1.3116
96.7,0.76524,1.3115
96.8,0.76484,1.3114
96.9,0.76443,1.3113
97,0.76403,1.3112
97.1,0.76363,1.3112
97.2,0.76322,1.3111
97.3,0.76282,1.311
97.4,0.76242,1.3109
97.5,0.76202,1.3108
97.6,0.76161,1.3107
97.7,0.76121,1.3106
97.8,0.76081,1.3105
97.9,0.7604,1.3104
98,0.76,1.3103
98.1,0.7596,1.3102
98.2,0.7592,1.3101
98.3,0.75879,1.31
98.4,0.75839,1.3099
98.5,0.75799,1.3098
98.6,0.75759,1.3097
98.7,0.75718,1.3096
98.8,0.75678,1.3095
98.9,0.75638,1.3094
99,0.75598,1.3093
99.1,0.75557,1.3092
99.2,0.75517,1.3091
99.3,0.75477,1.309
99.4,0.75437,1.3089
99.5,0.75397,1.3088
99.6,0.75356,1.3087
99.7,0.75316,1.3086
99.8,0.75276,1.3085
99.9,0.75236,1.3084
100,0.75196,1.3083
100.1,0.75155,1.3082
100.2,0.75115,1.3081
100.3,0.75075,1.3079
100.4,0.75035,1.3078
100.5,0.74995,1.3077
100.6,0.74955,1.3076
100.7,0.74915,1.3075
100.8,0.74874,1.3074
100.9,0.74834,1.3073
101,0.74794,1.3072
101.1,0.74754,1.3071
101.2,0.74714,1.307
101.3,0.74674,1.3069
101.4,0.74634,1.3067
101.5,0.74593,1.3066
101.6,0.74553,1.3065
101.7,0.74513,1.3064
101.8,0.74473,1.3063
101.9,0.74433,1.3062
102,0.74393,1.3061
102.1,0.74353,1.3059
102.2,0.74312,1.3058
102.3,0.74272,1.3057
102.4,0.74232,1.3056
102.5,0.74192,1.3055
102.6,0.74151,1.3054
102.7,0.74111,1.3053
102.8,0.74071,1.3051
102.9,0.7403,1.305
103,0.7399,1.3049
103.1,0.7395,1.3048
103.2,0.7391,1.3047
103.3,0.73869,1.3046
103.4,0.73829,1.3044
103.5,0.73789,1.3043
103.6,0.73748,1.3042
103.7,0.73708,1.3041
103.8,0.73668,1.304
103.9,0.73628,1.3038
104,0.73587,1.3037
104.1,0.73547,1.3036
104.2,0.73507,1.3035
104.3,0.73467,1.3034
104.4,0.73426,1.3032
104.5,0.73386,1.3031
104.6,0.73346,1.303
104.7,0.73305,1.3029
104.8,0.73265,1.3027
104.9,0.73225,1.3026
105,0.73185,1.3025
105.1,0.73144,1.3024
105.2,0.73104,1.3022
105.3,0.73064,1.3021
105.4,0.73023,1.302
105.5,0.72983,1.3019
105.6,0.72943,1.3018
105.7,0.72903,1.3016
105.8,0.72862,1.3015
105.9,0.72822,1.3014
106,0.72782,1.3012
106.1,0.72742,1.3011
106.2,0.72701,1.301
106.3,0.72661,1.3009
106.4,0.72621,1.3007
106.5,0.7258,1.3006
106.6,0.7254,1.3005
106.7,0.725,1.3004
106.8,0.7246,1.3002
106.9,0.72419,1.3001
107,0.72379,1.3
107.1,0.72339,1.2998
107.2,0.72298,1.2997
107.3,0.72258,1.2996
107.4,0.72218,1.2995
107.5,0.72178,1.2993
107.6,0.72137,1.2992
107.7,0.72097,1.2991
107.8,0.72057,1.2989
107.9,0.72017,1.2988
108,0.71976,1.2987
108.1,0.71936,1.2986
108.2,0.71896,1.2984
108.3,0.71855,1.2983
108.4,0.71815,1.2982
108.5,0.71775,1.298
108.6,0.71735,1.2979
108.7,0.71694,1.2978
108.8,0.71654,1.2976
108.9,0.71614,1.2975
109,0.71573,1.2974
109.1,0.71533,1.2972
109.2,0.71493,1.2971
109.3,0.71453,1.297
109.4,0.71412,1.2968
109.5,0.71372,1.2967
109.6,0.71332,1.2966
109.7,0.71291,1.2964
109.8,0.71251,1.2963
109.9,0.71211,1.2962
110,0.71171,1.296
110.1,0.7113,1.2959
110.2,0.7109,1.2958
110.3,0.7105,1.2956
110.4,0.7101,1.2955
110.5,0.70969,1.2953
110.6,0.70929,1.2952
110.7,0.70889,1.2951
110.8,0.70848,1.2949
110.9,0.70808,1.2948
111,0.70768,1.2947
111.1,0.70728,1.2945
111.2,0.70687,1.2944
111.3,0.70647,1.2942
111.4,0.70607,1.2941
111.5,0.70566,1.2939
111.6,0.70526,1.2938
111.7,0.70486,1.2937
111.8,0.70446,1.2935
111.9,0.70405,1.2934
112,0.70365,1.2932
112.1,0.70325,1.2931
112.2,0.70285,1.293
112.3,0.70244,1.2928
112.4,0.70204,1.2927
112.5,0.70164,1.2925
112.6,0.70123,1.2924
112.7,0.70083,1.2922
112.8,0.70043,1.2921
112.9,0.70003,1.292
113,0.69962,1.2918
113.1,0.69922,1.2917
113.2,0.69882,1.2915
113.3,0.69841,1.2914
113.4,0.69801,1.2912
113.5,0.69761,1.2911
113.6,0.69721,1.2909
113.7,0.6968,1.2908
113.8,0.6964,1.2906
113.9,0.696,1.2905
114,0.6956,1.2904
114.1,0.69519,1.2902
114.2,0.69479,1.2901
114.3,0.69438,1.2899
114.4,0.69398,1.2898
114.5,0.69358,1.2896
114.6,0.69317,1.2895
114.7,0.69277,1.2893
114.8,0.69237,1.2892
114.9,0.69196,1.289
115,0.69156,1.2889
115.1,0.69116,1.2887
115.2,0.69075,1.2886
115.3,0.69035,1.2884
115.4,0.68995,1.2883
115.5,0.68954,1.2881
115.6,0.68914,1.288
115.7,0.68873,1.2878
115.8,0.68833,1.2877
115.9,0.68793,1.2875
116,0.68752,1.2874
116.1,0.68712,1.2872
116.2,0.68672,1.2871
116.3,0.68631,1.2869
116.4,0.68591,1.2868
116.5,0.68551,1.2866
116.6,0.6851,1.2865
116.7,0.6847,1.2863
116.8,0.6843,1.2862
116.9,0.68389,1.286
117,0.68349,1.2859
117.1,0.68308,1.2857
117.2,0.68268,1.2856
117.3,0.68228,1.2854
117.4,0.68187,1.2853
117.5,0.68147,1.2851
117.6,0.68107,1.285
117.7,0.68066,1.2848
117.8,0.68026,1.2847
117.9,0.67986,1.2845
118,0.67945,1.2843
118.1,0.67905,1.2842
118.2,0.67865,1.284
118.3,0.67824,1.2839
118.4,0.67784,1.2837
118.5,0.67743,1.2836
118.6,0.67703,1.2834
118.7,0.67663,1.2833
118.8,0.67622,1.2831
118.9,0.67582,1.283
119,0.67542,1.2828
119.1,0.67501,1.2827
119.2,0.67461,1.2825
119.3,0.67421,1.2823
119.4,0.6738,1.2822
119.5,0.6734,1.282
119.6,0.673,1.2819
119.7,0.67259,1.2817
119.8,0.67219,1.2816
119.9,0.67178,1.2814
120,0.67138,1.2813
