0,0.0011999,0.00095994,0.00021
0.1,0.0012379,0.00096739,0.00022007
0.2,0.0013675,0.00098691,0.00025495
0.3,0.0016305,0.0010193,0.00033211
0.4,0.0020735,0.0010654,0.0004729
0.5,0.0027485,0.0011258,0.00070289
0.6,0.0037138,0.0012013,0.0010513
0.7,0.0050334,0.0012925,0.0015512
0.8,0.0067757,0.0014001,0.0022392
0.9,0.0090136,0.0015248,0.0031548
1,0.011825,0.0016675,0.004341
1.1,0.015291,0.0018287,0.0058437
1.2,0.019496,0.0020094,0.007712
1.3,0.02453,0.0022103,0.0099973
1.4,0.030482,0.0024322,0.012754
1.5,0.037446,0.002676,0.016038
1.6,0.045518,0.0029425,0.019908
1.7,0.054795,0.0032326,0.024426
1.8,0.065376,0.0035472,0.029654
1.9,0.077361,0.0038872,0.035654
2,0.09085,0.0042535,0.042495
2.1,0.10594,0.0046472,0.050244
2.2,0.12275,0.0050689,0.058971
2.3,0.14135,0.0055195,0.068741
2.4,0.16187,0.006,0.079631
2.5,0.1844,0.0065112,0.091713
2.6,0.20902,0.0070545,0.10506
2.7,0.23585,0.0076307,0.11973
2.8,0.26498,0.0082405,0.13582
2.9,0.29648,0.008885,0.1534
3,0.33047,0.0095649,0.17252
3.1,0.36701,0.010281,0.19328
3.2,0.4062,0.011036,0.21574
3.3,0.4481,0.011829,0.23998
3.4,0.4928,0.012661,0.26606
3.5,0.54036,0.013534,0.29406
3.6,0.59085,0.014449,0.32405
3.7,0.64433,0.015405,0.35609
3.8,0.70085,0.016406,0.39026
3.9,0.76046,0.017451,0.42661
4,0.82321,0.018542,0.46522
4.1,0.88912,0.019679,0.50614
4.2,0.95824,0.020863,0.54943
4.3,1.0306,0.022096,0.59516
4.4,1.1062,0.023379,0.64338
4.5,1.185,0.024712,0.69413
4.6,1.2672,0.026096,0.74747
4.7,1.3525,0.027533,0.80346
4.8,1.4412,0.029024,0.86212
4.9,1.5331,0.030568,0.92351
5,1.6282,0.032168,0.98766
5.1,1.7265,0.033825,1.0546
5.2,1.828,0.035539,1.1244
5.3,1.9326,0.037311,1.197
5.4,2.0403,0.039142,1.2725
5.5,2.151,0.041034,1.3509
5.6,2.2646,0.042988,1.4323
5.7,2.3812,0.045003,1.5165
5.8,2.5006,0.047082,1.6037
5.9,2.6228,0.049225,1.6939
6,2.7478,0.051434,1.787
6.1,2.8753,0.053709,1.8831
6.2,3.0053,0.056051,1.9821
6.3,3.1378,0.058462,2.084
6.4,3.2725,0.060941,2.1888
6.5,3.4095,0.063491,2.2965
6.6,3.5486,0.066113,2.4071
6.7,3.6898,0.068806,2.5206
6.8,3.8329,0.07157,2.637
6.9,3.9778,0.074408,2.7561
7,4.1244,0.077321,2.8779
7.1,4.2726,0.080309,3.0025
7.2,4.4223,0.083375,3.1297
7.3,4.5733,0.086518,3.2596
7.4,4.7256,0.08974,3.392
7.5,4.8791,0.093041,3.527
7.6,5.0336,0.096423,3.6645
7.7,5.189,0.099887,3.8044
7.8,5.3452,0.10343,3.9467
7.9,5.5021,0.10706,4.0912
8,5.6596,0.11078,4.238
8.1,5.8176,0.11458,4.3869
8.2,5.9759,0.11846,4.5378
8.3,6.1345,0.12244,4.6909
8.4,6.2933,0.1265,4.8459
8.5,6.4522,0.13065,5.0028
8.6,6.611,0.13488,5.1615
8.7,6.7698,0.1392,5.3219
8.8,6.9283,0.14362,5.4839
8.9,7.0865,0.14813,5.6475
9,7.2443,0.15273,5.8126
9.1,7.4017,0.15742,5.9791
9.2,7.5585,0.16221,6.147
9.3,7.7146,0.1671,6.3161
9.4,7.8701,0.17208,6.4864
9.5,8.0249,0.17716,6.6577
9.6,8.1787,0.18234,6.8301
9.7,8.3316,0.18761,7.0034
9.8,8.4836,0.19299,7.1775
9.9,8.6345,0.19847,7.3524
10,8.7843,0.20405,7.528
10.1,8.933,0.20973,7.7041
10.2,9.0805,0.21552,7.8808
10.3,9.2268,0.2214,8.058
10.4,9.3718,0.22739,8.2355
10.5,9.5155,0.23348,8.4134
10.6,9.6577,0.23967,8.5914
10.7,9.7986,0.24598,8.7696
10.8,9.9381,0.25239,8.9479
10.9,10.076,0.2589,9.1263
11,10.212,0.26553,9.3045
11.1,10.347,0.27226,9.4827
11.2,10.481,0.27911,9.6606
11.3,10.613,0.28607,9.8382
11.4,10.743,0.29314,10.015
11.5,10.871,0.30032,10.192
11.6,10.998,0.30762,10.369
11.7,11.124,0.31503,10.545
11.8,11.247,0.32255,10.72
11.9,11.369,0.3302,10.895
12,11.49,0.33795,11.069
12.1,11.608,0.34582,11.243
12.2,11.725,0.3538,11.416
12.3,11.841,0.36189,11.588
12.4,11.955,0.37011,11.759
12.5,12.067,0.37844,11.929
12.6,12.177,0.38689,12.098
12.7,12.286,0.39546,12.266
12.8,12.393,0.40415,12.433
12.9,12.498,0.41296,12.599
13,12.602,0.42189,12.764
13.1,12.704,0.43094,12.928
13.2,12.804,0.44012,13.091
13.3,12.903,0.44942,13.253
13.4,13.001,0.45885,13.413
13.5,13.097,0.4684,13.573
13.6,13.191,0.47808,13.73
13.7,13.284,0.48788,13.887
13.8,13.375,0.49781,14.042
13.9,13.464,0.50786,14.196
14,13.552,0.51803,14.349
14.1,13.639,0.52833,14.5
14.2,13.724,0.53876,14.65
14.3,13.808,0.54931,14.798
14.4,13.89,0.55999,14.946
14.5,13.971,0.5708,15.091
14.6,14.05,0.58174,15.236
14.7,14.126,0.5928,15.377
14.8,14.201,0.60399,15.516
14.9,14.273,0.61553,15.652
15,14.344,0.62741,15.786
15.1,14.412,0.63989,15.917
15.2,14.478,0.65354,16.045
15.3,14.542,0.66845,16.169
15.4,14.603,0.68462,16.29
15.5,14.662,0.70218,16.407
15.6,14.719,0.72128,16.521
15.7,14.773,0.74158,16.632
15.8,14.827,0.76324,16.741
15.9,14.878,0.78618,16.846
16,14.927,0.81026,16.946
16.1,14.973,0.83549,17.043
16.2,15.018,0.86185,17.136
16.3,15.06,0.88927,17.225
16.4,15.1,0.91773,17.31
16.5,15.137,0.94718,17.39
16.6,15.172,0.97768,17.469
16.7,15.205,1.0092,17.546
16.8,15.237,1.0416,17.619
16.9,15.269,1.075,17.689
17,15.3,1.1093,17.756
17.1,15.329,1.1445,17.821
17.2,15.357,1.1807,17.882
17.3,15.383,1.2178,17.942
17.4,15.408,1.2557,17.999
17.5,15.432,1.2945,18.054
17.6,15.454,1.3342,18.106
17.7,15.476,1.3748,18.157
17.8,15.496,1.4161,18.205
17.9,15.514,1.4583,18.253
18,15.532,1.5013,18.299
18.1,15.55,1.5452,18.344
18.2,15.567,1.5898,18.388
18.3,15.583,1.6351,18.431
18.4,15.599,1.6813,18.473
18.5,15.615,1.7282,18.513
18.6,15.629,1.7758,18.552
18.7,15.644,1.8241,18.589
18.8,15.658,1.8732,18.626
18.9,15.671,1.9229,18.662
19,15.685,1.9733,18.698
19.1,15.698,2.0244,18.733
19.2,15.711,2.0762,18.768
19.3,15.724,2.1286,18.802
19.4,15.736,2.1816,18.835
19.5,15.747,2.2353,18.867
19.6,15.759,2.2896,18.898
19.7,15.77,2.3444,18.929
19.8,15.781,2.3999,18.959
19.9,15.792,2.4559,18.988
20,15.803,2.5125,19.017
20.1,15.814,2.5696,19.045
20.2,15.825,2.6273,19.072
20.3,15.836,2.6855,19.099
20.4,15.848,2.7442,19.126
20.5,15.859,2.8034,19.151
20.6,15.869,2.8631,19.177
20.7,15.88,2.9232,19.202
20.8,15.89,2.9838,19.226
20.9,15.899,3.0449,19.249
21,15.909,3.1063,19.272
21.1,15.919,3.1682,19.294
21.2,15.929,3.2304,19.315
21.3,15.939,3.2931,19.337
21.4,15.949,3.3561,19.359
21.5,15.958,3.4194,19.38
21.6,15.968,3.4831,19.4
21.7,15.978,3.5471,19.42
21.8,15.988,3.6115,19.44
21.9,15.997,3.6761,19.459
22,16.006,3.7411,19.478
22.1,16.015,3.8063,19.496
22.2,16.024,3.8717,19.514
22.3,16.033,3.9375,19.532
22.4,16.042,4.0034,19.549
22.5,16.051,4.0696,19.566
22.6,16.059,4.136,19.583
22.7,16.068,4.2025,19.6
22.8,16.076,4.2692,19.617
22.9,16.085,4.3361,19.633
23,16.093,4.4031,19.649
23.1,16.102,4.4703,19.665
23.2,16.11,4.5375,19.68
23.3,16.118,4.6049,19.696
23.4,16.127,4.6723,19.711
23.5,16.135,4.7399,19.726
23.6,16.143,4.8075,19.741
23.7,16.151,4.8751,19.756
23.8,16.159,4.9428,19.77
23.9,16.167,5.0105,19.785
24,16.175,5.0782,19.799
24.1,16.183,5.1459,19.813
24.2,16.191,5.2136,19.827
24.3,16.198,5.2813,19.841
24.4,16.206,5.349,19.855
24.5,16.213,5.4166,19.869
24.6,16.221,5.4842,19.883
24.7,16.228,5.5517,19.897
24.8,16.236,5.6191,19.91
24.9,16.243,5.6864,19.924
25,16.25,5.7535,19.937
25.1,16.257,5.8206,19.951
25.2,16.264,5.8875,19.964
25.3,16.271,5.9543,19.977
25.4,16.278,6.0208,19.99
25.5,16.285,6.0872,20.003
25.6,16.292,6.1534,20.016
25.7,16.298,6.2199,20.029
25.8,16.305,6.2862,20.042
25.9,16.312,6.3524,20.054
26,16.319,6.4184,20.067
26.1,16.326,6.4842,20.08
26.2,16.333,6.5497,20.092
26.3,16.339,6.6151,20.105
26.4,16.346,6.6802,20.117
26.5,16.353,6.7451,20.13
26.6,16.36,6.8097,20.142
26.7,16.366,6.8741,20.154
26.8,16.373,6.9381,20.166
26.9,16.38,7.0019,20.178
27,16.386,7.0654,20.19
27.1,16.393,7.1285,20.202
27.2,16.399,7.1914,20.214
27.3,16.406,7.2539,20.226
27.4,16.412,7.316,20.238
27.5,16.419,7.3778,20.249
27.6,16.425,7.4393,20.261
27.7,16.431,7.5003,20.273
27.8,16.437,7.561,20.284
27.9,16.444,7.6212,20.296
28,16.45,7.6811,20.307
28.1,16.456,7.7405,20.318
28.2,16.462,7.7995,20.33
28.3,16.468,7.858,20.34
28.4,16.474,7.9161,20.35
28.5,16.48,7.9739,20.359
28.6,16.486,8.0313,20.368
28.7,16.492,8.0883,20.377
28.8,16.496,8.1448,20.385
28.9,16.501,8.2008,20.393
29,16.505,8.2563,20.401
29.1,16.509,8.3114,20.409
29.2,16.513,8.3659,20.416
29.3,16.516,8.4199,20.423
29.4,16.52,8.4733,20.429
29.5,16.524,8.5263,20.436
29.6,16.527,8.5786,20.441
29.7,16.53,8.6304,20.447
29.8,16.533,8.6816,20.452
29.9,16.536,8.7323,20.457
30,16.539,8.7823,20.461
30.1,16.542,8.8318,20.465
30.2,16.544,8.8806,20.469
30.3,16.547,8.9288,20.472
30.4,16.549,8.9764,20.475
30.5,16.551,9.0233,20.477
30.6,16.553,9.0696,20.479
30.7,16.555,9.1152,20.478
30.8,16.556,9.1601,20.475
30.9,16.558,9.2043,20.471
31,16.559,9.2479,20.465
31.1,16.561,9.2907,20.459
31.2,16.562,9.3328,20.451
31.3,16.563,9.3749,20.443
31.4,16.564,9.4169,20.432
31.5,16.565,9.4583,20.421
31.6,16.564,9.4991,20.408
31.7,16.564,9.5393,20.394
31.8,16.563,9.579,20.379
31.9,16.562,9.618,20.362
32,16.561,9.6565,20.343
32.1,16.56,9.6944,20.323
32.2,16.558,9.7317,20.302
32.3,16.556,9.7684,20.278
32.4,16.554,9.8045,20.254
32.5,16.552,9.84,20.229
32.6,16.55,9.8748,20.205
32.7,16.547,9.9091,20.179
32.8,16.544,9.9428,20.151
32.9,16.541,9.9759,20.123
33,16.538,10.008,20.093
33.1,16.535,10.04,20.062
33.2,16.531,10.071,20.03
33.3,16.527,10.102,19.996
33.4,16.523,10.132,19.961
33.5,16.519,10.163,19.924
33.6,16.515,10.194,19.887
33.7,16.51,10.224,19.848
33.8,16.505,10.254,19.807
33.9,16.5,10.284,19.765
34,16.495,10.313,19.722
34.1,16.49,10.342,19.677
34.2,16.484,10.371,19.631
34.3,16.478,10.399,19.586
34.4,16.472,10.427,19.54
34.5,16.467,10.455,19.493
34.6,16.462,10.482,19.446
34.7,16.456,10.51,19.398
34.8,16.45,10.537,19.348
34.9,16.444,10.563,19.298
35,16.438,10.59,19.247
35.1,16.432,10.616,19.195
35.2,16.426,10.643,19.142
35.3,16.42,10.669,19.089
35.4,16.413,10.694,19.034
35.5,16.407,10.72,18.979
35.6,16.4,10.746,18.923
35.7,16.393,10.771,18.866
35.8,16.386,10.796,18.809
35.9,16.379,10.821,18.75
36,16.372,10.846,18.691
36.1,16.365,10.871,18.631
36.2,16.357,10.896,18.571
36.3,16.35,10.92,18.51
36.4,16.342,10.945,18.448
36.5,16.335,10.969,18.386
36.6,16.327,10.994,18.323
36.7,16.319,11.018,18.26
36.8,16.311,11.043,18.195
36.9,16.303,11.067,18.131
37,16.295,11.09,18.065
37.1,16.287,11.114,18
37.2,16.279,11.137,17.933
37.3,16.27,11.16,17.866
37.4,16.262,11.183,17.799
37.5,16.253,11.206,17.731
37.6,16.245,11.229,17.663
37.7,16.236,11.252,17.594
37.8,16.228,11.274,17.525
37.9,16.219,11.297,17.455
38,16.211,11.319,17.383
38.1,16.202,11.341,17.311
38.2,16.194,11.364,17.239
38.3,16.185,11.386,17.166
38.4,16.176,11.408,17.092
38.5,16.168,11.43,17.018
38.6,16.159,11.451,16.943
38.7,16.15,11.473,16.868
38.8,16.141,11.494,16.792
38.9,16.132,11.515,16.716
39,16.124,11.536,16.639
39.1,16.115,11.557,16.561
39.2,16.106,11.578,16.483
39.3,16.097,11.598,16.405
39.4,16.088,11.619,16.326
39.5,16.079,11.639,16.246
39.6,16.07,11.659,16.166
39.7,16.062,11.679,16.085
39.8,16.053,11.699,16.004
39.9,16.044,11.719,15.921
40,16.035,11.739,15.838
40.1,16.026,11.758,15.755
40.2,16.017,11.777,15.67
40.3,16.008,11.796,15.585
40.4,16,11.815,15.5
40.5,15.991,11.834,15.414
40.6,15.982,11.853,15.327
40.7,15.973,11.872,15.24
40.8,15.965,11.89,15.152
40.9,15.956,11.909,15.064
41,15.947,11.927,14.975
41.1,15.937,11.945,14.885
41.2,15.928,11.963,14.795
41.3,15.919,11.981,14.704
41.4,15.909,11.998,14.612
41.5,15.9,12.016,14.52
41.6,15.891,12.033,14.428
41.7,15.881,12.051,14.334
41.8,15.872,12.068,14.241
41.9,15.862,12.085,14.147
42,15.853,12.102,14.053
42.1,15.843,12.118,13.958
42.2,15.834,12.135,13.862
42.3,15.824,12.151,13.766
42.4,15.815,12.166,13.669
42.5,15.805,12.182,13.572
42.6,15.795,12.197,13.474
42.7,15.786,12.213,13.376
42.8,15.776,12.228,13.277
42.9,15.767,12.243,13.178
43,15.757,12.258,13.078
43.1,15.747,12.272,12.977
43.2,15.738,12.287,12.876
43.3,15.728,12.301,12.775
43.4,15.718,12.315,12.673
43.5,15.709,12.329,12.57
43.6,15.699,12.343,12.467
43.7,15.689,12.357,12.363
43.8,15.68,12.37,12.258
43.9,15.67,12.384,12.154
44,15.661,12.397,12.05
44.1,15.651,12.41,11.944
44.2,15.641,12.423,11.839
44.3,15.632,12.435,11.733
44.4,15.623,12.448,11.627
44.5,15.614,12.46,11.52
44.6,15.605,12.472,11.413
44.7,15.596,12.484,11.305
44.8,15.587,12.496,11.199
44.9,15.578,12.508,11.097
45,15.569,12.519,10.996
45.1,15.561,12.531,10.896
45.2,15.552,12.542,10.797
45.3,15.543,12.553,10.7
45.4,15.535,12.563,10.607
45.5,15.526,12.57,10.518
45.6,15.518,12.577,10.432
45.7,15.51,12.583,10.349
45.8,15.501,12.588,10.269
45.9,15.493,12.592,10.191
46,15.485,12.595,10.117
46.1,15.477,12.598,10.046
46.2,15.469,12.6,9.9774
46.3,15.461,12.601,9.9122
46.4,15.453,12.601,9.8499
46.5,15.446,12.6,9.7906
46.6,15.438,12.598,9.7331
46.7,15.431,12.596,9.6778
46.8,15.423,12.593,9.6251
46.9,15.416,12.589,9.5749
47,15.409,12.584,9.5272
47.1,15.402,12.579,9.4821
47.2,15.395,12.574,9.4371
47.3,15.388,12.568,9.394
47.4,15.381,12.562,9.3529
47.5,15.374,12.555,9.3138
47.6,15.367,12.547,9.2766
47.7,15.36,12.539,9.2414
47.8,15.353,12.53,9.2082
47.9,15.346,12.522,9.1761
48,15.34,12.513,9.1443
48.1,15.333,12.504,9.114
48.2,15.326,12.494,9.0851
48.3,15.32,12.485,9.0577
48.4,15.313,12.474,9.0317
48.5,15.307,12.464,9.0071
48.6,15.3,12.453,8.9839
48.7,15.294,12.441,8.9609
48.8,15.288,12.43,8.9386
48.9,15.282,12.418,8.9173
49,15.276,12.405,8.897
49.1,15.27,12.393,8.8778
49.2,15.264,12.38,8.8596
49.3,15.258,12.367,8.8424
49.4,15.253,12.354,8.8261
49.5,15.247,12.341,8.8096
49.6,15.241,12.328,8.7939
49.7,15.236,12.315,8.7789
49.8,15.231,12.302,8.7647
49.9,15.225,12.289,8.7512
50,15.22,12.275,8.7384
50.1,15.215,12.262,8.7264
50.2,15.21,12.249,8.7149
50.3,15.205,12.236,8.7037
50.4,15.2,12.223,8.693
50.5,15.195,12.21,8.6828
50.6,15.191,12.197,8.673
50.7,15.186,12.185,8.6636
50.8,15.181,12.17,8.6547
50.9,15.175,12.156,8.646
51,15.17,12.141,8.6377
51.1,15.164,12.127,8.6297
51.2,15.159,12.112,8.622
51.3,15.153,12.097,8.6149
51.4,15.148,12.082,8.608
51.5,15.142,12.068,8.6015
51.6,15.137,12.053,8.5952
51.7,15.132,12.038,8.5892
51.8,15.126,12.023,8.5834
51.9,15.121,12.009,8.5778
52,15.116,11.994,8.5724
52.1,15.11,11.979,8.5672
52.2,15.105,11.964,8.5621
52.3,15.1,11.95,8.5574
52.4,15.095,11.935,8.5529
52.5,15.089,11.92,8.5487
52.6,15.084,11.906,8.5446
52.7,15.079,11.892,8.5406
52.8,15.074,11.877,8.5368
52.9,15.069,11.861,8.5332
53,15.064,11.846,8.5296
53.1,15.059,11.83,8.5262
53.2,15.054,11.814,8.5229
53.3,15.049,11.798,8.5197
53.4,15.044,11.782,8.5167
53.5,15.039,11.766,8.5139
53.6,15.034,11.75,8.5112
53.7,15.029,11.734,8.5086
53.8,15.024,11.718,8.5061
53.9,15.019,11.701,8.5036
54,15.014,11.685,8.5013
54.1,15.009,11.668,8.4991
54.2,15.005,11.651,8.4969
54.3,15,11.635,8.4948
54.4,14.995,11.618,8.4928
54.5,14.99,11.601,8.4909
54.6,14.985,11.584,8.4891
54.7,14.98,11.567,8.4874
54.8,14.975,11.55,8.4858
54.9,14.97,11.533,8.4842
55,14.964,11.515,8.4827
55.1,14.959,11.497,8.4812
55.2,14.954,11.48,8.4798
55.3,14.948,11.462,8.4784
55.4,14.943,11.444,8.4772
55.5,14.938,11.425,8.476
55.6,14.933,11.407,8.475
55.7,14.927,11.389,8.4739
55.8,14.922,11.37,8.4729
55.9,14.917,11.352,8.472
56,14.911,11.333,8.4711
56.1,14.906,11.314,8.4703
56.2,14.901,11.295,8.4695
56.3,14.895,11.275,8.4687
56.4,14.89,11.256,8.4679
56.5,14.885,11.237,8.4672
56.6,14.879,11.217,8.4665
56.7,14.874,11.197,8.4658
56.8,14.869,11.177,8.4651
56.9,14.863,11.157,8.4645
57,14.858,11.137,8.4638
57.1,14.852,11.117,8.4632
57.2,14.847,11.097,8.4625
57.3,14.842,11.076,8.4619
57.4,14.836,11.056,8.4614
57.5,14.831,11.035,8.4609
57.6,14.826,11.014,8.4605
57.7,14.82,10.993,8.4601
57.8,14.815,10.972,8.4597
57.9,14.809,10.951,8.4594
58,14.804,10.93,8.459
58.1,14.798,10.908,8.4587
58.2,14.793,10.887,8.4583
58.3,14.788,10.865,8.458
58.4,14.782,10.843,8.4577
58.5,14.777,10.821,8.4574
58.6,14.772,10.799,8.4571
58.7,14.767,10.777,8.4568
58.8,14.762,10.754,8.4564
58.9,14.757,10.732,8.4561
59,14.752,10.709,8.4558
59.1,14.747,10.686,8.4554
59.2,14.742,10.663,8.4551
59.3,14.737,10.64,8.4547
59.4,14.732,10.617,8.4542
59.5,14.727,10.594,8.4536
59.6,14.722,10.571,8.4529
59.7,14.717,10.547,8.4522
59.8,14.712,10.523,8.4515
59.9,14.707,10.501,8.4506
60,14.702,10.481,8.4497
60.1,14.697,10.461,8.4488
60.2,14.692,10.441,8.4478
60.3,14.687,10.423,8.4467
60.4,14.682,10.404,8.4455
60.5,14.677,10.387,8.4442
60.6,14.672,10.369,8.4429
60.7,14.667,10.353,8.4415
60.8,14.662,10.338,8.44
60.9,14.657,10.324,8.4384
61,14.653,10.311,8.4367
61.1,14.648,10.298,8.4349
61.2,14.643,10.287,8.433
61.3,14.638,10.276,8.431
61.4,14.633,10.266,8.429
61.5,14.628,10.256,8.427
61.6,14.624,10.247,8.4249
61.7,14.619,10.238,8.4226
61.8,14.614,10.23,8.4203
61.9,14.609,10.223,8.4179
62,14.605,10.216,8.4153
62.1,14.6,10.209,8.4127
62.2,14.595,10.204,8.41
62.3,14.591,10.199,8.4072
62.4,14.586,10.193,8.4042
62.5,14.582,10.187,8.4011
62.6,14.578,10.182,8.398
62.7,14.573,10.177,8.3947
62.8,14.569,10.173,8.3913
62.9,14.565,10.168,8.3877
63,14.56,10.165,8.3841
63.1,14.556,10.161,8.3803
63.2,14.552,10.158,8.3764
63.3,14.547,10.155,8.3724
63.4,14.543,10.153,8.3687
63.5,14.539,10.151,8.3649
63.6,14.535,10.148,8.361
63.7,14.531,10.146,8.3571
63.8,14.527,10.143,8.3531
63.9,14.523,10.141,8.349
64,14.519,10.138,8.3449
64.1,14.515,10.136,8.3407
64.2,14.511,10.134,8.3365
64.3,14.507,10.133,8.3322
64.4,14.503,10.131,8.3278
64.5,14.499,10.13,8.3234
64.6,14.495,10.128,8.3189
64.7,14.491,10.127,8.3143
64.8,14.487,10.126,8.3097
64.9,14.483,10.124,8.305
65,14.479,10.123,8.3003
65.1,14.476,10.121,8.2955
65.2,14.472,10.12,8.2907
65.3,14.468,10.118,8.2859
65.4,14.464,10.117,8.2815
65.5,14.461,10.116,8.277
65.6,14.457,10.115,8.2725
65.7,14.453,10.114,8.268
65.8,14.45,10.113,8.2635
65.9,14.446,10.112,8.2589
66,14.442,10.11,8.2543
66.1,14.438,10.109,8.2496
66.2,14.434,10.108,8.245
66.3,14.43,10.107,8.2403
66.4,14.426,10.106,8.2356
66.5,14.423,10.105,8.2308
66.6,14.419,10.104,8.226
66.7,14.415,10.102,8.2212
66.8,14.411,10.101,8.2164
66.9,14.407,10.1,8.2115
67,14.403,10.099,8.2066
67.1,14.399,10.098,8.2017
67.2,14.395,10.097,8.1967
67.3,14.392,10.096,8.1917
67.4,14.388,10.095,8.1867
67.5,14.384,10.094,8.1817
67.6,14.38,10.093,8.1766
67.7,14.376,10.092,8.1715
67.8,14.372,10.091,8.1663
67.9,14.369,10.09,8.1612
68,14.365,10.089,8.156
68.1,14.361,10.088,8.1508
68.2,14.357,10.087,8.1455
68.3,14.354,10.085,8.1404
68.4,14.35,10.084,8.1354
68.5,14.346,10.083,8.1304
68.6,14.342,10.082,8.1254
68.7,14.339,10.081,8.1204
68.8,14.335,10.08,8.1154
68.9,14.331,10.079,8.1104
69,14.328,10.078,8.1054
69.1,14.324,10.077,8.1003
69.2,14.32,10.076,8.0953
69.3,14.317,10.075,8.0902
69.4,14.313,10.074,8.0852
69.5,14.309,10.073,8.0801
69.6,14.306,10.072,8.075
69.7,14.302,10.071,8.0699
69.8,14.298,10.07,8.0648
69.9,14.295,10.068,8.0597
70,14.291,10.067,8.0546
70.1,14.288,10.066,8.0495
70.2,14.284,10.065,8.0444
70.3,14.28,10.064,8.0392
70.4,14.277,10.063,8.0341
70.5,14.273,10.062,8.0289
70.6,14.27,10.061,8.0238
70.7,14.266,10.06,8.0186
70.8,14.263,10.059,8.0134
70.9,14.259,10.058,8.0082
71,14.256,10.057,8.003
71.1,14.252,10.056,7.9978
71.2,14.249,10.055,7.9926
71.3,14.245,10.054,7.9875
71.4,14.242,10.053,7.9824
71.5,14.238,10.052,7.9772
71.6,14.235,10.05,7.9721
71.7,14.231,10.049,7.967
71.8,14.228,10.048,7.9619
71.9,14.224,10.047,7.9568
72,14.221,10.046,7.9517
72.1,14.217,10.045,7.9466
72.2,14.214,10.044,7.9414
72.3,14.211,10.043,7.9363
72.4,14.207,10.042,7.9312
72.5,14.204,10.041,7.9261
72.6,14.2,10.04,7.921
72.7,14.197,10.039,7.9158
72.8,14.193,10.038,7.9107
72.9,14.189,10.037,7.9056
73,14.186,10.036,7.9005
73.1,14.182,10.035,7.8953
73.2,14.179,10.034,7.8902
73.3,14.175,10.033,7.8851
73.4,14.171,10.032,7.8799
73.5,14.168,10.03,7.8748
73.6,14.164,10.029,7.8697
73.7,14.16,10.028,7.8646
73.8,14.157,10.027,7.8594
73.9,14.153,10.026,7.8543
74,14.149,10.025,7.8491
74.1,14.146,10.024,7.844
74.2,14.142,10.023,7.8389
74.3,14.138,10.022,7.8338
74.4,14.135,10.021,7.8286
74.5,14.131,10.02,7.8235
74.6,14.127,10.019,7.8184
74.7,14.124,10.018,7.8133
74.8,14.12,10.017,7.8082
74.9,14.116,10.016,7.8031
75,14.113,10.015,7.798
75.1,14.109,10.014,7.7929
75.2,14.105,10.013,7.7877
75.3,14.102,10.011,7.7826
75.4,14.098,10.01,7.7775
75.5,14.094,10.009,7.7724
75.6,14.09,10.008,7.7673
75.7,14.087,10.007,7.7622
75.8,14.083,10.006,7.7571
75.9,14.079,10.005,7.752
76,14.075,10.004,7.7469
76.1,14.071,10.003,7.7418
76.2,14.068,10.002,7.7367
76.3,14.064,10.001,7.7316
76.4,14.06,9.9998,7.7265
76.5,14.056,9.9988,7.7213
76.6,14.052,9.9977,7.7162
76.7,14.049,9.9967,7.7111
76.8,14.045,9.9956,7.706
76.9,14.041,9.9946,7.7009
77,14.037,9.9935,7.6958
77.1,14.033,9.9924,7.6907
77.2,14.029,9.9914,7.6856
77.3,14.025,9.9903,7.6806
77.4,14.021,9.9893,7.6755
77.5,14.017,9.9882,7.6704
77.6,14.013,9.9871,7.6654
77.7,14.01,9.986,7.6603
77.8,14.006,9.985,7.6552
77.9,14.002,9.9839,7.6501
78,13.998,9.9828,7.6451
78.1,13.994,9.9817,7.64
78.2,13.99,9.9807,7.6349
78.3,13.986,9.9796,7.6299
78.4,13.982,9.9785,7.6248
78.5,13.977,9.9774,7.6197
78.6,13.973,9.9764,7.6147
78.7,13.969,9.9753,7.6096
78.8,13.965,9.9742,7.6045
78.9,13.961,9.9731,7.5994
79,13.957,9.9721,7.5944
79.1,13.953,9.971,7.5893
79.2,13.949,9.9699,7.5842
79.3,13.945,9.9688,7.5792
79.4,13.941,9.9678,7.5741
79.5,13.937,9.9667,7.569
79.6,13.933,9.9656,7.5639
79.7,13.929,9.9645,7.5589
79.8,13.925,9.9635,7.5538
79.9,13.921,9.9624,7.5487
80,13.917,9.9613,7.5437
80.1,13.913,9.9602,7.5386
80.2,13.909,9.9592,7.5335
80.3,13.905,9.9581,7.5285
80.4,13.901,9.957,7.5234
80.5,13.897,9.9559,7.5183
80.6,13.893,9.9549,7.5132
80.7,13.889,9.9538,7.5082
80.8,13.885,9.9527,7.5031
80.9,13.881,9.9517,7.498
81,13.877,9.9506,7.493
81.1,13.873,9.9495,7.4879
81.2,13.869,9.9484,7.4828
81.3,13.865,9.9474,7.4778
81.4,13.861,9.9463,7.4727
81.5,13.857,9.9452,7.4676
81.6,13.852,9.9441,7.4625
81.7,13.848,9.9431,7.4575
81.8,13.844,9.942,7.4524
81.9,13.84,9.9409,7.4473
82,13.836,9.9398,7.4423
82.1,13.832,9.9388,7.4372
82.2,13.828,9.9377,7.4321
82.3,13.824,9.9366,7.427
82.4,13.819,9.9355,7.422
82.5,13.815,9.9345,7.4169
82.6,13.811,9.9334,7.4118
82.7,13.807,9.9323,7.4068
82.8,13.803,9.9312,7.4017
82.9,13.799,9.9302,7.3966
83,13.794,9.9291,7.3916
83.1,13.79,9.928,7.3865
83.2,13.786,9.9269,7.3814
83.3,13.782,9.9259,7.3763
83.4,13.777,9.9248,7.3713
83.5,13.773,9.9237,7.3662
83.6,13.769,9.9226,7.3611
83.7,13.765,9.9216,7.3561
83.8,13.76,9.9205,7.351
83.9,13.756,9.9194,7.3459
84,13.752,9.9183,7.3408
84.1,13.748,9.9173,7.3358
84.2,13.743,9.9162,7.3307
84.3,13.739,9.9151,7.3256
84.4,13.735,9.914,7.3206
84.5,13.73,9.913,7.3155
84.6,13.726,9.9119,7.3104
84.7,13.722,9.9108,7.3054
84.8,13.717,9.9097,7.3003
84.9,13.713,9.9087,7.2952
85,13.709,9.9076,7.2901
85.1,13.704,9.9065,7.2851
85.2,13.7,9.9054,7.28
85.3,13.696,9.9044,7.2749
85.4,13.691,9.9033,7.2699
85.5,13.687,9.9022,7.2648
85.6,13.682,9.9011,7.2597
85.7,13.678,9.9001,7.2546
85.8,13.674,9.899,7.2496
85.9,13.669,9.8979,7.2445
86,13.665,9.8968,7.2394
86.1,13.661,9.8958,7.2344
86.2,13.656,9.8947,7.2293
86.3,13.652,9.8936,7.2242
86.4,13.648,9.8925,7.2192
86.5,13.643,9.8915,7.2141
86.6,13.639,9.8904,7.209
86.7,13.635,9.8893,7.2039
86.8,13.63,9.8882,7.1989
86.9,13.626,9.8872,7.1938
87,13.622,9.8861,7.1887
87.1,13.617,9.885,7.1837
87.2,13.613,9.8839,7.1786
87.3,13.609,9.8829,7.1735
87.4,13.604,9.8818,7.1685
87.5,13.6,9.8807,7.1634
87.6,13.595,9.8796,7.1583
87.7,13.591,9.8786,7.1532
87.8,13.587,9.8775,7.1482
87.9,13.582,9.8764,7.1431
88,13.578,9.8753,7.138
88.1,13.573,9.8743,7.133
88.2,13.569,9.8732,7.1279
88.3,13.565,9.8721,7.1228
88.4,13.56,9.871,7.1177
88.5,13.556,9.87,7.1127
88.6,13.551,9.8689,7.1076
88.7,13.547,9.8678,7.1025
88.8,13.543,9.8667,7.0975
88.9,13.538,9.8657,7.0924
89,13.534,9.8646,7.0873
89.1,13.529,9.8635,7.0823
89.2,13.525,9.8625,7.0772
89.3,13.521,9.8614,7.0722
89.4,13.516,9.8603,7.0672
89.5,13.512,9.8592,7.0622
89.6,13.507,9.8581,7.0572
89.7,13.503,9.857,7.0522
89.8,13.498,9.8559,7.0472
89.9,13.494,9.8548,7.0422
90,13.489,9.8537,7.0372
90.1,13.485,9.8526,7.0322
90.2,13.481,9.8515,7.0272
90.3,13.476,9.8504,7.0222
90.4,13.472,9.8493,7.0172
90.5,13.467,9.8482,7.0122
90.6,13.463,9.8471,7.0072
90.7,13.458,9.846,7.0022
90.8,13.454,9.8449,6.9972
90.9,13.449,9.8438,6.9922
91,13.445,9.8427,6.9872
91.1,13.44,9.8416,6.9822
91.2,13.436,9.8405,6.9772
91.3,13.431,9.8394,6.9722
91.4,13.427,9.8383,6.9672
91.5,13.422,9.8372,6.9622
91.6,13.418,9.8361,6.9572
91.7,13.413,9.835,6.9522
91.8,13.409,9.8339,6.9472
91.9,13.404,9.8328,6.9422
92,13.4,9.8317,6.9372
92.1,13.395,9.8306,6.9322
92.2,13.391,9.8295,6.9272
92.3,13.386,9.8284,6.9222
92.4,13.382,9.8273,6.9172
92.5,13.377,9.8262,6.9122
92.6,13.373,9.8251,6.9072
92.7,13.368,9.824,6.9022
92.8,13.364,9.8229,6.8972
92.9,13.359,9.8218,6.8922
93,13.355,9.8207,6.8872
93.1,13.35,9.8195,6.8822
93.2,13.345,9.8184,6.8772
93.3,13.341,9.8173,6.8722
93.4,13.336,9.8162,6.8672
93.5,13.332,9.8151,6.8622
93.6,13.327,9.814,6.8573
93.7,13.323,9.8129,6.8523
93.8,13.318,9.8118,6.8473
93.9,13.313,9.8107,6.8423
94,13.309,9.8096,6.8373
94.1,13.304,9.8085,6.8323
94.2,13.3,9.8074,6.8273
94.3,13.295,9.8063,6.8223
94.4,13.29,9.8052,6.8173
94.5,13.286,9.8041,6.8123
94.6,13.281,9.803,6.8073
94.7,13.277,9.8019,6.8023
94.8,13.272,9.8008,6.7973
94.9,13.267,9.7997,6.7923
95,13.263,9.7986,6.7873
95.1,13.258,9.7975,6.7823
95.2,13.253,9.7964,6.7773
95.3,13.249,9.7953,6.7723
95.4,13.244,9.7942,6.7673
95.5,13.239,9.7931,6.7623
95.6,13.235,9.792,6.7573
95.7,13.23,9.7909,6.7523
95.8,13.226,9.7898,6.7473
95.9,13.221,9.7887,6.7423
96,13.216,9.7876,6.7373
96.1,13.212,9.7865,6.7323
96.2,13.207,9.7854,6.7273
96.3,13.202,9.7843,6.7223
96.4,13.198,9.7832,6.7173
96.5,13.193,9.7821,6.7123
96.6,13.188,9.781,6.7073
96.7,13.184,9.7799,6.7023
96.8,13.179,9.7788,6.6973
96.9,13.174,9.7777,6.6923
97,13.17,9.7766,6.6873
97.1,13.165,9.7755,6.6823
97.2,13.16,9.7744,6.6773
97.3,13.155,9.7733,6.6723
97.4,13.151,9.7722,6.6673
97.5,13.146,9.7711,6.6623
97.6,13.141,9.77,6.6573
97.7,13.137,9.7689,6.6523
97.8,13.132,9.7678,6.6473
97.9,13.127,9.7667,6.6423
98,13.123,9.7656,6.6373
98.1,13.118,9.7645,6.6323
98.2,13.113,9.7634,6.6273
98.3,13.108,9.7623,6.6223
98.4,13.104,9.7612,6.6173
98.5,13.099,9.7601,6.6123
98.6,13.094,9.759,6.6073
98.7,13.089,9.7579,6.6023
98.8,13.085,9.7568,6.5973
98.9,13.08,9.7557,6.5923
99,13.075,9.7546,6.5873
99.1,13.07,9.7535,6.5823
99.2,13.065,9.7524,6.5773
99.3,13.061,9.7513,6.5723
99.4,13.056,9.7502,6.5673
99.5,13.051,9.7491,6.5623
99.6,13.046,9.748,6.5573
99.7,13.041,9.7469,6.5523
99.8,13.036,9.7458,6.5473
99.9,13.032,9.7447,6.5423
100,13.027,9.7436,6.5373
100.1,13.022,9.7425,6.5323
100.2,13.017,9.7414,6.5273
100.3,13.012,9.7403,6.5223
100.4,13.007,9.7392,6.5173
100.5,13.003,9.7381,6.5123
100.6,12.998,9.737,6.5073
100.7,12.993,9.7359,6.5023
100.8,12.988,9.7348,6.4973
100.9,12.983,9.7337,6.4923
101,12.978,9.7326,6.4873
101.1,12.973,9.7315,6.4823
101.2,12.968,9.7304,6.4774
101.3,12.963,9.7293,6.4725
101.4,12.959,9.7281,6.4676
101.5,12.954,9.727,6.4627
101.6,12.949,9.7259,6.4578
101.7,12.944,9.7248,6.4529
101.8,12.939,9.7236,6.448
101.9,12.934,9.7225,6.4431
102,12.929,9.7214,6.4382
102.1,12.924,9.7202,6.4333
102.2,12.919,9.7191,6.4284
102.3,12.914,9.718,6.4235
102.4,12.909,9.7169,6.4186
102.5,12.904,9.7157,6.4137
102.6,12.899,9.7146,6.4088
102.7,12.895,9.7135,6.4039
102.8,12.89,9.7123,6.399
102.9,12.885,9.7112,6.3942
103,12.88,9.7101,6.3893
103.1,12.875,9.709,6.3844
103.2,12.87,9.7078,6.3795
103.3,12.865,9.7067,6.3746
103.4,12.86,9.7056,6.3697
103.5,12.855,9.7044,6.3648
103.6,12.85,9.7033,6.3599
103.7,12.845,9.7022,6.355
103.8,12.84,9.7011,6.3501
103.9,12.835,9.6999,6.3452
104,12.83,9.6988,6.3403
104.1,12.825,9.6977,6.3354
104.2,12.82,9.6965,6.3305
104.3,12.815,9.6954,6.3256
104.4,12.81,9.6943,6.3207
104.5,12.805,9.6932,6.3158
104.6,12.8,9.692,6.3109
104.7,12.795,9.6909,6.306
104.8,12.79,9.6898,6.3011
104.9,12.785,9.6886,6.2963
105,12.779,9.6875,6.2914
105.1,12.774,9.6864,6.2865
105.2,12.769,9.6853,6.2816
105.3,12.764,9.6841,6.2767
105.4,12.759,9.683,6.2718
105.5,12.754,9.6819,6.2669
105.6,12.749,9.6807,6.262
105.7,12.744,9.6796,6.2571
105.8,12.739,9.6785,6.2522
105.9,12.734,9.6774,6.2473
106,12.729,9.6762,6.2424
106.1,12.724,9.6751,6.2375
106.2,12.719,9.674,6.2326
106.3,12.713,9.6728,6.2277
106.4,12.708,9.6717,6.2228
106.5,12.703,9.6706,6.2179
106.6,12.698,9.6695,6.213
106.7,12.693,9.6683,6.2081
106.8,12.688,9.6672,6.2032
106.9,12.683,9.6661,6.1984
107,12.678,9.6649,6.1935
107.1,12.673,9.6638,6.1886
107.2,12.667,9.6627,6.1837
107.3,12.662,9.6616,6.1788
107.4,12.657,9.6604,6.1739
107.5,12.652,9.6593,6.169
107.6,12.647,9.6582,6.1641
107.7,12.642,9.657,6.1592
107.8,12.636,9.6559,6.1543
107.9,12.631,9.6548,6.1494
108,12.626,9.6537,6.1445
108.1,12.621,9.6525,6.1396
108.2,12.616,9.6514,6.1347
108.3,12.611,9.6503,6.1298
108.4,12.605,9.6491,6.1249
108.5,12.6,9.648,6.12
108.6,12.595,9.6469,6.1151
108.7,12.59,9.6458,6.1102
108.8,12.585,9.6446,6.1053
108.9,12.579,9.6435,6.1005
109,12.574,9.6424,6.0956
109.1,12.569,9.6412,6.0907
109.2,12.564,9.6401,6.0858
109.3,12.559,9.639,6.0809
109.4,12.553,9.6379,6.076
109.5,12.548,9.6367,6.0711
109.6,12.543,9.6356,6.0662
109.7,12.538,9.6345,6.0613
109.8,12.532,9.6333,6.0564
109.9,12.527,9.6322,6.0515
110,12.522,9.6311,6.0466
110.1,12.517,9.63,6.0417
110.2,12.511,9.6288,6.0368
110.3,12.506,9.6277,6.0319
110.4,12.501,9.6266,6.027
110.5,12.496,9.6254,6.0221
110.6,12.49,9.6243,6.0172
110.7,12.485,9.6232,6.0123
110.8,12.48,9.6221,6.0074
110.9,12.474,9.6209,6.0026
111,12.469,9.6198,5.9977
111.1,12.464,9.6187,5.9928
111.2,12.458,9.6175,5.9879
111.3,12.453,9.6164,5.983
111.4,12.448,9.6153,5.9781
111.5,12.442,9.6142,5.9732
111.6,12.437,9.613,5.9683
111.7,12.432,9.6119,5.9634
111.8,12.426,9.6108,5.9585
111.9,12.421,9.6096,5.9536
112,12.416,9.6085,5.9487
112.1,12.41,9.6074,5.9438
112.2,12.405,9.6063,5.9389
112.3,12.4,9.6051,5.934
112.4,12.394,9.604,5.9291
112.5,12.389,9.6029,5.9242
112.6,12.383,9.6017,5.9193
112.7,12.378,9.6006,5.9144
112.8,12.373,9.5995,5.9096
112.9,12.367,9.5984,5.9047
113,12.362,9.5972,5.8998
113.1,12.356,9.5961,5.8949
113.2,12.351,9.595,5.89
113.3,12.346,9.5938,5.8852
113.4,12.34,9.5927,5.8803
113.5,12.335,9.5916,5.8755
113.6,12.329,9.5904,5.8706
113.7,12.324,9.5893,5.8658
113.8,12.318,9.5881,5.861
113.9,12.313,9.587,5.8561
114,12.308,9.5858,5.8513
114.1,12.302,9.5847,5.8465
114.2,12.297,9.5836,5.8417
114.3,12.291,9.5824,5.8368
114.4,12.286,9.5813,5.832
114.5,12.28,9.5801,5.8272
114.6,12.275,9.579,5.8224
114.7,12.269,9.5778,5.8175
114.8,12.264,9.5767,5.8127
114.9,12.258,9.5756,5.8079
115,12.253,9.5744,5.8031
115.1,12.247,9.5733,5.7982
115.2,12.242,9.5721,5.7934
115.3,12.236,9.571,5.7886
115.4,12.231,9.5698,5.7838
115.5,12.225,9.5687,5.779
115.6,12.22,9.5675,5.7742
115.7,12.214,9.5664,5.7694
115.8,12.209,9.5652,5.7645
115.9,12.203,9.5641,5.7597
116,12.198,9.5629,5.7549
116.1,12.192,9.5618,5.7501
116.2,12.187,9.5606,5.7453
116.3,12.181,9.5595,5.7405
116.4,12.175,9.5584,5.7357
116.5,12.17,9.5572,5.7309
116.6,12.164,9.5561,5.7261
116.7,12.159,9.5549,5.7213
116.8,12.153,9.5538,5.7165
116.9,12.148,9.5526,5.7117
117,12.142,9.5515,5.7069
117.1,12.136,9.5503,5.7021
117.2,12.131,9.5492,5.6973
117.3,12.125,9.548,5.6925
117.4,12.12,9.5469,5.6877
117.5,12.114,9.5457,5.6829
117.6,12.108,9.5446,5.6781
117.7,12.103,9.5434,5.6733
117.8,12.097,9.5423,5.6685
117.9,12.092,9.5411,5.6637
118,12.086,9.54,5.6589
118.1,12.08,9.5388,5.6541
118.2,12.075,9.5376,5.6493
118.3,12.069,9.5365,5.6446
118.4,12.063,9.5353,5.6398
118.5,12.058,9.5342,5.635
118.6,12.052,9.533,5.6302
118.7,12.046,9.5319,5.6254
118.8,12.041,9.5307,5.6206
118.9,12.035,9.5296,5.6158
119,12.029,9.5284,5.6111
119.1,12.024,9.5273,5.6063
119.2,12.018,9.5261,5.6015
119.3,12.012,9.525,5.5967
119.4,12.007,9.5238,5.592
119.5,12.001,9.5227,5.5872
119.6,11.995,9.5215,5.5824
119.7,11.989,9.5203,5.5776
119.8,11.984,9.5192,5.5729
119.9,11.978,9.518,5.5681
120,11.972,9.5169,5.5633
