0,0.4809,0.33609,0.50487
0.1,0.48129,0.3361,0.50516
0.2,0.48213,0.3361,0.50577
0.3,0.48343,0.33611,0.50673
0.4,0.48512,0.33614,0.50797
0.5,0.48724,0.33617,0.50953
0.6,0.4898,0.3362,0.51142
0.7,0.49279,0.33623,0.51362
0.8,0.49622,0.33626,0.51615
0.9,0.50008,0.33629,0.51899
1,0.50436,0.33632,0.52215
1.1,0.50908,0.33635,0.52562
1.2,0.51422,0.33638,0.5294
1.3,0.5198,0.33642,0.53351
1.4,0.52581,0.33647,0.53793
1.5,0.53222,0.33653,0.54266
1.6,0.53904,0.33658,0.54769
1.7,0.5463,0.33664,0.55302
1.8,0.55397,0.33669,0.55866
1.9,0.56206,0.33675,0.56461
2,0.57055,0.3368,0.57086
2.1,0.57944,0.33686,0.57743
2.2,0.58873,0.33691,0.58427
2.3,0.59843,0.33697,0.5914
2.4,0.60854,0.33704,0.59883
2.5,0.61905,0.33712,0.60655
2.6,0.62994,0.3372,0.61457
2.7,0.64122,0.33728,0.62288
2.8,0.65288,0.33736,0.63148
2.9,0.66493,0.33744,0.64036
3,0.67737,0.33752,0.64951
3.1,0.69018,0.33759,0.65894
3.2,0.70338,0.33767,0.66865
3.3,0.71695,0.33775,0.67864
3.4,0.73089,0.33784,0.68891
3.5,0.7452,0.33792,0.69944
3.6,0.75988,0.33801,0.71025
3.7,0.77492,0.3381,0.72132
3.8,0.79032,0.3382,0.73266
3.9,0.80609,0.33829,0.74427
4,0.82221,0.33839,0.75614
4.1,0.83868,0.33849,0.76827
4.2,0.8555,0.33859,0.78066
4.3,0.87268,0.33869,0.79331
4.4,0.8902,0.33879,0.80621
4.5,0.90806,0.3389,0.81936
4.6,0.92626,0.33901,0.83277
4.7,0.94481,0.33912,0.84643
4.8,0.9637,0.33923,0.86034
4.9,0.98292,0.33935,0.87449
5,1.0025,0.33947,0.88889
5.1,1.0223,0.33959,0.90352
5.2,1.0426,0.33971,0.9184
5.3,1.0631,0.33983,0.93352
5.4,1.0839,0.33996,0.94889
5.5,1.1051,0.34008,0.96448
5.6,1.1266,0.34021,0.98032
5.7,1.1484,0.34034,0.99638
5.8,1.1705,0.34048,1.0127
5.9,1.193,0.34061,1.0292
6,1.2157,0.34075,1.046
6.1,1.2388,0.34089,1.0629
6.2,1.2621,0.34103,1.0801
6.3,1.2858,0.34117,1.0976
6.4,1.3098,0.34132,1.1152
6.5,1.334,0.34147,1.1331
6.6,1.3586,0.34161,1.1512
6.7,1.3834,0.34177,1.1695
6.8,1.4086,0.34192,1.188
6.9,1.434,0.34207,1.2067
7,1.4598,0.34223,1.2257
7.1,1.4858,0.34239,1.2449
7.2,1.5121,0.34255,1.2642
7.3,1.5387,0.34272,1.2838
7.4,1.5655,0.34288,1.3036
7.5,1.5927,0.34304,1.3236
7.6,1.6201,0.3432,1.3438
7.7,1.6478,0.34337,1.3642
7.8,1.6758,0.34353,1.3848
7.9,1.704,0.3437,1.4056
8,1.7325,0.34387,1.4266
8.1,1.7613,0.34404,1.4478
8.2,1.7903,0.34421,1.4692
8.3,1.8196,0.34438,1.4907
8.4,1.8492,0.34456,1.5125
8.5,1.879,0.34474,1.5345
8.6,1.9091,0.34492,1.5567
8.7,1.9394,0.3451,1.579
8.8,1.97,0.34528,1.6015
8.9,2.0008,0.34546,1.6243
9,2.0319,0.34565,1.6472
9.1,2.0633,0.34584,1.6703
9.2,2.0949,0.34603,1.6935
9.3,2.1267,0.34622,1.717
9.4,2.1588,0.34641,1.7406
9.5,2.1912,0.3466,1.7644
9.6,2.2237,0.3468,1.7884
9.7,2.2565,0.347,1.8126
9.8,2.2896,0.3472,1.8369
9.9,2.3229,0.3474,1.8614
10,2.3564,0.3476,1.8861
10.1,2.3902,0.34781,1.911
10.2,2.4241,0.34801,1.936
10.3,2.4584,0.34822,1.9612
10.4,2.4928,0.34843,1.9866
10.5,2.5275,0.34864,2.0121
10.6,2.5624,0.34885,2.0378
10.7,2.5975,0.34907,2.0637
10.8,2.6329,0.34928,2.0897
10.9,2.6685,0.3495,2.1159
11,2.7042,0.34972,2.1422
11.1,2.7402,0.34994,2.1688
11.2,2.7765,0.35016,2.1954
11.3,2.8129,0.35039,2.2223
11.4,2.8495,0.35062,2.2492
11.5,2.8864,0.35084,2.2764
11.6,2.9234,0.35106,2.3037
11.7,2.9607,0.35128,2.3312
11.8,2.9982,0.35151,2.3588
11.9,3.0358,0.35173,2.3865
12,3.0737,0.35196,2.4144
12.1,3.1118,0.35219,2.4425
12.2,3.1501,0.35242,2.4707
12.3,3.1886,0.35265,2.4991
12.4,3.2273,0.35288,2.5276
12.5,3.2662,0.35312,2.5562
12.6,3.3053,0.35335,2.585
12.7,3.3446,0.35359,2.6139
12.8,3.384,0.35383,2.643
12.9,3.4237,0.35407,2.6722
13,3.4636,0.35431,2.7015
13.1,3.5036,0.35455,2.731
13.2,3.5439,0.35479,2.7606
13.3,3.5843,0.35503,2.7904
13.4,3.6249,0.35528,2.8203
13.5,3.6657,0.35553,2.8503
13.6,3.7067,0.35578,2.8805
13.7,3.7479,0.35603,2.9108
13.8,3.7892,0.35628,2.9413
13.9,3.8308,0.35653,2.9718
14,3.8725,0.35678,3.0026
14.1,3.9144,0.35704,3.0334
14.2,3.9564,0.35729,3.0644
14.3,3.9986,0.35755,3.0955
14.4,4.041,0.35781,3.1267
14.5,4.0836,0.35807,3.158
14.6,4.1264,0.35833,3.1895
14.7,4.1693,0.3586,3.2211
14.8,4.2123,0.35886,3.2528
14.9,4.2556,0.35913,3.2847
15,4.299,0.35939,3.3167
15.1,4.3426,0.35966,3.3488
15.2,4.3863,0.35993,3.381
15.3,4.4302,0.3602,3.4134
15.4,4.4743,0.36048,3.4458
15.5,4.5185,0.36075,3.4784
15.6,4.5629,0.36102,3.5111
15.7,4.6075,0.36129,3.5439
15.8,4.6522,0.36156,3.5768
15.9,4.697,0.36183,3.6098
16,4.742,0.3621,3.643
16.1,4.7872,0.36237,3.6762
16.2,4.8325,0.36265,3.7096
16.3,4.878,0.36292,3.7431
16.4,4.9237,0.3632,3.7767
16.5,4.9694,0.36348,3.8104
16.6,5.0154,0.36376,3.8442
16.7,5.0615,0.36403,3.8781
16.8,5.1077,0.36432,3.9122
16.9,5.1541,0.3646,3.9463
17,5.2006,0.36488,3.9806
17.1,5.2473,0.36516,4.0149
17.2,5.2941,0.36545,4.0494
17.3,5.341,0.36573,4.0839
17.4,5.3881,0.36602,4.1186
17.5,5.4353,0.36631,4.1534
17.6,5.4827,0.3666,4.1883
17.7,5.5302,0.36688,4.2232
17.8,5.5778,0.36718,4.2583
17.9,5.6256,0.36747,4.2935
18,5.6735,0.36776,4.3288
18.1,5.7215,0.36805,4.3642
18.2,5.7697,0.36835,4.3996
18.3,5.818,0.36864,4.4352
18.4,5.8664,0.36894,4.4709
18.5,5.915,0.36924,4.5067
18.6,5.9637,0.36954,4.5425
18.7,6.0125,0.36984,4.5785
18.8,6.0615,0.37014,4.6145
18.9,6.1105,0.37044,4.6507
19,6.1597,0.37074,4.6869
19.1,6.2091,0.37104,4.7232
19.2,6.2585,0.37135,4.7597
19.3,6.3081,0.37166,4.7962
19.4,6.3578,0.37196,4.8328
19.5,6.4077,0.37227,4.8695
19.6,6.4576,0.37258,4.9062
19.7,6.5077,0.37289,4.9431
19.8,6.5579,0.37319,4.98
19.9,6.6082,0.3735,5.0171
20,6.6586,0.37381,5.0542
20.1,6.7091,0.37412,5.0914
20.2,6.7598,0.37444,5.1287
20.3,6.8106,0.37475,5.1661
20.4,6.8615,0.37506,5.2036
20.5,6.9124,0.37538,5.2411
20.6,6.9636,0.37569,5.2788
20.7,7.0148,0.37601,5.3165
20.8,7.0661,0.37632,5.3543
20.9,7.1175,0.37664,5.3922
21,7.1691,0.37696,5.4301
21.1,7.2208,0.37727,5.4682
21.2,7.2725,0.37759,5.5063
21.3,7.3244,0.37791,5.5445
21.4,7.3764,0.37823,5.5828
21.5,7.4285,0.37855,5.6212
21.6,7.4807,0.37888,5.6596
21.7,7.5329,0.3792,5.6981
21.8,7.5853,0.37952,5.7367
21.9,7.6379,0.37985,5.7754
22,7.6905,0.38017,5.8141
22.1,7.7432,0.38049,5.8529
22.2,7.796,0.38082,5.8918
22.3,7.8489,0.38115,5.9308
22.4,7.9019,0.38147,5.9698
22.5,7.955,0.3818,6.0089
22.6,8.0082,0.38213,6.0481
22.7,8.0615,0.38246,6.0874
22.8,8.1149,0.38279,6.1267
22.9,8.1684,0.38312,6.1661
23,8.222,0.38345,6.2055
23.1,8.2757,0.38378,6.2451
23.2,8.3295,0.38411,6.2847
23.3,8.3834,0.38444,6.3243
23.4,8.4373,0.38477,6.3641
23.5,8.4914,0.38511,6.4039
23.6,8.5455,0.38544,6.4438
23.7,8.5998,0.38577,6.4837
23.8,8.6541,0.38611,6.5237
23.9,8.7085,0.38644,6.5638
24,8.763,0.38678,6.6039
24.1,8.8176,0.38711,6.6442
24.2,8.8723,0.38745,6.6844
24.3,8.9271,0.38779,6.7248
24.4,8.9819,0.38813,6.7652
24.5,9.0369,0.38846,6.8056
24.6,9.0919,0.3888,6.8462
24.7,9.147,0.38914,6.8867
24.8,9.2022,0.38948,6.9274
24.9,9.2575,0.38982,6.9681
25,9.3129,0.39016,7.0089
25.1,9.3683,0.3905,7.0497
25.2,9.4238,0.39084,7.0906
25.3,9.4794,0.39119,7.1316
25.4,9.5351,0.39153,7.1726
25.5,9.5909,0.39187,7.2136
25.6,9.6468,0.39221,7.2548
25.7,9.7027,0.39256,7.296
25.8,9.7587,0.3929,7.3372
25.9,9.8148,0.39324,7.3785
26,9.871,0.39359,7.4199
26.1,9.9272,0.39393,7.4613
26.2,9.9835,0.39428,7.5028
26.3,10.04,0.39462,7.5443
26.4,10.096,0.39497,7.5859
26.5,10.153,0.39532,7.6275
26.6,10.21,0.39566,7.6692
26.7,10.267,0.39601,7.711
26.8,10.324,0.39636,7.7528
26.9,10.382,0.39671,7.7946
27,10.439,0.39705,7.8365
27.1,10.497,0.3974,7.8785
27.2,10.554,0.39775,7.9205
27.3,10.612,0.3981,7.9626
27.4,10.67,0.39845,8.0047
27.5,10.728,0.3988,8.0469
27.6,10.786,0.39915,8.0891
27.7,10.844,0.3995,8.1314
27.8,10.902,0.39985,8.1737
27.9,10.961,0.4002,8.2161
28,11.019,0.40056,8.2585
28.1,11.078,0.40091,8.301
28.2,11.137,0.40126,8.3435
28.3,11.196,0.40161,8.3862
28.4,11.255,0.40197,8.429
28.5,11.314,0.40232,8.4718
28.6,11.373,0.40268,8.5147
28.7,11.432,0.40303,8.5576
28.8,11.492,0.40339,8.6007
28.9,11.551,0.40374,8.6438
29,11.611,0.4041,8.6869
29.1,11.671,0.40446,8.7302
29.2,11.731,0.40481,8.7735
29.3,11.791,0.40522,8.8169
29.4,11.851,0.40567,8.8604
29.5,11.912,0.40613,8.9039
29.6,11.972,0.40663,8.9475
29.7,12.033,0.40715,8.9912
29.8,12.093,0.4077,9.035
29.9,12.154,0.40828,9.0789
30,12.215,0.40891,9.1229
30.1,12.276,0.40961,9.1669
30.2,12.338,0.41067,9.211
30.3,12.399,0.41207,9.2553
30.4,12.461,0.41385,9.2996
30.5,12.522,0.41607,9.3443
30.6,12.584,0.4188,9.3892
30.7,12.646,0.42193,9.4342
30.8,12.708,0.42553,9.4795
30.9,12.77,0.4296,9.5249
31,12.833,0.43407,9.5704
31.1,12.895,0.43898,9.6162
31.2,12.958,0.4443,9.6621
31.3,13.021,0.45003,9.7082
31.4,13.085,0.45616,9.7546
31.5,13.149,0.46273,9.8011
31.6,13.213,0.46971,9.8479
31.7,13.277,0.47708,9.8949
31.8,13.341,0.48484,9.9421
31.9,13.406,0.49299,9.9895
32,13.471,0.50152,10.037
32.1,13.536,0.51042,10.085
32.2,13.601,0.51974,10.133
32.3,13.667,0.52944,10.182
32.4,13.733,0.53951,10.231
32.5,13.799,0.54996,10.28
32.6,13.865,0.56078,10.329
32.7,13.931,0.57196,10.378
32.8,13.998,0.58351,10.428
32.9,14.065,0.59544,10.477
33,14.132,0.60774,10.527
33.1,14.2,0.6204,10.577
33.2,14.268,0.63342,10.627
33.3,14.336,0.64679,10.678
33.4,14.404,0.66052,10.728
33.5,14.472,0.67461,10.779
33.6,14.541,0.68904,10.831
33.7,14.61,0.70383,10.882
33.8,14.68,0.71896,10.934
33.9,14.749,0.73444,10.986
34,14.819,0.75026,11.038
34.1,14.89,0.76642,11.09
34.2,14.96,0.78292,11.143
34.3,15.031,0.79975,11.196
34.4,15.102,0.81692,11.249
34.5,15.174,0.83442,11.302
34.6,15.245,0.85224,11.356
34.7,15.317,0.87039,11.41
34.8,15.39,0.88886,11.464
34.9,15.463,0.90766,11.518
35,15.536,0.92679,11.573
35.1,15.609,0.94624,11.628
35.2,15.683,0.966,11.682
35.3,15.757,0.98608,11.737
35.4,15.832,1.0065,11.793
35.5,15.906,1.0272,11.848
35.6,15.982,1.0482,11.904
35.7,16.057,1.0695,11.96
35.8,16.133,1.0911,12.016
35.9,16.209,1.113,12.072
36,16.286,1.1352,12.128
36.1,16.361,1.1577,12.185
36.2,16.437,1.1805,12.242
36.3,16.512,1.2036,12.299
36.4,16.588,1.227,12.356
36.5,16.664,1.2506,12.413
36.6,16.741,1.2746,12.471
36.7,16.818,1.2988,12.529
36.8,16.895,1.3233,12.586
36.9,16.972,1.3481,12.644
37,17.049,1.3732,12.703
37.1,17.127,1.3985,12.761
37.2,17.205,1.4241,12.819
37.3,17.283,1.45,12.878
37.4,17.362,1.4761,12.937
37.5,17.441,1.5025,12.996
37.6,17.52,1.5292,13.055
37.7,17.599,1.5562,13.115
37.8,17.679,1.5834,13.174
37.9,17.759,1.6109,13.234
38,17.839,1.6387,13.294
38.1,17.919,1.6667,13.354
38.2,18,1.695,13.414
38.3,18.081,1.7236,13.474
38.4,18.162,1.7523,13.535
38.5,18.244,1.7814,13.595
38.6,18.325,1.8107,13.656
38.7,18.407,1.8402,13.717
38.8,18.49,1.87,13.778
38.9,18.572,1.9,13.839
39,18.655,1.9302,13.9
39.1,18.738,1.9607,13.961
39.2,18.822,1.9914,14.023
39.3,18.906,2.0224,14.084
39.4,18.99,2.0536,14.146
39.5,19.074,2.085,14.207
39.6,19.158,2.1166,14.269
39.7,19.243,2.1485,14.332
39.8,19.328,2.1806,14.394
39.9,19.414,2.2129,14.456
40,19.499,2.2454,14.519
40.1,19.585,2.2782,14.581
40.2,19.672,2.3111,14.644
40.3,19.758,2.3443,14.707
40.4,19.844,2.3778,14.77
40.5,19.93,2.4115,14.833
40.6,20.016,2.4454,14.896
40.7,20.103,2.4795,14.96
40.8,20.189,2.5138,15.023
40.9,20.276,2.5484,15.087
41,20.363,2.5831,15.15
41.1,20.45,2.6181,15.214
41.2,20.537,2.6533,15.278
41.3,20.625,2.6886,15.342
41.4,20.712,2.7242,15.406
41.5,20.8,2.76,15.47
41.6,20.888,2.7959,15.535
41.7,20.977,2.8321,15.599
41.8,21.065,2.8685,15.664
41.9,21.154,2.905,15.729
42,21.243,2.9418,15.794
42.1,21.332,2.9787,15.859
42.2,21.421,3.0158,15.924
42.3,21.51,3.0531,15.99
42.4,21.6,3.0906,16.055
42.5,21.69,3.1283,16.121
42.6,21.78,3.1662,16.186
42.7,21.87,3.2042,16.252
42.8,21.961,3.2425,16.318
42.9,22.051,3.2809,16.384
43,22.142,3.3195,16.45
43.1,22.233,3.3583,16.516
43.2,22.324,3.3973,16.583
43.3,22.415,3.4365,16.649
43.4,22.507,3.4759,16.715
43.5,22.598,3.5154,16.782
43.6,22.69,3.5552,16.849
43.7,22.782,3.5951,16.916
43.8,22.874,3.6351,16.982
43.9,22.967,3.6754,17.049
44,23.059,3.7158,17.116
44.1,23.152,3.7563,17.184
44.2,23.245,3.7971,17.251
44.3,23.338,3.838,17.318
44.4,23.431,3.8791,17.386
44.5,23.525,3.9203,17.453
44.6,23.618,3.9617,17.521
44.7,23.712,4.0032,17.589
44.8,23.805,4.0449,17.656
44.9,23.899,4.0868,17.724
45,23.993,4.1288,17.792
45.1,24.087,4.171,17.86
45.2,24.181,4.2133,17.928
45.3,24.275,4.2558,17.996
45.4,24.369,4.2984,18.065
45.5,24.464,4.3412,18.133
45.6,24.559,4.3841,18.202
45.7,24.653,4.4273,18.27
45.8,24.748,4.4705,18.339
45.9,24.843,4.514,18.407
46,24.938,4.5575,18.476
46.1,25.034,4.6013,18.545
46.2,25.129,4.6451,18.614
46.3,25.224,4.6892,18.683
46.4,25.32,4.7333,18.753
46.5,25.416,4.7776,18.822
46.6,25.512,4.8221,18.892
46.7,25.608,4.8667,18.961
46.8,25.704,4.9114,19.031
46.9,25.8,4.9563,19.1
47,25.896,5.0013,19.17
47.1,25.993,5.0464,19.24
47.2,26.089,5.0917,19.31
47.3,26.186,5.1371,19.38
47.4,26.282,5.1826,19.45
47.5,26.379,5.2283,19.52
47.6,26.476,5.2741,19.59
47.7,26.573,5.32,19.661
47.8,26.67,5.3661,19.731
47.9,26.768,5.4123,19.801
48,26.865,5.4586,19.872
48.1,26.962,5.505,19.943
48.2,27.06,5.5516,20.013
48.3,27.157,5.5983,20.084
48.4,27.255,5.6451,20.155
48.5,27.353,5.6922,20.226
48.6,27.451,5.7393,20.297
48.7,27.549,5.7866,20.368
48.8,27.647,5.834,20.439
48.9,27.745,5.8815,20.51
49,27.843,5.9291,20.581
49.1,27.941,5.9769,20.652
49.2,28.04,6.0248,20.724
49.3,28.139,6.0728,20.795
49.4,28.237,6.1209,20.867
49.5,28.336,6.1691,20.938
49.6,28.435,6.2174,21.01
49.7,28.534,6.2659,21.082
49.8,28.633,6.3145,21.153
49.9,28.733,6.3632,21.225
50,28.832,6.412,21.297
50.1,28.931,6.4609,21.369
50.2,29.031,6.5099,21.441
50.3,29.13,6.559,21.513
50.4,29.23,6.6082,21.585
50.5,29.33,6.6576,21.657
50.6,29.43,6.707,21.73
50.7,29.53,6.7566,21.802
50.8,29.629,6.8062,21.875
50.9,29.73,6.856,21.947
51,29.83,6.9058,22.02
51.1,29.93,6.9558,22.092
51.2,30.03,7.0058,22.165
51.3,30.13,7.056,22.238
51.4,30.231,7.1063,22.311
51.5,30.331,7.1566,22.384
51.6,30.432,7.2071,22.457
51.7,30.532,7.2576,22.53
51.8,30.633,7.3082,22.603
51.9,30.734,7.359,22.676
52,30.835,7.4098,22.749
52.1,30.935,7.4607,22.822
52.2,31.036,7.5117,22.896
52.3,31.137,7.5628,22.969
52.4,31.238,7.6139,23.042
52.5,31.339,7.6653,23.116
52.6,31.441,7.7167,23.189
52.7,31.542,7.7683,23.263
52.8,31.643,7.82,23.336
52.9,31.744,7.8717,23.41
53,31.846,7.9236,23.484
53.1,31.947,7.9755,23.558
53.2,32.049,8.0276,23.631
53.3,32.15,8.0797,23.705
53.4,32.252,8.1319,23.779
53.5,32.354,8.1842,23.853
53.6,32.456,8.2365,23.927
53.7,32.558,8.289,24.001
53.8,32.66,8.3416,24.075
53.9,32.762,8.3942,24.15
54,32.865,8.4469,24.224
54.1,32.967,8.4997,24.298
54.2,33.069,8.5526,24.372
54.3,33.172,8.6056,24.447
54.4,33.274,8.6586,24.521
54.5,33.377,8.7117,24.596
54.6,33.48,8.7649,24.67
54.7,33.582,8.8182,24.745
54.8,33.685,8.8716,24.82
54.9,33.788,8.925,24.894
55,33.891,8.9785,24.969
55.1,33.994,9.0321,25.044
55.2,34.097,9.0858,25.119
55.3,34.2,9.1395,25.194
55.4,34.303,9.1933,25.269
55.5,34.406,9.2472,25.344
55.6,34.509,9.3011,25.419
55.7,34.613,9.3551,25.494
55.8,34.716,9.4092,25.569
55.9,34.819,9.4634,25.644
56,34.923,9.5176,25.719
56.1,35.026,9.5719,25.794
56.2,35.13,9.6263,25.87
56.3,35.233,9.6807,25.945
56.4,35.337,9.7352,26.02
56.5,35.441,9.7897,26.096
56.6,35.544,9.8443,26.171
56.7,35.648,9.8985,26.247
56.8,35.752,9.9527,26.322
56.9,35.856,10.007,26.398
57,35.96,10.061,26.474
57.1,36.064,10.116,26.549
57.2,36.168,10.17,26.625
57.3,36.272,10.224,26.701
57.4,36.376,10.279,26.776
57.5,36.48,10.333,26.852
57.6,36.585,10.387,26.928
57.7,36.689,10.442,27.004
57.8,36.793,10.496,27.08
57.9,36.898,10.551,27.156
58,37.002,10.605,27.232
58.1,37.107,10.66,27.308
58.2,37.212,10.714,27.384
58.3,37.317,10.769,27.46
58.4,37.421,10.823,27.536
58.5,37.526,10.878,27.612
58.6,37.631,10.932,27.687
58.7,37.736,10.987,27.761
58.8,37.841,11.041,27.834
58.9,37.946,11.096,27.908
59,38.051,11.15,27.981
59.1,38.156,11.204,28.054
59.2,38.261,11.259,28.127
59.3,38.367,11.313,28.2
59.4,38.472,11.368,28.273
59.5,38.577,11.422,28.345
59.6,38.683,11.477,28.417
59.7,38.788,11.531,28.489
59.8,38.893,11.585,28.561
59.9,38.998,11.64,28.633
60,39.101,11.694,28.704
60.1,39.203,11.748,28.775
60.2,39.305,11.803,28.846
60.3,39.406,11.857,28.916
60.4,39.507,11.911,28.986
60.5,39.607,11.965,29.056
60.6,39.707,12.019,29.126
60.7,39.806,12.073,29.195
60.8,39.905,12.127,29.264
60.9,40.002,12.18,29.333
61,40.099,12.232,29.402
61.1,40.196,12.284,29.47
61.2,40.291,12.336,29.538
61.3,40.386,12.388,29.606
61.4,40.48,12.439,29.673
61.5,40.572,12.49,29.74
61.6,40.664,12.541,29.806
61.7,40.755,12.591,29.873
61.8,40.844,12.641,29.939
61.9,40.933,12.691,30.004
62,41.02,12.74,30.068
62.1,41.108,12.788,30.132
62.2,41.195,12.837,30.195
62.3,41.282,12.885,30.258
62.4,41.368,12.933,30.32
62.5,41.453,12.98,30.382
62.6,41.537,13.027,30.443
62.7,41.62,13.073,30.504
62.8,41.703,13.119,30.565
62.9,41.784,13.165,30.625
63,41.864,13.21,30.684
63.1,41.943,13.255,30.743
63.2,42.021,13.299,30.801
63.3,42.098,13.343,30.859
63.4,42.174,13.386,30.916
63.5,42.249,13.429,30.972
63.6,42.323,13.471,31.028
63.7,42.395,13.513,31.084
63.8,42.467,13.555,31.139
63.9,42.537,13.597,31.193
64,42.606,13.638,31.246
64.1,42.674,13.678,31.299
64.2,42.74,13.719,31.352
64.3,42.807,13.759,31.403
64.4,42.873,13.798,31.454
64.5,42.938,13.837,31.505
64.6,43.003,13.876,31.555
64.7,43.067,13.914,31.604
64.8,43.129,13.952,31.652
64.9,43.191,13.99,31.7
65,43.252,14.027,31.747
65.1,43.312,14.063,31.793
65.2,43.371,14.1,31.839
65.3,43.429,14.136,31.886
65.4,43.487,14.172,31.933
65.5,43.544,14.208,31.979
65.6,43.6,14.243,32.025
65.7,43.655,14.278,32.07
65.8,43.709,14.312,32.114
65.9,43.762,14.346,32.158
66,43.815,14.38,32.201
66.1,43.867,14.414,32.244
66.2,43.919,14.447,32.287
66.3,43.969,14.48,32.328
66.4,44.019,14.513,32.369
66.5,44.068,14.545,32.41
66.6,44.116,14.577,32.45
66.7,44.164,14.609,32.49
66.8,44.21,14.64,32.529
66.9,44.256,14.671,32.567
67,44.301,14.702,32.605
67.1,44.346,14.733,32.642
67.2,44.39,14.763,32.678
67.3,44.433,14.793,32.714
67.4,44.476,14.823,32.75
67.5,44.518,14.852,32.785
67.6,44.559,14.881,32.819
67.7,44.6,14.91,32.853
67.8,44.641,14.939,32.886
67.9,44.681,14.967,32.918
68,44.72,14.995,32.95
68.1,44.759,15.022,32.981
68.2,44.798,15.049,33.012
68.3,44.836,15.076,33.042
68.4,44.874,15.102,33.071
68.5,44.911,15.128,33.1
68.6,44.948,15.153,33.13
68.7,44.984,15.179,33.16
68.8,45.019,15.204,33.189
68.9,45.053,15.229,33.218
69,45.087,15.253,33.246
69.1,45.12,15.278,33.274
69.2,45.153,15.302,33.302
69.3,45.185,15.326,33.329
69.4,45.217,15.349,33.355
69.5,45.248,15.372,33.381
69.6,45.279,15.395,33.407
69.7,45.309,15.418,33.432
69.8,45.339,15.441,33.457
69.9,45.368,15.463,33.482
70,45.397,15.485,33.506
70.1,45.425,15.507,33.529
70.2,45.453,15.529,33.552
70.3,45.481,15.55,33.575
70.4,45.508,15.571,33.598
70.5,45.535,15.592,33.62
70.6,45.561,15.613,33.641
70.7,45.587,15.634,33.662
70.8,45.613,15.654,33.683
70.9,45.636,15.674,33.703
71,45.659,15.694,33.723
71.1,45.68,15.714,33.743
71.2,45.702,15.733,33.762
71.3,45.723,15.752,33.781
71.4,45.743,15.772,33.799
71.5,45.763,15.79,33.817
71.6,45.782,15.809,33.835
71.7,45.801,15.828,33.852
71.8,45.82,15.846,33.869
71.9,45.838,15.864,33.886
72,45.855,15.882,33.902
72.1,45.872,15.9,33.918
72.2,45.889,15.918,33.934
72.3,45.905,15.935,33.95
72.4,45.921,15.952,33.965
72.5,45.937,15.969,33.98
72.6,45.952,15.986,33.995
72.7,45.966,16.003,34.009
72.8,45.981,16.02,34.023
72.9,45.994,16.036,34.037
73,46.008,16.053,34.05
73.1,46.021,16.069,34.063
73.2,46.034,16.085,34.076
73.3,46.046,16.101,34.089
73.4,46.058,16.117,34.101
73.5,46.069,16.132,34.113
73.6,46.081,16.148,34.125
73.7,46.091,16.163,34.136
73.8,46.102,16.178,34.147
73.9,46.112,16.193,34.158
74,46.122,16.208,34.169
74.1,46.131,16.223,34.179
74.2,46.141,16.238,34.189
74.3,46.149,16.253,34.199
74.4,46.158,16.267,34.208
74.5,46.166,16.281,34.218
74.6,46.174,16.295,34.227
74.7,46.182,16.308,34.236
74.8,46.189,16.321,34.244
74.9,46.196,16.334,34.253
75,46.203,16.346,34.261
75.1,46.209,16.359,34.269
75.2,46.216,16.371,34.276
75.3,46.222,16.383,34.283
75.4,46.227,16.395,34.29
75.5,46.233,16.407,34.296
75.6,46.238,16.419,34.302
75.7,46.243,16.431,34.308
75.8,46.248,16.442,34.314
75.9,46.252,16.453,34.319
76,46.256,16.464,34.324
76.1,46.261,16.475,34.329
76.2,46.264,16.486,34.334
76.3,46.266,16.497,34.338
76.4,46.267,16.508,34.343
76.5,46.268,16.518,34.347
76.6,46.268,16.529,34.35
76.7,46.268,16.539,34.354
76.8,46.268,16.549,34.357
76.9,46.268,16.559,34.36
77,46.267,16.569,34.363
77.1,46.265,16.578,34.366
77.2,46.264,16.588,34.369
77.3,46.262,16.597,34.371
77.4,46.26,16.607,34.373
77.5,46.258,16.616,34.375
77.6,46.255,16.625,34.377
77.7,46.252,16.634,34.378
77.8,46.249,16.643,34.379
77.9,46.245,16.651,34.381
78,46.241,16.66,34.382
78.1,46.237,16.669,34.382
78.2,46.233,16.677,34.383
78.3,46.228,16.685,34.383
78.4,46.223,16.694,34.384
78.5,46.218,16.702,34.384
78.6,46.213,16.71,34.384
78.7,46.207,16.718,34.383
78.8,46.201,16.725,34.383
78.9,46.195,16.733,34.382
79,46.188,16.741,34.382
79.1,46.182,16.748,34.381
79.2,46.175,16.756,34.38
79.3,46.167,16.763,34.379
79.4,46.16,16.77,34.377
79.5,46.152,16.776,34.376
79.6,46.145,16.783,34.374
79.7,46.136,16.789,34.372
79.8,46.128,16.795,34.371
79.9,46.12,16.801,34.368
80,46.111,16.807,34.365
80.1,46.102,16.813,34.362
80.2,46.093,16.819,34.359
80.3,46.083,16.825,34.355
80.4,46.074,16.83,34.351
80.5,46.064,16.835,34.348
80.6,46.054,16.841,34.344
80.7,46.044,16.846,34.339
80.8,46.033,16.851,34.335
80.9,46.023,16.856,34.331
81,46.012,16.861,34.326
81.1,46.001,16.866,34.321
81.2,45.99,16.87,34.316
81.3,45.979,16.875,34.311
81.4,45.967,16.879,34.306
81.5,45.956,16.884,34.3
81.6,45.944,16.888,34.295
81.7,45.931,16.892,34.289
81.8,45.917,16.896,34.283
81.9,45.904,16.9,34.277
82,45.89,16.904,34.271
82.1,45.876,16.908,34.265
82.2,45.861,16.911,34.258
82.3,45.847,16.915,34.252
82.4,45.832,16.918,34.245
82.5,45.817,16.921,34.238
82.6,45.801,16.925,34.231
82.7,45.786,16.928,34.224
82.8,45.77,16.931,34.217
82.9,45.754,16.934,34.209
83,45.738,16.937,34.202
83.1,45.722,16.94,34.194
83.2,45.705,16.942,34.186
83.3,45.689,16.945,34.178
83.4,45.672,16.948,34.17
83.5,45.654,16.95,34.162
83.6,45.637,16.952,34.154
83.7,45.62,16.955,34.146
83.8,45.602,16.957,34.137
83.9,45.584,16.959,34.128
84,45.566,16.961,34.12
84.1,45.547,16.963,34.111
84.2,45.529,16.965,34.102
84.3,45.51,16.966,34.093
84.4,45.491,16.968,34.084
84.5,45.472,16.969,34.074
84.6,45.453,16.971,34.064
84.7,45.434,16.972,34.055
84.8,45.414,16.973,34.044
84.9,45.394,16.974,34.034
85,45.374,16.975,34.024
85.1,45.354,16.976,34.013
85.2,45.334,16.977,34.003
85.3,45.313,16.978,33.992
85.4,45.293,16.978,33.981
85.5,45.272,16.979,33.97
85.6,45.251,16.979,33.959
85.7,45.23,16.98,33.948
85.8,45.209,16.98,33.936
85.9,45.187,16.98,33.925
86,45.166,16.98,33.913
86.1,45.144,16.98,33.902
86.2,45.122,16.98,33.89
86.3,45.1,16.98,33.878
86.4,45.078,16.98,33.866
86.5,45.056,16.98,33.854
86.6,45.033,16.98,33.841
86.7,45.011,16.979,33.829
86.8,44.988,16.979,33.816
86.9,44.965,16.978,33.804
87,44.942,16.978,33.791
87.1,44.918,16.977,33.778
87.2,44.894,16.976,33.765
87.3,44.87,16.975,33.752
87.4,44.846,16.974,33.739
87.5,44.822,16.973,33.726
87.6,44.797,16.972,33.713
87.7,44.773,16.971,33.699
87.8,44.748,16.97,33.686
87.9,44.723,16.969,33.672
88,44.697,16.968,33.658
88.1,44.672,16.966,33.645
88.2,44.647,16.965,33.631
88.3,44.621,16.963,33.617
88.4,44.595,16.962,33.603
88.5,44.569,16.96,33.588
88.6,44.543,16.958,33.574
88.7,44.517,16.956,33.56
88.8,44.491,16.955,33.545
88.9,44.464,16.953,33.531
89,44.437,16.951,33.516
89.1,44.411,16.949,33.501
89.2,44.384,16.946,33.486
89.3,44.356,16.944,33.471
89.4,44.329,16.942,33.456
89.5,44.302,16.94,33.441
89.6,44.274,16.937,33.425
89.7,44.247,16.935,33.41
89.8,44.219,16.932,33.394
89.9,44.191,16.929,33.378
90,44.163,16.927,33.363
90.1,44.135,16.924,33.347
90.2,44.107,16.921,33.331
90.3,44.078,16.918,33.315
90.4,44.05,16.915,33.298
90.5,44.021,16.912,33.282
90.6,43.992,16.909,33.266
90.7,43.963,16.906,33.249
90.8,43.934,16.903,33.233
90.9,43.905,16.9,33.216
91,43.876,16.897,33.2
91.1,43.846,16.893,33.183
91.2,43.817,16.89,33.166
91.3,43.787,16.887,33.149
91.4,43.758,16.883,33.132
91.5,43.728,16.88,33.115
91.6,43.698,16.876,33.098
91.7,43.668,16.872,33.08
91.8,43.638,16.869,33.063
91.9,43.607,16.865,33.046
92,43.577,16.861,33.028
92.1,43.547,16.857,33.01
92.2,43.516,16.853,32.993
92.3,43.485,16.849,32.975
92.4,43.454,16.845,32.957
92.5,43.423,16.841,32.939
92.6,43.392,16.837,32.921
92.7,43.361,16.833,32.903
92.8,43.329,16.829,32.885
92.9,43.297,16.825,32.867
93,43.266,16.82,32.849
93.1,43.234,16.816,32.83
93.2,43.202,16.812,32.812
93.3,43.17,16.807,32.794
93.4,43.137,16.803,32.775
93.5,43.105,16.798,32.756
93.6,43.073,16.794,32.738
93.7,43.04,16.789,32.719
93.8,43.008,16.784,32.7
93.9,42.975,16.78,32.681
94,42.942,16.775,32.662
94.1,42.909,16.77,32.643
94.2,42.876,16.765,32.624
94.3,42.843,16.76,32.605
94.4,42.81,16.755,32.585
94.5,42.776,16.75,32.566
94.6,42.743,16.745,32.546
94.7,42.709,16.74,32.527
94.8,42.676,16.735,32.507
94.9,42.642,16.729,32.487
95,42.608,16.724,32.468
95.1,42.574,16.719,32.448
95.2,42.54,16.714,32.428
95.3,42.506,16.708,32.408
95.4,42.472,16.703,32.388
95.5,42.438,16.697,32.368
95.6,42.404,16.692,32.348
95.7,42.369,16.686,32.328
95.8,42.335,16.681,32.307
95.9,42.3,16.675,32.287
96,42.265,16.669,32.267
96.1,42.231,16.664,32.246
96.2,42.196,16.658,32.226
96.3,42.161,16.652,32.205
96.4,42.126,16.646,32.185
96.5,42.091,16.64,32.164
96.6,42.056,16.635,32.143
96.7,42.02,16.629,32.123
96.8,41.985,16.623,32.102
96.9,41.95,16.617,32.081
97,41.914,16.611,32.06
97.1,41.879,16.605,32.039
97.2,41.843,16.598,32.018
97.3,41.807,16.592,31.997
97.4,41.772,16.586,31.976
97.5,41.736,16.58,31.954
97.6,41.7,16.574,31.933
97.7,41.664,16.568,31.912
97.8,41.628,16.561,31.89
97.9,41.591,16.555,31.869
98,41.555,16.549,31.847
98.1,41.518,16.542,31.826
98.2,41.481,16.536,31.804
98.3,41.445,16.529,31.783
98.4,41.408,16.523,31.761
98.5,41.371,16.516,31.739
98.6,41.334,16.51,31.717
98.7,41.297,16.503,31.695
98.8,41.259,16.497,31.673
98.9,41.222,16.49,31.651
99,41.185,16.483,31.629
99.1,41.147,16.477,31.607
99.2,41.11,16.47,31.584
99.3,41.072,16.463,31.562
99.4,41.035,16.456,31.539
99.5,40.997,16.449,31.517
99.6,40.959,16.442,31.495
99.7,40.921,16.436,31.472
99.8,40.883,16.429,31.449
99.9,40.845,16.422,31.427
100,40.807,16.415,31.404
100.1,40.769,16.408,31.381
100.2,40.731,16.401,31.359
100.3,40.693,16.393,31.336
100.4,40.654,16.386,31.313
100.5,40.616,16.379,31.29
100.6,40.578,16.372,31.267
100.7,40.539,16.365,31.244
100.8,40.501,16.358,31.221
100.9,40.462,16.35,31.198
101,40.423,16.343,31.175
101.1,40.385,16.336,31.151
101.2,40.346,16.328,31.128
101.3,40.307,16.321,31.105
101.4,40.268,16.314,31.082
101.5,40.229,16.306,31.058
101.6,40.19,16.299,31.035
101.7,40.151,16.291,31.011
101.8,40.112,16.284,30.988
101.9,40.073,16.276,30.965
102,40.034,16.269,30.941
102.1,39.994,16.261,30.917
102.2,39.955,16.254,30.894
102.3,39.916,16.246,30.87
102.4,39.876,16.238,30.846
102.5,39.837,16.231,30.823
102.6,39.797,16.223,30.799
102.7,39.758,16.215,30.775
102.8,39.718,16.208,30.751
102.9,39.678,16.2,30.727
103,39.639,16.192,30.704
103.1,39.599,16.184,30.68
103.2,39.559,16.176,30.656
103.3,39.519,16.168,30.632
103.4,39.479,16.161,30.608
103.5,39.44,16.153,30.584
103.6,39.4,16.145,30.559
103.7,39.36,16.137,30.535
103.8,39.32,16.129,30.511
103.9,39.279,16.121,30.487
104,39.239,16.113,30.463
104.1,39.199,16.105,30.439
104.2,39.159,16.097,30.414
104.3,39.119,16.089,30.39
104.4,39.079,16.08,30.366
104.5,39.038,16.072,30.341
104.6,38.998,16.064,30.317
104.7,38.958,16.056,30.293
104.8,38.917,16.048,30.268
104.9,38.877,16.04,30.244
105,38.836,16.031,30.219
105.1,38.796,16.023,30.195
105.2,38.756,16.015,30.17
105.3,38.715,16.006,30.146
105.4,38.674,15.998,30.121
105.5,38.634,15.99,30.097
105.6,38.593,15.981,30.072
105.7,38.552,15.973,30.047
105.8,38.511,15.965,30.023
105.9,38.47,15.956,29.998
106,38.428,15.948,29.973
106.1,38.387,15.939,29.949
106.2,38.346,15.931,29.924
106.3,38.304,15.922,29.899
106.4,38.263,15.914,29.874
106.5,38.221,15.905,29.85
106.6,38.18,15.897,29.825
106.7,38.138,15.888,29.8
106.8,38.096,15.879,29.775
106.9,38.055,15.871,29.749
107,38.013,15.862,29.724
107.1,37.971,15.853,29.699
107.2,37.929,15.845,29.674
107.3,37.888,15.836,29.648
107.4,37.846,15.827,29.623
107.5,37.804,15.818,29.597
107.6,37.762,15.81,29.572
107.7,37.72,15.801,29.547
107.8,37.678,15.792,29.521
107.9,37.636,15.783,29.496
108,37.594,15.774,29.47
108.1,37.552,15.765,29.445
108.2,37.51,15.756,29.419
108.3,37.467,15.748,29.393
108.4,37.425,15.739,29.368
108.5,37.383,15.73,29.342
108.6,37.341,15.721,29.316
108.7,37.298,15.712,29.291
108.8,37.256,15.703,29.265
108.9,37.214,15.694,29.239
109,37.171,15.685,29.213
109.1,37.129,15.677,29.188
109.2,37.086,15.668,29.162
109.3,37.044,15.659,29.136
109.4,37.001,15.65,29.11
109.5,36.959,15.641,29.084
109.6,36.916,15.632,29.058
109.7,36.874,15.623,29.033
109.8,36.831,15.614,29.007
109.9,36.789,15.604,28.981
110,36.746,15.595,28.955
110.1,36.703,15.586,28.929
110.2,36.66,15.577,28.903
110.3,36.618,15.568,28.877
110.4,36.575,15.559,28.851
110.5,36.532,15.55,28.825
110.6,36.489,15.541,28.798
110.7,36.447,15.532,28.772
110.8,36.404,15.522,28.746
110.9,36.361,15.513,28.72
111,36.318,15.504,28.694
111.1,36.275,15.495,28.668
111.2,36.232,15.485,28.642
111.3,36.189,15.476,28.615
111.4,36.146,15.467,28.589
111.5,36.103,15.458,28.563
111.6,36.06,15.448,28.537
111.7,36.017,15.439,28.51
111.8,35.974,15.43,28.484
111.9,35.931,15.42,28.458
112,35.888,15.411,28.432
112.1,35.845,15.402,28.405
112.2,35.802,15.392,28.379
112.3,35.759,15.383,28.353
112.4,35.716,15.374,28.326
112.5,35.672,15.364,28.3
112.6,35.629,15.355,28.274
112.7,35.586,15.345,28.247
112.8,35.543,15.336,28.221
112.9,35.5,15.326,28.194
113,35.456,15.317,28.168
113.1,35.413,15.307,28.142
113.2,35.37,15.298,28.115
113.3,35.327,15.288,28.089
113.4,35.284,15.279,28.062
113.5,35.24,15.269,28.036
113.6,35.197,15.26,28.009
113.7,35.154,15.25,27.983
113.8,35.11,15.24,27.956
113.9,35.067,15.231,27.93
114,35.024,15.221,27.903
114.1,34.981,15.212,27.877
114.2,34.937,15.202,27.85
114.3,34.894,15.192,27.824
114.4,34.851,15.183,27.797
114.5,34.807,15.173,27.771
114.6,34.764,15.163,27.744
114.7,34.721,15.153,27.718
114.8,34.677,15.144,27.691
114.9,34.634,15.134,27.665
115,34.591,15.124,27.638
115.1,34.547,15.114,27.612
115.2,34.504,15.105,27.586
115.3,34.461,15.095,27.559
115.4,34.417,15.085,27.533
115.5,34.374,15.075,27.507
115.6,34.331,15.065,27.481
115.7,34.287,15.055,27.454
115.8,34.244,15.046,27.428
115.9,34.201,15.036,27.402
116,34.157,15.026,27.376
116.1,34.114,15.016,27.35
116.2,34.071,15.006,27.323
116.3,34.028,14.996,27.297
116.4,33.984,14.986,27.271
116.5,33.941,14.976,27.245
116.6,33.898,14.966,27.219
116.7,33.854,14.956,27.193
116.8,33.811,14.946,27.167
116.9,33.768,14.936,27.14
117,33.725,14.926,27.114
117.1,33.681,14.916,27.088
117.2,33.638,14.906,27.062
117.3,33.595,14.896,27.036
117.4,33.552,14.886,27.01
117.5,33.508,14.875,26.984
117.6,33.465,14.865,26.958
117.7,33.422,14.855,26.932
117.8,33.379,14.845,26.906
117.9,33.336,14.835,26.88
118,33.292,14.825,26.855
118.1,33.249,14.816,26.829
118.2,33.206,14.806,26.803
118.3,33.163,14.797,26.777
118.4,33.12,14.787,26.751
118.5,33.077,14.778,26.725
118.6,33.034,14.768,26.699
118.7,32.991,14.758,26.674
118.8,32.948,14.749,26.648
118.9,32.905,14.739,26.622
119,32.862,14.73,26.596
119.1,32.819,14.72,26.571
119.2,32.776,14.711,26.545
119.3,32.733,14.701,26.52
119.4,32.69,14.692,26.494
119.5,32.647,14.682,26.468
119.6,32.604,14.673,26.443
119.7,32.561,14.663,26.417
119.8,32.518,14.654,26.392
119.9,32.475,14.644,26.366
120,32.432,14.635,26.341
120.1,32.39,14.625,26.315
120.2,32.347,14.616,26.29
120.3,32.304,14.607,26.265
120.4,32.261,14.597,26.239
120.5,32.219,14.588,26.214
120.6,32.176,14.578,26.189
120.7,32.133,14.569,26.163
120.8,32.091,14.56,26.138
120.9,32.048,14.55,26.113
121,32.005,14.541,26.088
121.1,31.963,14.532,26.063
121.2,31.921,14.522,26.038
121.3,31.88,14.513,26.012
121.4,31.84,14.504,25.987
121.5,31.799,14.494,25.962
121.6,31.759,14.485,25.937
121.7,31.718,14.476,25.913
121.8,31.678,14.467,25.888
121.9,31.638,14.457,25.863
122,31.598,14.448,25.838
122.1,31.558,14.439,25.813
122.2,31.519,14.43,25.788
122.3,31.479,14.421,25.764
122.4,31.44,14.412,25.739
122.5,31.401,14.402,25.714
122.6,31.361,14.393,25.69
122.7,31.322,14.384,25.665
122.8,31.284,14.375,25.641
122.9,31.245,14.366,25.616
123,31.206,14.357,25.592
123.1,31.168,14.348,25.567
123.2,31.13,14.339,25.543
123.3,31.092,14.33,25.519
123.4,31.054,14.321,25.495
123.5,31.016,14.312,25.471
123.6,30.978,14.303,25.447
123.7,30.941,14.294,25.424
123.8,30.903,14.285,25.4
123.9,30.866,14.276,25.376
124,30.829,14.268,25.353
124.1,30.792,14.259,25.329
124.2,30.756,14.25,25.306
124.3,30.719,14.241,25.283
124.4,30.683,14.232,25.259
124.5,30.646,14.224,25.236
124.6,30.611,14.215,25.213
124.7,30.575,14.206,25.19
124.8,30.539,14.197,25.167
124.9,30.504,14.189,25.144
125,30.468,14.18,25.121
125.1,30.433,14.171,25.098
125.2,30.398,14.163,25.075
125.3,30.364,14.154,25.053
125.4,30.329,14.146,25.03
125.5,30.295,14.137,25.007
125.6,30.261,14.129,24.985
125.7,30.227,14.12,24.962
125.8,30.193,14.112,24.94
125.9,30.159,14.103,24.918
126,30.126,14.095,24.895
126.1,30.093,14.086,24.873
126.2,30.06,14.078,24.851
126.3,30.027,14.069,24.829
126.4,29.995,14.061,24.807
126.5,29.962,14.053,24.785
126.6,29.93,14.045,24.764
126.7,29.898,14.036,24.742
126.8,29.867,14.028,24.72
126.9,29.835,14.02,24.699
127,29.804,14.012,24.677
127.1,29.772,14.004,24.656
127.2,29.74,13.995,24.635
127.3,29.708,13.987,24.613
127.4,29.677,13.979,24.592
127.5,29.645,13.971,24.571
127.6,29.614,13.963,24.55
127.7,29.582,13.954,24.529
127.8,29.551,13.946,24.508
127.9,29.52,13.938,24.487
128,29.49,13.93,24.467
128.1,29.459,13.922,24.446
128.2,29.429,13.913,24.426
128.3,29.398,13.905,24.405
128.4,29.368,13.897,24.385
128.5,29.338,13.889,24.365
128.6,29.309,13.881,24.344
128.7,29.279,13.873,24.324
128.8,29.25,13.865,24.304
128.9,29.22,13.857,24.284
129,29.191,13.849,24.265
129.1,29.163,13.841,24.245
129.2,29.134,13.833,24.225
129.3,29.105,13.825,24.206
129.4,29.077,13.817,24.186
129.5,29.049,13.809,24.167
129.6,29.021,13.801,24.148
129.7,28.993,13.793,24.128
129.8,28.965,13.785,24.109
129.9,28.938,13.778,24.09
130,28.911,13.77,24.071
130.1,28.884,13.762,24.053
130.2,28.857,13.754,24.034
130.3,28.83,13.747,24.015
130.4,28.804,13.739,23.997
130.5,28.777,13.731,23.978
130.6,28.751,13.724,23.96
130.7,28.725,13.716,23.942
130.8,28.7,13.708,23.924
130.9,28.674,13.701,23.906
131,28.649,13.693,23.888
131.1,28.624,13.686,23.87
131.2,28.599,13.678,23.852
131.3,28.574,13.671,23.835
131.4,28.549,13.663,23.817
131.5,28.525,13.656,23.8
131.6,28.501,13.648,23.781
131.7,28.477,13.641,23.763
131.8,28.453,13.634,23.745
131.9,28.429,13.626,23.727
132,28.406,13.619,23.709
132.1,28.383,13.612,23.69
132.2,28.36,13.604,23.673
132.3,28.337,13.597,23.655
132.4,28.314,13.59,23.637
132.5,28.292,13.583,23.619
132.6,28.27,13.576,23.601
132.7,28.248,13.569,23.583
132.8,28.226,13.561,23.566
132.9,28.205,13.554,23.548
133,28.183,13.547,23.531
133.1,28.16,13.54,23.513
133.2,28.138,13.533,23.496
133.3,28.115,13.526,23.479
133.4,28.093,13.519,23.462
133.5,28.071,13.513,23.444
133.6,28.049,13.506,23.427
133.7,28.027,13.499,23.41
133.8,28.005,13.492,23.393
133.9,27.983,13.485,23.376
134,27.962,13.478,23.359
134.1,27.94,13.472,23.343
134.2,27.919,13.465,23.326
134.3,27.898,13.458,23.309
134.4,27.877,13.452,23.293
134.5,27.856,13.445,23.276
134.6,27.835,13.438,23.26
134.7,27.814,13.432,23.243
134.8,27.794,13.425,23.227
134.9,27.773,13.419,23.21
135,27.753,13.412,23.194
135.1,27.733,13.406,23.178
135.2,27.713,13.4,23.162
135.3,27.693,13.393,23.146
135.4,27.673,13.387,23.13
135.5,27.653,13.381,23.114
135.6,27.634,13.374,23.098
135.7,27.614,13.368,23.082
135.8,27.595,13.362,23.067
135.9,27.576,13.356,23.051
136,27.556,13.349,23.035
136.1,27.537,13.343,23.02
136.2,27.519,13.337,23.004
136.3,27.5,13.331,22.989
136.4,27.481,13.325,22.974
136.5,27.463,13.319,22.958
136.6,27.444,13.313,22.943
136.7,27.426,13.307,22.928
136.8,27.408,13.301,22.913
136.9,27.39,13.295,22.898
137,27.372,13.289,22.883
137.1,27.354,13.284,22.868
137.2,27.336,13.277,22.853
137.3,27.318,13.271,22.838
137.4,27.301,13.264,22.823
137.5,27.283,13.258,22.809
137.6,27.266,13.252,22.794
137.7,27.249,13.245,22.78
137.8,27.232,13.239,22.765
137.9,27.215,13.233,22.751
138,27.198,13.227,22.736
138.1,27.181,13.22,22.722
138.2,27.164,13.214,22.708
138.3,27.148,13.208,22.694
138.4,27.131,13.202,22.68
138.5,27.115,13.196,22.666
138.6,27.099,13.189,22.652
138.7,27.082,13.183,22.638
138.8,27.066,13.177,22.624
138.9,27.051,13.171,22.61
139,27.034,13.165,22.596
139.1,27.018,13.159,22.583
139.2,27.002,13.153,22.569
139.3,26.986,13.147,22.555
139.4,26.97,13.141,22.542
139.5,26.954,13.135,22.529
139.6,26.938,13.129,22.515
139.7,26.922,13.123,22.502
139.8,26.907,13.117,22.489
139.9,26.891,13.111,22.475
140,26.876,13.105,22.461
140.1,26.86,13.099,22.447
140.2,26.845,13.093,22.433
140.3,26.829,13.087,22.42
140.4,26.814,13.081,22.406
140.5,26.799,13.075,22.392
140.6,26.784,13.07,22.379
140.7,26.769,13.064,22.365
140.8,26.754,13.058,22.352
140.9,26.739,13.052,22.338
141,26.724,13.046,22.325
141.1,26.709,13.041,22.311
141.2,26.694,13.035,22.298
141.3,26.68,13.029,22.285
141.4,26.665,13.023,22.271
141.5,26.65,13.018,22.258
141.6,26.636,13.012,22.245
141.7,26.621,13.006,22.232
141.8,26.607,13.001,22.219
141.9,26.593,12.995,22.206
142,26.578,12.989,22.193
142.1,26.564,12.984,22.18
142.2,26.55,12.978,22.167
142.3,26.536,12.973,22.154
142.4,26.522,12.967,22.141
142.5,26.508,12.962,22.128
142.6,26.494,12.956,22.116
142.7,26.48,12.951,22.103
142.8,26.466,12.945,22.09
142.9,26.452,12.94,22.078
143,26.438,12.934,22.065
143.1,26.424,12.929,22.053
143.2,26.411,12.923,22.04
143.3,26.397,12.918,22.028
143.4,26.383,12.913,22.015
143.5,26.37,12.907,22.003
143.6,26.356,12.902,21.991
143.7,26.343,12.896,21.978
143.8,26.329,12.891,21.966
143.9,26.316,12.886,21.954
144,26.303,12.881,21.942
144.1,26.289,12.875,21.93
144.2,26.276,12.87,21.917
144.3,26.263,12.865,21.905
144.4,26.249,12.86,21.893
144.5,26.236,12.854,21.881
144.6,26.223,12.849,21.87
144.7,26.21,12.844,21.858
144.8,26.197,12.839,21.846
144.9,26.184,12.834,21.834
145,26.171,12.828,21.822
145.1,26.158,12.823,21.811
145.2,26.146,12.818,21.799
145.3,26.133,12.813,21.787
145.4,26.12,12.808,21.776
145.5,26.108,12.803,21.764
145.6,26.095,12.798,21.753
145.7,26.083,12.793,21.741
145.8,26.07,12.788,21.73
145.9,26.058,12.783,21.719
146,26.046,12.778,21.707
146.1,26.033,12.773,21.696
146.2,26.021,12.768,21.685
146.3,26.009,12.763,21.673
146.4,25.997,12.758,21.662
146.5,25.985,12.753,21.651
146.6,25.972,12.748,21.639
146.7,25.96,12.744,21.628
146.8,25.948,12.738,21.616
146.9,25.936,12.733,21.604
147,25.924,12.728,21.593
147.1,25.912,12.723,21.581
147.2,25.9,12.718,21.57
147.3,25.888,12.713,21.558
147.4,25.877,12.707,21.547
147.5,25.865,12.702,21.535
147.6,25.853,12.697,21.524
147.7,25.841,12.692,21.512
147.8,25.829,12.687,21.501
147.9,25.818,12.682,21.489
148,25.806,12.677,21.478
148.1,25.794,12.672,21.467
148.2,25.783,12.667,21.455
148.3,25.771,12.662,21.444
148.4,25.759,12.657,21.433
148.5,25.748,12.651,21.422
148.6,25.736,12.646,21.41
148.7,25.725,12.641,21.399
148.8,25.713,12.636,21.388
148.9,25.701,12.631,21.377
149,25.69,12.626,21.366
149.1,25.679,12.621,21.355
149.2,25.667,12.616,21.344
149.3,25.656,12.611,21.333
149.4,25.644,12.606,21.322
149.5,25.633,12.602,21.311
149.6,25.621,12.597,21.3
149.7,25.61,12.592,21.289
149.8,25.599,12.587,21.278
149.9,25.587,12.582,21.267
150,25.576,12.577,21.256
150.1,25.565,12.572,21.245
150.2,25.553,12.567,21.234
150.3,25.542,12.562,21.223
150.4,25.531,12.557,21.213
150.5,25.52,12.552,21.202
150.6,25.508,12.548,21.191
150.7,25.497,12.543,21.18
150.8,25.486,12.538,21.17
150.9,25.475,12.533,21.159
151,25.465,12.528,21.148
151.1,25.454,12.523,21.138
151.2,25.443,12.519,21.127
151.3,25.433,12.514,21.117
151.4,25.422,12.509,21.106
151.5,25.412,12.504,21.095
151.6,25.401,12.5,21.085
151.7,25.391,12.495,21.075
151.8,25.38,12.49,21.064
151.9,25.37,12.485,21.054
152,25.359,12.481,21.043
152.1,25.349,12.476,21.033
152.2,25.338,12.471,21.022
152.3,25.328,12.466,21.012
152.4,25.318,12.462,21.002
152.5,25.307,12.457,20.992
152.6,25.297,12.452,20.981
152.7,25.287,12.448,20.971
152.8,25.277,12.443,20.961
152.9,25.266,12.438,20.951
153,25.256,12.434,20.94
153.1,25.246,12.429,20.93
153.2,25.236,12.425,20.92
153.3,25.226,12.42,20.91
153.4,25.216,12.415,20.899
153.5,25.206,12.411,20.889
153.6,25.195,12.406,20.878
153.7,25.185,12.402,20.868
153.8,25.175,12.397,20.857
153.9,25.165,12.392,20.847
154,25.155,12.388,20.837
154.1,25.145,12.383,20.826
154.2,25.135,12.379,20.816
154.3,25.125,12.374,20.806
154.4,25.116,12.37,20.795
154.5,25.106,12.365,20.785
154.6,25.096,12.361,20.775
154.7,25.086,12.356,20.764
154.8,25.076,12.352,20.754
154.9,25.066,12.347,20.744
155,25.056,12.343,20.734
155.1,25.046,12.338,20.724
155.2,25.037,12.334,20.713
155.3,25.027,12.329,20.703
155.4,25.017,12.325,20.693
155.5,25.007,12.321,20.683
155.6,24.998,12.316,20.673
155.7,24.988,12.312,20.662
155.8,24.978,12.307,20.652
155.9,24.968,12.303,20.642
156,24.959,12.299,20.632
156.1,24.949,12.294,20.622
156.2,24.939,12.29,20.612
156.3,24.93,12.286,20.602
156.4,24.92,12.281,20.592
156.5,24.91,12.276,20.582
156.6,24.901,12.272,20.572
156.7,24.891,12.267,20.562
156.8,24.881,12.263,20.552
156.9,24.872,12.258,20.542
157,24.862,12.254,20.532
157.1,24.853,12.249,20.522
157.2,24.843,12.245,20.512
157.3,24.833,12.24,20.502
157.4,24.824,12.235,20.492
157.5,24.814,12.231,20.482
157.6,24.805,12.226,20.472
157.7,24.795,12.222,20.462
157.8,24.786,12.217,20.452
157.9,24.776,12.213,20.443
158,24.767,12.208,20.433
158.1,24.757,12.204,20.423
158.2,24.748,12.199,20.413
158.3,24.739,12.195,20.403
158.4,24.73,12.19,20.394
158.5,24.72,12.186,20.384
158.6,24.711,12.181,20.374
158.7,24.702,12.177,20.364
158.8,24.693,12.172,20.355
158.9,24.684,12.168,20.345
159,24.675,12.163,20.335
159.1,24.666,12.159,20.325
159.2,24.657,12.154,20.316
159.3,24.648,12.15,20.306
159.4,24.639,12.146,20.296
159.5,24.63,12.141,20.287
159.6,24.621,12.137,20.277
159.7,24.612,12.132,20.268
159.8,24.603,12.128,20.258
159.9,24.594,12.123,20.248
160,24.585,12.119,20.238
160.1,24.576,12.115,20.229
160.2,24.567,12.11,20.219
160.3,24.559,12.106,20.209
160.4,24.55,12.101,20.199
160.5,24.541,12.097,20.19
160.6,24.532,12.092,20.18
160.7,24.523,12.088,20.17
160.8,24.514,12.084,20.161
160.9,24.506,12.079,20.151
161,24.497,12.075,20.141
161.1,24.488,12.07,20.132
161.2,24.479,12.066,20.122
161.3,24.471,12.062,20.112
161.4,24.462,12.057,20.103
161.5,24.453,12.053,20.093
161.6,24.445,12.049,20.083
161.7,24.436,12.044,20.074
161.8,24.427,12.04,20.064
161.9,24.419,12.036,20.054
162,24.41,12.031,20.045
162.1,24.401,12.027,20.035
162.2,24.393,12.022,20.025
162.3,24.384,12.018,20.016
162.4,24.375,12.014,20.006
162.5,24.367,12.009,19.997
162.6,24.358,12.005,19.987
162.7,24.35,12.001,19.978
162.8,24.341,11.996,19.968
162.9,24.333,11.992,19.958
163,24.324,11.988,19.949
163.1,24.316,11.984,19.939
163.2,24.307,11.979,19.93
163.3,24.299,11.975,19.92
163.4,24.29,11.971,19.911
163.5,24.282,11.966,19.901
163.6,24.273,11.962,19.892
163.7,24.265,11.958,19.882
163.8,24.256,11.954,19.873
163.9,24.248,11.949,19.863
164,24.239,11.945,19.854
164.1,24.231,11.941,19.845
164.2,24.223,11.936,19.835
164.3,24.214,11.932,19.826
164.4,24.206,11.928,19.816
164.5,24.197,11.924,19.807
164.6,24.189,11.919,19.797
164.7,24.181,11.915,19.788
164.8,24.172,11.911,19.779
164.9,24.164,11.907,19.769
165,24.155,11.903,19.76
165.1,24.147,11.898,19.75
165.2,24.139,11.894,19.741
165.3,24.13,11.89,19.732
165.4,24.122,11.886,19.722
165.5,24.114,11.881,19.713
165.6,24.106,11.877,19.704
165.7,24.098,11.873,19.694
165.8,24.089,11.869,19.685
165.9,24.081,11.865,19.676
166,24.073,11.86,19.666
166.1,24.065,11.856,19.657
166.2,24.057,11.852,19.648
166.3,24.049,11.847,19.638
166.4,24.041,11.843,19.629
166.5,24.033,11.839,19.62
166.6,24.025,11.835,19.61
166.7,24.017,11.83,19.601
166.8,24.009,11.826,19.592
166.9,24.001,11.822,19.582
167,23.993,11.817,19.573
167.1,23.985,11.813,19.564
167.2,23.977,11.809,19.554
167.3,23.969,11.805,19.545
167.4,23.961,11.8,19.535
167.5,23.953,11.796,19.526
167.6,23.945,11.792,19.517
167.7,23.937,11.787,19.507
167.8,23.929,11.783,19.498
167.9,23.921,11.779,19.489
168,23.913,11.775,19.479
168.1,23.905,11.77,19.47
168.2,23.897,11.766,19.461
168.3,23.889,11.762,19.451
168.4,23.881,11.758,19.442
168.5,23.873,11.753,19.433
168.6,23.866,11.749,19.423
168.7,23.858,11.745,19.414
168.8,23.85,11.74,19.405
168.9,23.842,11.736,19.395
169,23.834,11.732,19.386
169.1,23.826,11.728,19.377
169.2,23.819,11.723,19.368
169.3,23.811,11.719,19.358
169.4,23.803,11.715,19.349
169.5,23.795,11.711,19.34
169.6,23.787,11.706,19.33
169.7,23.78,11.702,19.321
169.8,23.772,11.698,19.312
169.9,23.764,11.694,19.303
170,23.756,11.689,19.293
170.1,23.749,11.685,19.284
170.2,23.741,11.681,19.275
170.3,23.733,11.677,19.266
170.4,23.726,11.673,19.256
170.5,23.718,11.668,19.247
170.6,23.71,11.664,19.238
170.7,23.703,11.66,19.229
170.8,23.695,11.656,19.22
170.9,23.687,11.651,19.21
171,23.68,11.647,19.201
171.1,23.672,11.643,19.192
171.2,23.664,11.639,19.183
171.3,23.657,11.635,19.174
171.4,23.649,11.63,19.164
171.5,23.641,11.626,19.155
171.6,23.634,11.622,19.146
171.7,23.626,11.618,19.137
171.8,23.618,11.613,19.128
171.9,23.611,11.609,19.119
172,23.603,11.605,19.109
172.1,23.596,11.601,19.1
172.2,23.588,11.597,19.091
172.3,23.581,11.592,19.082
172.4,23.573,11.588,19.073
172.5,23.565,11.584,19.064
172.6,23.558,11.58,19.055
172.7,23.55,11.576,19.045
172.8,23.543,11.571,19.036
172.9,23.535,11.567,19.027
173,23.528,11.563,19.018
173.1,23.52,11.559,19.009
173.2,23.513,11.555,19
173.3,23.505,11.551,18.991
173.4,23.498,11.546,18.982
173.5,23.491,11.542,18.973
173.6,23.483,11.538,18.964
173.7,23.476,11.534,18.954
173.8,23.468,11.53,18.945
173.9,23.461,11.525,18.936
174,23.453,11.521,18.927
174.1,23.446,11.517,18.918
174.2,23.439,11.513,18.909
174.3,23.431,11.509,18.9
174.4,23.424,11.505,18.891
174.5,23.417,11.5,18.882
174.6,23.409,11.496,18.873
174.7,23.402,11.492,18.864
174.8,23.394,11.488,18.855
174.9,23.387,11.484,18.846
175,23.38,11.48,18.837
175.1,23.372,11.475,18.828
175.2,23.365,11.471,18.819
175.3,23.358,11.467,18.81
175.4,23.35,11.463,18.801
175.5,23.343,11.459,18.792
175.6,23.336,11.455,18.783
175.7,23.328,11.45,18.774
175.8,23.321,11.446,18.765
175.9,23.314,11.442,18.756
176,23.307,11.437,18.747
176.1,23.299,11.433,18.738
176.2,23.292,11.428,18.729
176.3,23.285,11.424,18.72
176.4,23.278,11.42,18.711
176.5,23.27,11.415,18.702
176.6,23.263,11.411,18.693
176.7,23.256,11.407,18.684
176.8,23.249,11.402,18.675
176.9,23.241,11.398,18.667
177,23.234,11.393,18.658
177.1,23.227,11.389,18.649
177.2,23.22,11.385,18.64
177.3,23.212,11.38,18.631
177.4,23.205,11.376,18.622
177.5,23.198,11.372,18.613
177.6,23.191,11.367,18.604
177.7,23.184,11.363,18.595
177.8,23.176,11.358,18.587
177.9,23.169,11.354,18.578
178,23.162,11.35,18.569
178.1,23.155,11.345,18.56
178.2,23.148,11.341,18.551
178.3,23.141,11.336,18.542
178.4,23.133,11.332,18.534
178.5,23.126,11.328,18.525
178.6,23.119,11.323,18.516
178.7,23.112,11.319,18.507
178.8,23.105,11.314,18.498
178.9,23.098,11.31,18.489
179,23.091,11.306,18.481
179.1,23.083,11.301,18.472
179.2,23.076,11.297,18.463
179.3,23.069,11.292,18.454
179.4,23.062,11.288,18.445
179.5,23.055,11.283,18.437
179.6,23.048,11.279,18.428
179.7,23.041,11.275,18.419
179.8,23.034,11.27,18.41
179.9,23.027,11.266,18.402
180,23.019,11.261,18.393
180.1,23.013,11.257,18.384
180.2,23.007,11.252,18.375
180.3,23,11.248,18.367
180.4,22.994,11.244,18.358
180.5,22.988,11.239,18.349
180.6,22.982,11.235,18.34
180.7,22.975,11.23,18.332
180.8,22.969,11.226,18.323
180.9,22.963,11.221,18.314
181,22.957,11.217,18.306
181.1,22.951,11.212,18.297
181.2,22.945,11.208,18.288
181.3,22.939,11.204,18.279
181.4,22.933,11.199,18.271
181.5,22.927,11.195,18.262
181.6,22.921,11.19,18.253
181.7,22.915,11.186,18.245
181.8,22.909,11.181,18.236
181.9,22.903,11.177,18.227
182,22.898,11.172,18.219
182.1,22.892,11.168,18.21
182.2,22.886,11.163,18.201
182.3,22.881,11.159,18.193
182.4,22.875,11.154,18.184
182.5,22.869,11.15,18.176
182.6,22.864,11.145,18.167
182.7,22.858,11.141,18.158
182.8,22.853,11.137,18.15
182.9,22.848,11.132,18.141
183,22.842,11.128,18.132
183.1,22.837,11.123,18.124
183.2,22.832,11.119,18.115
183.3,22.826,11.114,18.107
183.4,22.821,11.11,18.098
183.5,22.816,11.105,18.09
183.6,22.811,11.101,18.081
183.7,22.806,11.096,18.072
183.8,22.801,11.092,18.064
183.9,22.796,11.087,18.055
184,22.791,11.083,18.047
184.1,22.786,11.078,18.038
184.2,22.781,11.074,18.03
184.3,22.776,11.069,18.021
184.4,22.771,11.065,18.012
184.5,22.767,11.06,18.004
184.6,22.762,11.056,17.995
184.7,22.757,11.051,17.987
184.8,22.753,11.046,17.978
184.9,22.748,11.042,17.97
185,22.744,11.037,17.961
185.1,22.739,11.033,17.953
185.2,22.735,11.028,17.944
185.3,22.73,11.024,17.936
185.4,22.726,11.019,17.927
185.5,22.722,11.015,17.919
185.6,22.718,11.01,17.911
185.7,22.713,11.006,17.902
185.8,22.709,11.001,17.894
185.9,22.705,10.997,17.885
186,22.701,10.992,17.877
186.1,22.697,10.988,17.868
186.2,22.693,10.983,17.86
186.3,22.689,10.979,17.852
186.4,22.686,10.974,17.843
186.5,22.682,10.969,17.835
186.6,22.678,10.965,17.826
186.7,22.674,10.96,17.818
186.8,22.671,10.956,17.81
186.9,22.667,10.951,17.801
187,22.664,10.947,17.793
187.1,22.66,10.942,17.785
187.2,22.657,10.938,17.776
187.3,22.654,10.933,17.768
187.4,22.65,10.928,17.76
187.5,22.646,10.924,17.751
187.6,22.643,10.919,17.743
187.7,22.639,10.914,17.735
187.8,22.636,10.91,17.726
187.9,22.632,10.905,17.718
188,22.629,10.9,17.71
188.1,22.626,10.896,17.701
188.2,22.622,10.891,17.693
188.3,22.619,10.886,17.685
188.4,22.616,10.881,17.676
188.5,22.613,10.877,17.668
188.6,22.61,10.872,17.66
188.7,22.607,10.867,17.652
188.8,22.604,10.862,17.643
188.9,22.601,10.858,17.635
189,22.598,10.853,17.627
189.1,22.595,10.848,17.619
189.2,22.592,10.844,17.61
189.3,22.589,10.839,17.602
189.4,22.586,10.834,17.594
189.5,22.584,10.829,17.586
189.6,22.581,10.824,17.578
189.7,22.578,10.82,17.569
189.8,22.576,10.815,17.561
189.9,22.573,10.81,17.553
190,22.57,10.805,17.545
190.1,22.568,10.801,17.537
190.2,22.566,10.796,17.528
190.3,22.563,10.791,17.52
190.4,22.561,10.786,17.512
190.5,22.559,10.781,17.504
190.6,22.556,10.777,17.496
190.7,22.554,10.772,17.488
190.8,22.552,10.767,17.479
190.9,22.55,10.762,17.471
191,22.548,10.757,17.463
191.1,22.546,10.753,17.455
191.2,22.544,10.748,17.447
191.3,22.542,10.743,17.439
191.4,22.54,10.738,17.431
191.5,22.538,10.733,17.423
191.6,22.536,10.728,17.414
191.7,22.535,10.724,17.406
191.8,22.533,10.719,17.398
191.9,22.531,10.714,17.39
192,22.53,10.709,17.382
192.1,22.528,10.704,17.374
192.2,22.527,10.699,17.366
192.3,22.525,10.694,17.358
192.4,22.524,10.69,17.35
192.5,22.522,10.685,17.342
192.6,22.521,10.68,17.334
192.7,22.52,10.675,17.326
192.8,22.518,10.67,17.318
192.9,22.517,10.665,17.31
193,22.516,10.66,17.302
193.1,22.515,10.655,17.294
193.2,22.514,10.651,17.286
193.3,22.513,10.646,17.278
193.4,22.512,10.641,17.27
193.5,22.511,10.636,17.262
193.6,22.51,10.631,17.254
193.7,22.51,10.626,17.246
193.8,22.509,10.621,17.238
193.9,22.508,10.616,17.23
194,22.508,10.611,17.222
194.1,22.507,10.606,17.214
194.2,22.506,10.601,17.206
194.3,22.506,10.596,17.198
194.4,22.505,10.591,17.19
194.5,22.505,10.587,17.182
194.6,22.505,10.582,17.174
194.7,22.504,10.577,17.166
194.8,22.503,10.572,17.158
194.9,22.502,10.567,17.15
195,22.502,10.562,17.142
195.1,22.501,10.557,17.134
195.2,22.5,10.552,17.127
195.3,22.5,10.547,17.119
195.4,22.499,10.542,17.111
195.5,22.498,10.537,17.103
195.6,22.498,10.532,17.095
195.7,22.497,10.527,17.087
195.8,22.497,10.522,17.079
195.9,22.496,10.517,17.071
196,22.496,10.512,17.063
196.1,22.496,10.507,17.055
196.2,22.495,10.502,17.047
196.3,22.495,10.497,17.039
196.4,22.494,10.492,17.031
196.5,22.494,10.487,17.023
196.6,22.494,10.482,17.015
196.7,22.494,10.477,17.008
196.8,22.493,10.472,17
196.9,22.493,10.467,16.992
197,22.493,10.462,16.984
197.1,22.493,10.457,16.976
197.2,22.493,10.452,16.968
197.3,22.493,10.447,16.96
197.4,22.493,10.441,16.952
197.5,22.493,10.436,16.945
197.6,22.493,10.431,16.937
197.7,22.493,10.426,16.929
197.8,22.493,10.421,16.921
197.9,22.493,10.416,16.913
198,22.493,10.411,16.905
198.1,22.493,10.406,16.898
198.2,22.494,10.401,16.89
198.3,22.494,10.396,16.882
198.4,22.494,10.391,16.874
198.5,22.494,10.386,16.866
198.6,22.495,10.381,16.858
198.7,22.495,10.375,16.851
198.8,22.495,10.37,16.843
198.9,22.496,10.365,16.835
199,22.496,10.36,16.827
199.1,22.496,10.355,16.819
199.2,22.497,10.35,16.812
199.3,22.497,10.345,16.804
199.4,22.498,10.34,16.796
199.5,22.498,10.335,16.788
199.6,22.499,10.33,16.781
199.7,22.5,10.324,16.773
199.8,22.5,10.319,16.765
199.9,22.501,10.314,16.757
200,22.501,10.309,16.749
200.1,22.502,10.304,16.742
200.2,22.503,10.299,16.734
200.3,22.504,10.294,16.726
200.4,22.504,10.289,16.718
200.5,22.505,10.284,16.711
200.6,22.506,10.278,16.703
200.7,22.507,10.273,16.695
200.8,22.508,10.268,16.688
200.9,22.508,10.263,16.68
201,22.509,10.258,16.672
201.1,22.51,10.253,16.664
201.2,22.511,10.248,16.657
201.3,22.512,10.243,16.649
201.4,22.513,10.237,16.641
201.5,22.514,10.232,16.634
201.6,22.515,10.227,16.626
201.7,22.516,10.222,16.618
201.8,22.517,10.217,16.611
201.9,22.518,10.212,16.603
202,22.52,10.207,16.595
202.1,22.521,10.201,16.588
202.2,22.522,10.196,16.58
202.3,22.523,10.191,16.572
202.4,22.524,10.186,16.565
202.5,22.526,10.181,16.557
202.6,22.527,10.176,16.549
202.7,22.528,10.17,16.542
202.8,22.529,10.165,16.534
202.9,22.531,10.16,16.527
203,22.532,10.155,16.519
203.1,22.533,10.15,16.511
203.2,22.534,10.144,16.504
203.3,22.536,10.139,16.496
203.4,22.537,10.134,16.488
203.5,22.538,10.129,16.481
203.6,22.539,10.124,16.473
203.7,22.541,10.118,16.466
203.8,22.542,10.113,16.458
203.9,22.543,10.108,16.451
204,22.545,10.103,16.443
204.1,22.546,10.098,16.435
204.2,22.547,10.092,16.428
204.3,22.549,10.087,16.42
204.4,22.55,10.082,16.412
204.5,22.552,10.077,16.405
204.6,22.553,10.071,16.397
204.7,22.555,10.066,16.389
204.8,22.556,10.061,16.382
204.9,22.557,10.056,16.374
205,22.559,10.05,16.366
205.1,22.56,10.045,16.359
205.2,22.562,10.04,16.351
205.3,22.563,10.035,16.343
205.4,22.565,10.029,16.336
205.5,22.567,10.024,16.328
205.6,22.568,10.019,16.32
205.7,22.57,10.014,16.312
205.8,22.571,10.008,16.305
205.9,22.573,10.003,16.297
206,22.574,9.9979,16.289
206.1,22.576,9.9926,16.282
206.2,22.578,9.9873,16.274
206.3,22.579,9.982,16.266
206.4,22.581,9.9768,16.259
206.5,22.583,9.9715,16.251
206.6,22.584,9.9662,16.244
206.7,22.586,9.9609,16.236
206.8,22.588,9.9556,16.228
206.9,22.589,9.9503,16.221
207,22.591,9.945,16.213
207.1,22.593,9.9397,16.205
207.2,22.594,9.9344,16.198
207.3,22.596,9.9291,16.19
207.4,22.598,9.9237,16.182
207.5,22.6,9.9184,16.175
207.6,22.601,9.9131,16.167
207.7,22.603,9.9078,16.16
207.8,22.605,9.9024,16.152
207.9,22.607,9.8971,16.144
208,22.609,9.8918,16.137
208.1,22.61,9.8864,16.129
208.2,22.612,9.8811,16.121
208.3,22.614,9.8758,16.114
208.4,22.616,9.8704,16.106
208.5,22.618,9.8651,16.099
208.6,22.619,9.8597,16.091
208.7,22.621,9.8544,16.083
208.8,22.623,9.849,16.076
208.9,22.625,9.8437,16.068
209,22.627,9.8383,16.061
209.1,22.629,9.8329,16.053
209.2,22.63,9.8276,16.045
209.3,22.632,9.8222,16.038
209.4,22.634,9.8168,16.03
209.5,22.636,9.8114,16.023
209.6,22.638,9.8061,16.015
209.7,22.64,9.8007,16.008
209.8,22.642,9.7953,16
209.9,22.644,9.7899,15.992
210,22.645,9.7845,15.985
210.1,22.647,9.7791,15.977
210.2,22.649,9.7737,15.97
210.3,22.651,9.7683,15.962
210.4,22.653,9.7629,15.955
210.5,22.655,9.7575,15.947
210.6,22.657,9.7521,15.94
210.7,22.659,9.7467,15.932
210.8,22.661,9.7413,15.924
210.9,22.663,9.7358,15.917
211,22.665,9.7304,15.909
211.1,22.667,9.725,15.902
211.2,22.669,9.7197,15.894
211.3,22.671,9.7143,15.887
211.4,22.673,9.709,15.879
211.5,22.675,9.7036,15.872
211.6,22.677,9.6983,15.864
211.7,22.679,9.6929,15.857
211.8,22.681,9.6876,15.849
211.9,22.684,9.6822,15.842
212,22.686,9.6769,15.834
212.1,22.688,9.6715,15.827
212.2,22.69,9.6661,15.819
212.3,22.692,9.6608,15.812
212.4,22.694,9.6554,15.804
212.5,22.696,9.65,15.797
212.6,22.699,9.6447,15.789
212.7,22.701,9.6393,15.782
212.8,22.703,9.6339,15.774
212.9,22.705,9.6286,15.767
213,22.707,9.6232,15.759
213.1,22.709,9.6178,15.752
213.2,22.712,9.6125,15.744
213.3,22.714,9.6071,15.737
213.4,22.716,9.6017,15.729
213.5,22.718,9.5963,15.722
213.6,22.72,9.5909,15.714
213.7,22.723,9.5855,15.707
213.8,22.725,9.5802,15.699
213.9,22.727,9.5748,15.692
214,22.729,9.5694,15.684
214.1,22.731,9.564,15.677
214.2,22.734,9.5586,15.669
214.3,22.736,9.5532,15.662
214.4,22.738,9.5478,15.655
214.5,22.74,9.5424,15.647
214.6,22.743,9.537,15.64
214.7,22.745,9.5316,15.632
214.8,22.747,9.5262,15.625
214.9,22.749,9.5208,15.617
215,22.752,9.5154,15.61
215.1,22.754,9.51,15.602
215.2,22.756,9.5046,15.595
215.3,22.758,9.4992,15.588
215.4,22.761,9.4938,15.58
215.5,22.763,9.4884,15.573
215.6,22.765,9.483,15.565
215.7,22.767,9.4775,15.558
215.8,22.77,9.4721,15.55
215.9,22.772,9.4667,15.543
216,22.774,9.4613,15.536
216.1,22.776,9.4559,15.528
216.2,22.779,9.4504,15.521
216.3,22.781,9.445,15.513
216.4,22.783,9.4396,15.506
216.5,22.785,9.4342,15.499
216.6,22.788,9.4287,15.491
216.7,22.79,9.4233,15.484
216.8,22.792,9.4179,15.476
216.9,22.795,9.4124,15.469
217,22.797,9.407,15.462
217.1,22.799,9.4016,15.454
217.2,22.801,9.3961,15.447
217.3,22.804,9.3907,15.44
217.4,22.806,9.3852,15.432
217.5,22.808,9.3798,15.425
217.6,22.81,9.3744,15.417
217.7,22.813,9.3689,15.41
217.8,22.815,9.3635,15.403
217.9,22.817,9.358,15.395
218,22.82,9.3526,15.388
218.1,22.822,9.3471,15.381
218.2,22.824,9.3417,15.373
218.3,22.826,9.3362,15.366
218.4,22.829,9.3307,15.359
218.5,22.831,9.3253,15.351
218.6,22.833,9.3198,15.344
218.7,22.835,9.3144,15.337
218.8,22.838,9.3089,15.329
218.9,22.84,9.3034,15.322
219,22.842,9.298,15.314
219.1,22.844,9.2925,15.307
219.2,22.847,9.287,15.3
219.3,22.849,9.2816,15.292
219.4,22.852,9.2761,15.285
219.5,22.854,9.2706,15.278
219.6,22.856,9.2651,15.271
219.7,22.859,9.2597,15.263
219.8,22.861,9.2542,15.256
219.9,22.864,9.2487,15.249
220,22.866,9.2432,15.241
220.1,22.869,9.2377,15.234
220.2,22.871,9.2322,15.227
220.3,22.873,9.2268,15.219
220.4,22.876,9.2213,15.212
220.5,22.878,9.2158,15.204
220.6,22.881,9.2103,15.197
220.7,22.883,9.2048,15.19
220.8,22.886,9.1993,15.182
220.9,22.888,9.1938,15.175
221,22.891,9.1883,15.167
221.1,22.893,9.1828,15.16
221.2,22.896,9.1773,15.153
221.3,22.898,9.1718,15.145
221.4,22.9,9.1663,15.138
221.5,22.903,9.1608,15.13
221.6,22.905,9.1553,15.123
221.7,22.908,9.1498,15.116
221.8,22.91,9.1443,15.108
221.9,22.913,9.1388,15.101
222,22.915,9.1332,15.093
222.1,22.918,9.1277,15.086
222.2,22.92,9.1222,15.078
222.3,22.923,9.1167,15.071
222.4,22.925,9.1112,15.064
222.5,22.928,9.1057,15.056
222.6,22.93,9.1001,15.049
222.7,22.933,9.0946,15.041
222.8,22.935,9.0891,15.034
222.9,22.938,9.0836,15.027
223,22.94,9.078,15.019
223.1,22.943,9.0725,15.012
223.2,22.945,9.067,15.004
223.3,22.948,9.0615,14.997
223.4,22.95,9.056,14.99
223.5,22.953,9.0505,14.982
223.6,22.955,9.045,14.975
223.7,22.958,9.0395,14.968
223.8,22.96,9.034,14.96
223.9,22.963,9.0285,14.953
224,22.965,9.0229,14.945
224.1,22.968,9.0174,14.938
224.2,22.97,9.0119,14.931
224.3,22.973,9.0064,14.923
224.4,22.975,9.0009,14.916
224.5,22.978,8.9954,14.908
224.6,22.98,8.9898,14.901
224.7,22.983,8.9843,14.894
224.8,22.986,8.9788,14.886
224.9,22.988,8.9733,14.879
225,22.991,8.9678,14.872
225.1,22.993,8.9622,14.864
225.2,22.996,8.9567,14.857
225.3,22.998,8.9512,14.849
225.4,23.001,8.9457,14.842
225.5,23.003,8.9402,14.835
225.6,23.006,8.9346,14.827
225.7,23.008,8.9291,14.82
225.8,23.011,8.9236,14.813
225.9,23.013,8.9181,14.805
226,23.016,8.9125,14.798
226.1,23.018,8.907,14.791
226.2,23.021,8.9015,14.783
226.3,23.023,8.896,14.776
226.4,23.026,8.8904,14.768
226.5,23.028,8.8849,14.761
226.6,23.031,8.8794,14.754
226.7,23.034,8.8739,14.746
226.8,23.036,8.8683,14.739
226.9,23.039,8.8628,14.732
227,23.041,8.8573,14.724
227.1,23.044,8.8517,14.717
227.2,23.046,8.8462,14.71
227.3,23.049,8.8407,14.702
227.4,23.051,8.8352,14.695
227.5,23.054,8.8296,14.688
227.6,23.057,8.8241,14.68
227.7,23.059,8.8186,14.673
227.8,23.062,8.813,14.666
227.9,23.064,8.8075,14.658
228,23.067,8.802,14.651
228.1,23.07,8.7964,14.644
228.2,23.072,8.7909,14.636
228.3,23.075,8.7854,14.629
228.4,23.078,8.7798,14.621
228.5,23.08,8.7743,14.614
228.6,23.083,8.7688,14.607
228.7,23.085,8.7632,14.599
228.8,23.088,8.7577,14.592
228.9,23.091,8.7521,14.585
229,23.093,8.7466,14.577
229.1,23.096,8.7411,14.57
229.2,23.099,8.7355,14.563
229.3,23.101,8.73,14.555
229.4,23.104,8.7245,14.548
229.5,23.107,8.7189,14.541
229.6,23.109,8.7134,14.533
229.7,23.112,8.7079,14.526
229.8,23.115,8.7023,14.519
229.9,23.117,8.6968,14.512
230,23.12,8.6912,14.504
230.1,23.123,8.6857,14.497
230.2,23.125,8.6802,14.49
230.3,23.128,8.6746,14.482
230.4,23.131,8.6691,14.475
230.5,23.133,8.6636,14.468
230.6,23.136,8.658,14.46
230.7,23.139,8.6525,14.453
230.8,23.141,8.6469,14.446
230.9,23.144,8.6414,14.438
231,23.147,8.6359,14.431
231.1,23.149,8.6303,14.424
231.2,23.152,8.6248,14.416
231.3,23.155,8.6192,14.409
231.4,23.157,8.6137,14.402
231.5,23.16,8.6082,14.394
231.6,23.163,8.6026,14.387
231.7,23.165,8.5971,14.38
231.8,23.168,8.5915,14.373
231.9,23.171,8.586,14.365
232,23.174,8.5805,14.358
232.1,23.176,8.5749,14.351
232.2,23.179,8.5694,14.343
232.3,23.182,8.5639,14.336
232.4,23.184,8.5583,14.329
232.5,23.187,8.5528,14.321
232.6,23.19,8.5472,14.314
232.7,23.193,8.5417,14.307
232.8,23.195,8.5362,14.3
232.9,23.198,8.5306,14.292
233,23.201,8.5251,14.285
233.1,23.203,8.5195,14.278
233.2,23.206,8.514,14.27
233.3,23.209,8.5085,14.263
233.4,23.212,8.5029,14.256
233.5,23.214,8.4974,14.249
233.6,23.217,8.4918,14.241
233.7,23.22,8.4863,14.234
233.8,23.222,8.4808,14.227
233.9,23.225,8.4752,14.219
234,23.228,8.4697,14.212
234.1,23.231,8.4642,14.205
234.2,23.233,8.4586,14.198
234.3,23.236,8.4531,14.19
234.4,23.239,8.4475,14.183
234.5,23.242,8.442,14.176
234.6,23.244,8.4365,14.168
234.7,23.247,8.4309,14.161
234.8,23.25,8.4254,14.154
234.9,23.253,8.4199,14.147
235,23.255,8.4143,14.139
235.1,23.258,8.4088,14.132
235.2,23.261,8.4033,14.125
235.3,23.264,8.3977,14.118
235.4,23.266,8.3922,14.11
235.5,23.269,8.3867,14.103
235.6,23.272,8.3811,14.096
235.7,23.275,8.3756,14.089
235.8,23.278,8.3701,14.081
235.9,23.28,8.3645,14.074
236,23.283,8.359,14.067
236.1,23.286,8.3535,14.059
236.2,23.289,8.3479,14.052
236.3,23.291,8.3424,14.045
236.4,23.294,8.3369,14.038
236.5,23.297,8.3313,14.03
236.6,23.3,8.3258,14.023
236.7,23.303,8.3203,14.016
236.8,23.305,8.3148,14.009
236.9,23.308,8.3092,14.001
237,23.311,8.3037,13.994
237.1,23.314,8.2982,13.987
237.2,23.317,8.2926,13.979
237.3,23.319,8.2871,13.972
237.4,23.322,8.2816,13.965
237.5,23.325,8.2761,13.958
237.6,23.328,8.2705,13.95
237.7,23.331,8.265,13.943
237.8,23.333,8.2595,13.936
237.9,23.336,8.254,13.928
238,23.339,8.2484,13.921
238.1,23.342,8.2429,13.914
238.2,23.345,8.2374,13.907
238.3,23.348,8.2319,13.899
238.4,23.35,8.2263,13.892
238.5,23.353,8.2208,13.885
238.6,23.356,8.2153,13.877
238.7,23.359,8.2098,13.87
238.8,23.362,8.2043,13.863
238.9,23.365,8.1988,13.856
239,23.367,8.1932,13.848
239.1,23.37,8.1877,13.841
239.2,23.373,8.1822,13.834
239.3,23.376,8.1767,13.826
239.4,23.379,8.1712,13.819
239.5,23.382,8.1657,13.812
239.6,23.384,8.1601,13.805
239.7,23.387,8.1546,13.797
239.8,23.39,8.1491,13.79
239.9,23.393,8.1436,13.783
240,23.396,8.1381,13.775
