0,0.04,0.027955,0.0093319
0.1,0.080064,0.055911,0.01867
0.2,0.12026,0.083868,0.028022
0.3,0.16066,0.11183,0.037395
0.4,0.20133,0.13979,0.046796
0.5,0.24234,0.16776,0.056231
0.6,0.28376,0.19573,0.065707
0.7,0.32567,0.22371,0.075233
0.8,0.36813,0.25169,0.084814
0.9,0.41121,0.27968,0.094457
1,0.45497,0.30767,0.10417
1.1,0.49949,0.33566,0.11396
1.2,0.54483,0.36366,0.12383
1.3,0.59106,0.39167,0.13379
1.4,0.63824,0.41969,0.14385
1.5,0.68643,0.44771,0.15402
1.6,0.73571,0.47574,0.16429
1.7,0.78612,0.50378,0.17468
1.8,0.83774,0.53183,0.1852
1.9,0.89061,0.55988,0.19584
2,0.94482,0.58795,0.20662
2.1,1.0004,0.61602,0.21755
2.2,1.0574,0.6441,0.22862
2.3,1.116,0.67219,0.23986
2.4,1.176,0.7003,0.25125
2.5,1.2377,0.72841,0.26281
2.6,1.3011,0.75654,0.27454
2.7,1.3662,0.78467,0.28646
2.8,1.433,0.81282,0.29857
2.9,1.5017,0.84098,0.31086
3,1.5722,0.86915,0.32336
3.1,1.6447,0.89733,0.33606
3.2,1.7192,0.92553,0.34897
3.3,1.7957,0.95374,0.3621
3.4,1.8743,0.98195,0.37546
3.5,1.955,1.0102,0.38904
3.6,2.0379,1.0384,0.40285
3.7,2.123,1.0667,0.41691
3.8,2.2104,1.095,0.43121
3.9,2.3001,1.1232,0.44576
4,2.3921,1.1515,0.46056
4.1,2.4866,1.1799,0.47563
4.2,2.5835,1.2082,0.49097
4.3,2.6829,1.2365,0.50658
4.4,2.7849,1.2649,0.52247
4.5,2.8894,1.2933,0.53864
4.6,2.9965,1.3217,0.5551
4.7,3.1063,1.3501,0.57185
4.8,3.2188,1.3785,0.58891
4.9,3.334,1.4069,0.60626
5,3.4521,1.4354,0.62393
5.1,3.5729,1.4638,0.64191
5.2,3.6966,1.4923,0.66021
5.3,3.8232,1.5208,0.67884
5.4,3.9527,1.5494,0.69779
5.5,4.0852,1.5779,0.71708
5.6,4.2207,1.6065,0.7367
5.7,4.3592,1.635,0.75667
5.8,4.5009,1.6636,0.77699
5.9,4.6456,1.6923,0.79766
6,4.7934,1.7209,0.81869
6.1,4.9445,1.7495,0.84008
6.2,5.0987,1.7782,0.86184
6.3,5.2562,1.8069,0.88397
6.4,5.417,1.8356,0.90648
6.5,5.5811,1.8644,0.92936
6.6,5.7485,1.8931,0.95263
6.7,5.9193,1.9219,0.97629
6.8,6.0935,1.9507,1.0003
6.9,6.2711,1.9795,1.0248
7,6.4522,2.0083,1.0497
7.1,6.6368,2.0372,1.0749
7.2,6.8249,2.066,1.1006
7.3,7.0165,2.0949,1.1267
7.4,7.2118,2.1239,1.1532
7.5,7.4106,2.1528,1.1801
7.6,7.613,2.1818,1.2075
7.7,7.8191,2.2107,1.2352
7.8,8.0289,2.2397,1.2635
7.9,8.2425,2.2688,1.2921
8,8.4597,2.2978,1.3212
8.1,8.6807,2.3269,1.3508
8.2,8.9055,2.356,1.3808
8.3,9.1341,2.3851,1.4112
8.4,9.3666,2.4142,1.4422
8.5,9.6029,2.4434,1.4735
8.6,9.8431,2.4726,1.5054
8.7,10.087,2.5018,1.5377
8.8,10.335,2.5311,1.5705
8.9,10.587,2.5603,1.6038
9,10.843,2.5896,1.6375
9.1,11.103,2.6189,1.6717
9.2,11.367,2.6482,1.7065
9.3,11.635,2.6776,1.7417
9.4,11.907,2.707,1.7774
9.5,12.183,2.7364,1.8136
9.6,12.464,2.7658,1.8503
9.7,12.748,2.7953,1.8875
9.8,13.037,2.8247,1.9252
9.9,13.33,2.8543,1.9634
10,13.626,2.8838,2.0022
10.1,13.928,2.9133,2.0415
10.2,14.233,2.9429,2.0812
10.3,14.543,2.9725,2.1216
10.4,14.856,3.0022,2.1624
10.5,15.175,3.0318,2.2038
10.6,15.497,3.0615,2.2457
10.7,15.824,3.0912,2.2881
10.8,16.155,3.121,2.3311
10.9,16.49,3.1507,2.3747
11,16.83,3.1805,2.4187
11.1,17.174,3.2103,2.4634
11.2,17.523,3.2402,2.5086
11.3,17.876,3.2701,2.5543
11.4,18.234,3.3,2.6006
11.5,18.596,3.3299,2.6475
11.6,18.962,3.3598,2.6949
11.7,19.333,3.3898,2.7429
11.8,19.708,3.4198,2.7915
11.9,20.088,3.4499,2.8406
12,20.473,3.4799,2.8903
12.1,20.862,3.51,2.9406
12.2,21.255,3.5401,2.9915
12.3,21.653,3.5703,3.043
12.4,22.056,3.6005,3.095
12.5,22.463,3.6307,3.1477
12.6,22.875,3.6609,3.2009
12.7,23.292,3.6912,3.2547
12.8,23.713,3.7214,3.3092
12.9,24.139,3.7518,3.3642
13,24.569,3.7821,3.4198
13.1,25.005,3.8125,3.4761
13.2,25.444,3.8429,3.5329
13.3,25.889,3.8733,3.5904
13.4,26.338,3.9038,3.6485
13.5,26.792,3.9343,3.7072
13.6,27.251,3.9648,3.7665
13.7,27.715,3.9953,3.8264
13.8,28.183,4.0259,3.887
13.9,28.656,4.0565,3.9482
14,29.134,4.0871,4.01
14.1,29.617,4.1178,4.0725
14.2,30.104,4.1485,4.1355
14.3,30.597,4.1792,4.1993
14.4,31.094,4.21,4.2636
14.5,31.596,4.2408,4.3286
14.6,32.102,4.2716,4.3943
14.7,32.614,4.3024,4.4605
14.8,33.131,4.3333,4.5275
14.9,33.652,4.3642,4.5951
15,34.179,4.3951,4.6633
15.1,34.71,4.4261,4.7322
15.2,35.246,4.4571,4.8017
15.3,35.787,4.4881,4.8719
15.4,36.333,4.5192,4.9428
15.5,36.884,4.5503,5.0143
15.6,37.44,4.5814,5.0865
15.7,38.001,4.6125,5.1594
15.8,38.567,4.6437,5.2329
15.9,39.138,4.6749,5.3071
16,39.713,4.7061,5.3819
16.1,40.294,4.7374,5.4575
16.2,40.88,4.7687,5.5337
16.3,41.471,4.8,5.6106
16.4,42.067,4.8314,5.6882
16.5,42.667,4.8628,5.7665
16.6,43.273,4.8942,5.8454
16.7,43.884,4.9257,5.925
16.8,44.5,4.9572,6.0054
16.9,45.121,4.9887,6.0864
17,45.747,5.0202,6.1681
17.1,46.379,5.0518,6.2505
17.2,47.015,5.0834,6.3336
17.3,47.656,5.1151,6.4174
17.4,48.303,5.1467,6.5019
17.5,48.954,5.1784,6.5871
17.6,49.611,5.2102,6.673
17.7,50.272,5.2419,6.7596
17.8,50.939,5.2737,6.8469
17.9,51.611,5.3056,6.9349
18,52.288,5.3374,7.0237
18.1,52.97,5.3693,7.1131
18.2,53.658,5.4012,7.2033
18.3,54.35,5.4332,7.2941
18.4,55.048,5.4652,7.3857
18.5,55.751,5.4972,7.478
18.6,56.459,5.5293,7.5711
18.7,57.172,5.5613,7.6648
18.8,57.89,5.5935,7.7593
18.9,58.614,5.6256,7.8545
19,59.343,5.6578,7.9504
19.1,60.077,5.69,8.0471
19.2,60.816,5.7222,8.1444
19.3,61.56,5.7545,8.2426
19.4,62.31,5.7868,8.3414
19.5,63.064,5.8192,8.441
19.6,63.824,5.8515,8.5413
19.7,64.59,5.8839,8.6424
19.8,65.36,5.9164,8.7442
19.9,66.136,5.9488,8.8467
20,66.917,5.9813,8.95
20.1,67.703,6.0139,9.054
20.2,68.494,6.0464,9.1588
20.3,69.291,6.079,9.2643
20.4,70.093,6.1117,9.3705
20.5,70.9,6.1443,9.4775
20.6,71.713,6.177,9.5853
20.7,72.531,6.2097,9.6938
20.8,73.354,6.2425,9.8031
20.9,74.182,6.2753,9.9131
21,75.016,6.3081,10.024
21.1,75.855,6.341,10.135
21.2,76.699,6.3739,10.248
21.3,77.548,6.4068,10.361
21.4,78.403,6.4397,10.475
21.5,79.263,6.4727,10.589
21.6,80.129,6.5058,10.704
21.7,80.999,6.5388,10.821
21.8,81.875,6.5719,10.937
21.9,82.757,6.605,11.055
22,83.644,6.6382,11.173
22.1,84.536,6.6713,11.293
22.2,85.433,6.7046,11.413
22.3,86.336,6.7378,11.533
22.4,87.244,6.7711,11.655
22.5,88.157,6.8044,11.777
22.6,89.076,6.8378,11.9
22.7,90,6.8711,12.024
22.8,90.929,6.9046,12.148
22.9,91.864,6.938,12.274
23,92.805,6.9715,12.4
23.1,93.75,7.005,12.527
23.2,94.701,7.0385,12.655
23.3,95.657,7.0721,12.783
23.4,96.619,7.1057,12.912
23.5,97.586,7.1394,13.043
23.6,98.558,7.173,13.173
23.7,99.536,7.2067,13.305
23.8,100.52,7.2405,13.437
23.9,101.51,7.2743,13.571
24,102.5,7.3081,13.705
24.1,103.5,7.3419,13.84
24.2,104.51,7.3758,13.975
24.3,105.52,7.4097,14.112
24.4,106.53,7.4436,14.249
24.5,107.55,7.4776,14.387
24.6,108.58,7.5116,14.525
24.7,109.61,7.5456,14.665
24.8,110.65,7.5797,14.805
24.9,111.69,7.6138,14.947
25,112.74,7.648,15.089
25.1,113.79,7.6821,15.231
25.2,114.85,7.7163,15.375
25.3,115.92,7.7506,15.519
25.4,116.99,7.7848,15.665
25.5,118.06,7.8191,15.811
25.6,119.14,7.8535,15.957
25.7,120.23,7.8879,16.105
25.8,121.32,7.9223,16.254
25.9,122.42,7.9567,16.403
26,123.52,7.9912,16.553
26.1,124.63,8.0257,16.704
26.2,125.74,8.0602,16.856
26.3,126.86,8.0948,17.008
26.4,127.98,8.1294,17.161
26.5,129.11,8.164,17.316
26.6,130.25,8.1987,17.471
26.7,131.39,8.2334,17.627
26.8,132.54,8.2682,17.783
26.9,133.69,8.3029,17.941
27,134.84,8.3377,18.099
27.1,136.01,8.3726,18.258
27.2,137.17,8.4074,18.418
27.3,138.35,8.4423,18.579
27.4,139.53,8.4773,18.741
27.5,140.71,8.5123,18.903
27.6,141.9,8.5473,19.066
27.7,143.1,8.5823,19.23
27.8,144.3,8.6174,19.395
27.9,145.5,8.6525,19.561
28,146.71,8.6876,19.728
28.1,147.93,8.7228,19.895
28.2,149.15,8.758,20.064
28.3,150.38,8.7932,20.233
28.4,151.62,8.8285,20.403
28.5,152.86,8.8638,20.574
28.6,154.1,8.8992,20.746
28.7,155.35,8.9345,20.918
28.8,156.61,8.9699,21.092
28.9,157.87,9.0054,21.266
29,159.14,9.0408,21.441
29.1,160.41,9.0764,21.617
29.2,161.69,9.1119,21.794
29.3,162.98,9.1475,21.972
29.4,164.27,9.1831,22.15
29.5,165.57,9.2187,22.33
29.6,166.87,9.2544,22.51
29.7,168.18,9.2901,22.691
29.8,169.49,9.3258,22.873
29.9,170.81,9.3616,23.056
30,172.14,9.3974,23.24
30.1,173.47,9.4333,23.424
30.2,174.81,9.4694,23.61
30.3,176.15,9.5056,23.796
30.4,177.5,9.5421,23.983
30.5,178.85,9.579,24.171
30.6,180.21,9.6163,24.36
30.7,181.58,9.654,24.55
30.8,182.95,9.6924,24.741
30.9,184.33,9.7313,24.932
31,185.72,9.771,25.125
31.1,187.11,9.8114,25.318
31.2,188.51,9.8527,25.512
31.3,189.91,9.8948,25.708
31.4,191.32,9.9379,25.904
31.5,192.73,9.982,26.101
31.6,194.15,10.027,26.298
31.7,195.58,10.074,26.497
31.8,197.02,10.121,26.697
31.9,198.46,10.17,26.898
32,199.9,10.22,27.099
32.1,201.36,10.271,27.302
32.2,202.81,10.324,27.505
32.3,204.28,10.379,27.709
32.4,205.75,10.434,27.915
32.5,207.23,10.492,28.121
32.6,208.72,10.551,28.328
32.7,210.21,10.612,28.536
32.8,211.7,10.674,28.746
32.9,213.21,10.738,28.956
33,214.72,10.804,29.167
33.1,216.24,10.872,29.379
33.2,217.76,10.942,29.592
33.3,219.29,11.014,29.806
33.4,220.83,11.088,30.021
33.5,222.37,11.164,30.237
33.6,223.92,11.242,30.454
33.7,225.48,11.323,30.672
33.8,227.04,11.405,30.891
33.9,228.62,11.49,31.111
34,230.19,11.577,31.332
34.1,231.78,11.666,31.554
34.2,233.37,11.758,31.777
34.3,234.97,11.852,32.001
34.4,236.58,11.949,32.226
34.5,238.19,12.048,32.453
34.6,239.81,12.15,32.68
34.7,241.44,12.254,32.908
34.8,243.07,12.361,33.137
34.9,244.72,12.471,33.368
35,246.37,12.583,33.599
35.1,248.02,12.698,33.832
35.2,249.69,12.816,34.065
35.3,251.36,12.937,34.3
35.4,253.04,13.06,34.536
35.5,254.73,13.187,34.773
35.6,256.42,13.316,35.01
35.7,258.12,13.448,35.249
35.8,259.83,13.584,35.49
35.9,261.55,13.722,35.731
36,263.27,13.863,35.973
36.1,265,14.008,36.216
36.2,266.74,14.155,36.461
36.3,268.49,14.306,36.706
36.4,270.24,14.46,36.953
36.5,272,14.617,37.201
36.6,273.77,14.777,37.45
36.7,275.55,14.941,37.7
36.8,277.34,15.108,37.951
36.9,279.13,15.278,38.204
37,280.93,15.452,38.457
37.1,282.74,15.629,38.712
37.2,284.56,15.809,38.967
37.3,286.38,15.993,39.224
37.4,288.21,16.18,39.482
37.5,290.05,16.371,39.742
37.6,291.9,16.566,40.002
37.7,293.76,16.763,40.263
37.8,295.62,16.965,40.526
37.9,297.49,17.17,40.79
38,299.37,17.379,41.055
38.1,301.26,17.591,41.321
38.2,303.16,17.807,41.589
38.3,305.07,18.027,41.857
38.4,306.98,18.25,42.127
38.5,308.9,18.477,42.398
38.6,310.83,18.708,42.67
38.7,312.77,18.943,42.943
38.8,314.71,19.181,43.217
38.9,316.67,19.424,43.493
39,318.63,19.67,43.77
39.1,320.6,19.92,44.048
39.2,322.58,20.174,44.327
39.3,324.57,20.432,44.607
39.4,326.56,20.694,44.889
39.5,328.57,20.959,45.172
39.6,330.58,21.229,45.456
39.7,332.6,21.503,45.741
39.8,334.63,21.781,46.028
39.9,336.67,22.062,46.315
40,338.71,22.348,46.604
40.1,340.77,22.638,46.894
40.2,342.83,22.932,47.185
40.3,344.9,23.23,47.478
40.4,346.98,23.532,47.772
40.5,349.07,23.839,48.067
40.6,351.16,24.149,48.363
40.7,353.27,24.464,48.66
40.8,355.38,24.783,48.959
40.9,357.51,25.106,49.259
41,359.64,25.433,49.56
41.1,361.78,25.765,49.862
41.2,363.92,26.101,50.166
41.3,366.08,26.441,50.471
41.4,368.25,26.785,50.777
41.5,370.42,27.134,51.084
41.6,372.6,27.487,51.393
41.7,374.79,27.844,51.703
41.8,376.99,28.206,52.014
41.9,379.2,28.572,52.326
42,381.42,28.942,52.64
42.1,383.64,29.317,52.955
42.2,385.88,29.696,53.271
42.3,388.12,30.08,53.588
42.4,390.37,30.468,53.907
42.5,392.64,30.861,54.227
42.6,394.9,31.258,54.548
42.7,397.18,31.659,54.87
42.8,399.47,32.065,55.194
42.9,401.76,32.475,55.519
43,404.07,32.89,55.845
43.1,406.38,33.31,56.173
43.2,408.7,33.734,56.502
43.3,411.03,34.162,56.832
43.4,413.37,34.595,57.163
43.5,415.72,35.033,57.496
43.6,418.08,35.475,57.83
43.7,420.44,35.922,58.165
43.8,422.82,36.373,58.502
43.9,425.2,36.829,58.84
44,427.59,37.29,59.179
44.1,430,37.755,59.519
44.2,432.4,38.225,59.861
44.3,434.82,38.7,60.204
44.4,437.25,39.179,60.548
44.5,439.69,39.663,60.894
44.6,442.13,40.152,61.241
44.7,444.59,40.645,61.589
44.8,447.05,41.143,61.939
44.9,449.52,41.646,62.29
45,452,42.154,62.642
45.1,454.49,42.666,62.995
45.2,456.99,43.183,63.35
45.3,459.5,43.705,63.706
45.4,462.01,44.231,64.064
45.5,464.54,44.763,64.422
45.6,467.07,45.299,64.782
45.7,469.61,45.84,65.144
45.8,472.17,46.385,65.507
45.9,474.73,46.936,65.871
46,477.3,47.491,66.236
46.1,479.88,48.051,66.603
46.2,482.46,48.616,66.971
46.3,485.06,49.186,67.34
46.4,487.66,49.761,67.711
46.5,490.28,50.34,68.083
46.6,492.9,50.925,68.456
46.7,495.54,51.514,68.831
46.8,498.18,52.108,69.207
46.9,500.83,52.707,69.584
47,503.49,53.311,69.963
47.1,506.15,53.92,70.343
47.2,508.83,54.533,70.724
47.3,511.52,55.152,71.107
47.4,514.21,55.775,71.491
47.5,516.92,56.404,71.876
47.6,519.63,57.037,72.263
47.7,522.35,57.675,72.651
47.8,525.08,58.319,73.041
47.9,527.82,58.967,73.432
48,530.57,59.62,73.824
48.1,533.33,60.278,74.217
48.2,536.1,60.941,74.612
48.3,538.87,61.609,75.009
48.4,541.66,62.283,75.406
48.5,544.45,62.961,75.805
48.6,547.26,63.644,76.206
48.7,550.07,64.332,76.607
48.8,552.89,65.025,77.01
48.9,555.72,65.723,77.415
49,558.56,66.426,77.821
49.1,561.41,67.134,78.228
49.2,564.27,67.847,78.636
49.3,567.13,68.565,79.046
49.4,570.01,69.288,79.458
49.5,572.89,70.016,79.87
49.6,575.79,70.75,80.284
49.7,578.69,71.488,80.7
49.8,581.6,72.231,81.116
49.9,584.52,72.98,81.535
50,587.45,73.733,81.954
50.1,590.39,74.492,82.375
50.2,593.34,75.255,82.797
50.3,596.3,76.024,83.221
50.4,599.27,76.798,83.646
50.5,602.24,77.577,84.073
50.6,605.23,78.361,84.5
50.7,608.22,79.15,84.93
50.8,611.22,79.944,85.36
50.9,614.23,80.743,85.792
51,617.26,81.547,86.226
51.1,620.29,82.357,86.661
51.2,623.33,83.171,87.097
51.3,626.37,83.991,87.534
51.4,629.43,84.816,87.973
51.5,632.5,85.646,88.414
51.6,635.57,86.481,88.856
51.7,638.66,87.321,89.299
51.8,641.75,88.167,89.743
51.9,644.86,89.017,90.189
52,647.97,89.873,90.637
52.1,651.09,90.733,91.085
52.2,654.22,91.599,91.536
52.3,657.36,92.47,91.987
52.4,660.51,93.347,92.44
52.5,663.67,94.228,92.895
52.6,666.83,95.115,93.35
52.7,670.01,96.006,93.808
52.8,673.2,96.903,94.266
52.9,676.39,97.805,94.726
53,679.59,98.712,95.188
53.1,682.81,99.625,95.65
53.2,686.03,100.54,96.115
53.3,689.26,101.47,96.58
53.4,692.5,102.39,97.047
53.5,695.75,103.33,97.516
53.6,699.01,104.26,97.986
53.7,702.28,105.21,98.457
53.8,705.55,106.16,98.93
53.9,708.84,107.11,99.404
54,712.14,108.07,99.879
54.1,715.44,109.03,100.36
54.2,718.75,110,100.83
54.3,722.08,110.98,101.31
54.4,725.41,111.96,101.8
54.5,728.75,112.94,102.28
54.6,732.1,113.94,102.76
54.7,735.46,114.93,103.25
54.8,738.83,115.93,103.73
54.9,742.21,116.94,104.22
55,745.6,117.95,104.71
55.1,748.99,118.97,105.2
55.2,752.4,119.99,105.7
55.3,755.82,121.01,106.19
55.4,759.24,122.05,106.69
55.5,762.67,123.08,107.18
55.6,766.12,124.13,107.68
55.7,769.57,125.18,108.18
55.8,773.03,126.23,108.68
55.9,776.5,127.29,109.19
56,779.98,128.35,109.69
56.1,783.47,129.42,110.19
56.2,786.97,130.49,110.7
56.3,790.47,131.57,111.21
56.4,793.99,132.66,111.72
56.5,797.52,133.75,112.23
56.6,801.05,134.84,112.74
56.7,804.6,135.95,113.26
56.8,808.15,137.05,113.77
56.9,811.71,138.16,114.29
57,815.28,139.28,114.81
57.1,818.87,140.4,115.33
57.2,822.46,141.53,115.85
57.3,826.06,142.66,116.37
57.4,829.66,143.8,116.9
57.5,833.28,144.94,117.42
57.6,836.91,146.09,117.95
57.7,840.55,147.24,118.48
57.8,844.19,148.4,119.01
57.9,847.85,149.56,119.54
58,851.51,150.73,120.07
58.1,855.18,151.91,120.61
58.2,858.87,153.09,121.14
58.3,862.56,154.27,121.68
58.4,866.26,155.46,122.22
58.5,869.97,156.65,122.76
58.6,873.69,157.85,123.3
58.7,877.42,159.06,123.84
58.8,881.16,160.27,124.38
58.9,884.9,161.48,124.93
59,888.66,162.7,125.48
59.1,892.43,163.93,126.02
59.2,896.2,165.16,126.57
59.3,899.99,166.39,127.12
59.4,903.78,167.63,127.68
59.5,907.58,168.88,128.23
59.6,911.39,170.13,128.78
59.7,915.22,171.38,129.34
59.8,919.05,172.64,129.9
59.9,922.89,173.9,130.46
60,926.74,175.17,131.02
60.1,930.59,176.45,131.58
60.2,934.46,177.73,132.14
60.3,938.34,179.01,132.71
60.4,942.22,180.3,133.27
60.5,946.11,181.6,133.84
60.6,950.01,182.9,134.41
60.7,953.92,184.2,134.98
60.8,957.84,185.51,135.55
60.9,961.76,186.82,136.12
61,965.69,188.14,136.7
61.1,969.63,189.46,137.27
61.2,973.58,190.79,137.85
61.3,977.53,192.12,138.42
61.4,981.49,193.46,139
61.5,985.46,194.8,139.58
61.6,989.44,196.14,140.17
61.7,993.42,197.49,140.75
61.8,997.41,198.84,141.33
61.9,1001.4,200.2,141.92
62,1005.4,201.56,142.5
62.1,1009.4,202.92,143.09
62.2,1013.4,204.29,143.68
62.3,1017.4,205.66,144.27
62.4,1021.5,207.04,144.86
62.5,1025.5,208.42,145.45
62.6,1029.5,209.8,146.04
62.7,1033.6,211.19,146.64
62.8,1037.6,212.58,147.23
62.9,1041.7,213.97,147.83
63,1045.7,215.37,148.43
63.1,1049.8,216.77,149.03
63.2,1053.8,218.18,149.63
63.3,1057.9,219.58,150.23
63.4,1062,220.99,150.83
63.5,1066.1,222.4,151.43
63.6,1070.1,223.82,152.04
63.7,1074.2,225.24,152.64
63.8,1078.3,226.66,153.25
63.9,1082.4,228.08,153.85
64,1086.5,229.51,154.46
64.1,1090.6,230.94,155.07
64.2,1094.7,232.37,155.68
64.3,1098.8,233.81,156.29
64.4,1102.9,235.24,156.9
64.5,1107.1,236.68,157.51
64.6,1111.2,238.13,158.13
64.7,1115.3,239.57,158.74
64.8,1119.4,241.02,159.36
64.9,1123.6,242.47,159.97
65,1127.7,243.92,160.59
65.1,1131.8,245.37,161.21
65.2,1136,246.83,161.82
65.3,1140.1,248.28,162.44
65.4,1144.2,249.74,163.06
65.5,1148.4,251.21,163.69
65.6,1152.5,252.67,164.31
65.7,1156.7,254.14,164.93
65.8,1160.8,255.6,165.55
65.9,1165,257.07,166.18
66,1169.1,258.54,166.8
66.1,1173.3,260.02,167.43
66.2,1177.4,261.49,168.06
66.3,1181.6,262.97,168.69
66.4,1185.8,264.45,169.31
66.5,1189.9,265.93,169.94
66.6,1194.1,267.41,170.57
66.7,1198.2,268.89,171.2
66.8,1202.4,270.38,171.84
66.9,1206.6,271.86,172.47
67,1210.8,273.35,173.1
67.1,1214.9,274.84,173.73
67.2,1219.1,276.33,174.37
67.3,1223.3,277.82,175
67.4,1227.4,279.31,175.64
67.5,1231.6,280.81,176.28
67.6,1235.8,282.3,176.91
67.7,1240,283.8,177.55
67.8,1244.1,285.3,178.19
67.9,1248.3,286.79,178.83
68,1252.5,288.29,179.47
68.1,1256.7,289.79,180.11
68.2,1260.8,291.3,180.75
68.3,1265,292.8,181.39
68.4,1269.2,294.3,182.03
68.5,1273.4,295.81,182.67
68.6,1277.6,297.32,183.31
68.7,1281.7,298.82,183.96
68.8,1285.9,300.33,184.6
68.9,1290.1,301.84,185.24
69,1294.3,303.35,185.89
69.1,1298.4,304.86,186.53
69.2,1302.6,306.37,187.17
69.3,1306.8,307.88,187.82
69.4,1311,309.4,188.47
69.5,1315.2,310.91,189.11
69.6,1319.3,312.42,189.76
69.7,1323.5,313.94,190.4
69.8,1327.7,315.45,191.05
69.9,1331.9,316.97,191.7
70,1336,318.49,192.34
70.1,1340.2,320.01,192.99
70.2,1344.4,321.52,193.64
70.3,1348.5,323.04,194.29
70.4,1352.7,324.56,194.94
70.5,1356.9,326.08,195.59
70.6,1361.1,327.6,196.23
70.7,1365.2,329.12,196.88
70.8,1369.4,330.65,197.53
70.9,1373.6,332.17,198.18
71,1377.7,333.69,198.83
71.1,1381.9,335.21,199.48
71.2,1386.1,336.74,200.13
71.3,1390.2,338.26,200.78
71.4,1394.4,339.78,201.43
71.5,1398.5,341.31,202.08
71.6,1402.7,342.83,202.74
71.7,1406.9,344.36,203.39
71.8,1411,345.88,204.04
71.9,1415.2,347.41,204.69
72,1419.3,348.93,205.34
72.1,1423.5,350.46,205.99
72.2,1427.6,351.98,206.64
72.3,1431.8,353.51,207.3
72.4,1435.9,355.04,207.95
72.5,1440.1,356.56,208.6
72.6,1444.2,358.09,209.25
72.7,1448.3,359.62,209.91
72.8,1452.5,361.15,210.56
72.9,1456.6,362.67,211.21
73,1460.8,364.2,211.86
73.1,1464.9,365.73,212.52
73.2,1469,367.26,213.17
73.3,1473.2,368.78,213.82
73.4,1477.3,370.31,214.48
73.5,1481.4,371.84,215.13
73.6,1485.5,373.37,215.78
73.7,1489.7,374.9,216.44
73.8,1493.8,376.42,217.09
73.9,1497.9,377.95,217.74
74,1502,379.48,218.4
74.1,1506.1,381.01,219.05
74.2,1510.2,382.54,219.7
74.3,1514.4,384.06,220.36
74.4,1518.5,385.59,221.01
74.5,1522.6,387.12,221.67
74.6,1526.7,388.65,222.32
74.7,1530.8,390.17,222.97
74.8,1534.9,391.7,223.63
74.9,1539,393.23,224.28
75,1543.1,394.76,224.94
75.1,1547.2,396.28,225.59
75.2,1551.3,397.81,226.24
75.3,1555.3,399.34,226.9
75.4,1559.4,400.86,227.55
75.5,1563.5,402.39,228.21
75.6,1567.6,403.91,228.86
75.7,1571.7,405.44,229.52
75.8,1575.7,406.97,230.17
75.9,1579.8,408.49,230.82
76,1583.9,410.02,231.48
76.1,1588,411.54,232.13
76.2,1592,413.07,232.79
76.3,1596.1,414.59,233.44
76.4,1600.1,416.12,234.09
76.5,1604.2,417.64,234.75
76.6,1608.3,419.16,235.4
76.7,1612.3,420.69,236.05
76.8,1616.4,422.21,236.71
76.9,1620.4,423.73,237.36
77,1624.4,425.25,238.02
77.1,1628.5,426.78,238.67
77.2,1632.5,428.3,239.32
77.3,1636.6,429.82,239.98
77.4,1640.6,431.34,240.63
77.5,1644.6,432.86,241.28
77.6,1648.7,434.38,241.93
77.7,1652.7,435.9,242.59
77.8,1656.7,437.42,243.24
77.9,1660.7,438.94,243.89
78,1664.7,440.46,244.55
78.1,1668.7,441.98,245.2
78.2,1672.8,443.49,245.85
78.3,1676.8,445.01,246.5
78.4,1680.8,446.53,247.15
78.5,1684.8,448.04,247.81
78.6,1688.8,449.56,248.46
78.7,1692.8,451.08,249.11
78.8,1696.8,452.59,249.76
78.9,1700.7,454.11,250.41
79,1704.7,455.62,251.06
79.1,1708.7,457.13,251.72
79.2,1712.7,458.65,252.37
79.3,1716.7,460.16,253.02
79.4,1720.6,461.67,253.67
79.5,1724.6,463.18,254.32
79.6,1728.6,464.69,254.97
79.7,1732.5,466.2,255.62
79.8,1736.5,467.72,256.27
79.9,1740.5,469.22,256.92
80,1744.4,470.73,257.57
80.1,1748.4,472.24,258.22
80.2,1752.3,473.75,258.87
80.3,1756.3,475.26,259.52
80.4,1760.2,476.76,260.17
80.5,1764.2,478.27,260.81
80.6,1768.1,479.78,261.46
80.7,1772,481.28,262.11
80.8,1776,482.79,262.76
80.9,1779.9,484.29,263.41
81,1783.8,485.79,264.06
81.1,1787.7,487.3,264.7
81.2,1791.6,488.8,265.35
81.3,1795.6,490.3,266
81.4,1799.5,491.8,266.64
81.5,1803.4,493.3,267.29
81.6,1807.3,494.8,267.94
81.7,1811.2,496.3,268.58
81.8,1815.1,497.8,269.23
81.9,1819,499.3,269.87
82,1822.9,500.79,270.52
82.1,1826.7,502.29,271.17
82.2,1830.6,503.79,271.81
82.3,1834.5,505.28,272.46
82.4,1838.4,506.78,273.1
82.5,1842.3,508.27,273.74
82.6,1846.1,509.76,274.39
82.7,1850,511.26,275.03
82.8,1853.9,512.75,275.68
82.9,1857.7,514.24,276.32
83,1861.6,515.73,276.96
83.1,1865.4,517.22,277.6
83.2,1869.3,518.71,278.25
83.3,1873.1,520.2,278.89
83.4,1877,521.68,279.53
83.5,1880.8,523.17,280.17
83.6,1884.7,524.66,280.81
83.7,1888.5,526.14,281.46
83.8,1892.3,527.63,282.1
83.9,1896.1,529.11,282.74
84,1900,530.6,283.38
84.1,1903.8,532.08,284.02
84.2,1907.6,533.56,284.66
84.3,1911.4,535.04,285.3
84.4,1915.2,536.52,285.94
84.5,1919,538,286.57
84.6,1922.8,539.48,287.21
84.7,1926.6,540.96,287.85
84.8,1930.4,542.44,288.49
84.9,1934.2,543.91,289.13
85,1938,545.39,289.76
85.1,1941.8,546.87,290.4
85.2,1945.6,548.34,291.04
85.3,1949.3,549.81,291.68
85.4,1953.1,551.29,292.31
85.5,1956.9,552.76,292.95
85.6,1960.7,554.23,293.58
85.7,1964.4,555.7,294.22
85.8,1968.2,557.17,294.85
85.9,1971.9,558.64,295.49
86,1975.7,560.11,296.12
86.1,1979.4,561.58,296.76
86.2,1983.2,563.04,297.39
86.3,1986.9,564.51,298.02
86.4,1990.7,565.98,298.66
86.5,1994.4,567.44,299.29
86.6,1998.1,568.91,299.92
86.7,2001.9,570.37,300.55
86.8,2005.6,571.83,301.18
86.9,2009.3,573.29,301.82
87,2013,574.75,302.45
87.1,2016.7,576.21,303.08
87.2,2020.4,577.67,303.71
87.3,2024.1,579.13,304.34
87.4,2027.8,580.59,304.97
87.5,2031.5,582.04,305.6
87.6,2035.2,583.5,306.23
87.7,2038.9,584.96,306.85
87.8,2042.6,586.41,307.48
87.9,2046.3,587.86,308.11
88,2050,589.32,308.74
88.1,2053.6,590.77,309.37
88.2,2057.3,592.22,309.99
88.3,2061,593.67,310.62
88.4,2064.7,595.12,311.25
88.5,2068.3,596.57,311.87
88.6,2072,598.01,312.5
88.7,2075.6,599.46,313.12
88.8,2079.3,600.91,313.75
88.9,2082.9,602.35,314.37
89,2086.6,603.8,314.99
89.1,2090.2,605.24,315.62
89.2,2093.8,606.68,316.24
89.3,2097.5,608.12,316.86
89.4,2101.1,609.57,317.49
89.5,2104.7,611.01,318.11
89.6,2108.3,612.44,318.73
89.7,2112,613.88,319.35
89.8,2115.6,615.32,319.97
89.9,2119.2,616.76,320.59
90,2122.8,618.19,321.21
90.1,2126.4,619.63,321.83
90.2,2130,621.06,322.45
90.3,2133.6,622.5,323.07
90.4,2137.2,623.93,323.69
90.5,2140.8,625.36,324.31
90.6,2144.3,626.79,324.93
90.7,2147.9,628.22,325.54
90.8,2151.5,629.65,326.16
90.9,2155.1,631.08,326.78
91,2158.6,632.51,327.39
91.1,2162.2,633.93,328.01
91.2,2165.8,635.36,328.63
91.3,2169.3,636.78,329.24
91.4,2172.9,638.21,329.86
91.5,2176.4,639.63,330.47
91.6,2180,641.05,331.08
91.7,2183.5,642.48,331.7
91.8,2187,643.9,332.31
91.9,2190.6,645.32,332.92
92,2194.1,646.73,333.54
92.1,2197.6,648.15,334.15
92.2,2201.2,649.57,334.76
92.3,2204.7,650.99,335.37
92.4,2208.2,652.4,335.98
92.5,2211.7,653.82,336.59
92.6,2215.2,655.23,337.2
92.7,2218.7,656.64,337.81
92.8,2222.2,658.05,338.42
92.9,2225.7,659.47,339.03
93,2229.2,660.88,339.64
93.1,2232.7,662.29,340.25
93.2,2236.2,663.69,340.85
93.3,2239.6,665.1,341.46
93.4,2243.1,666.51,342.07
93.5,2246.6,667.91,342.67
93.6,2250.1,669.32,343.28
93.7,2253.5,670.72,343.88
93.8,2257,672.13,344.49
93.9,2260.4,673.53,345.09
94,2263.9,674.93,345.7
94.1,2267.3,676.33,346.3
94.2,2270.8,677.73,346.9
94.3,2274.2,679.13,347.51
94.4,2277.7,680.53,348.11
94.5,2281.1,681.92,348.71
94.6,2284.5,683.32,349.31
94.7,2288,684.71,349.91
94.8,2291.4,686.11,350.51
94.9,2294.8,687.5,351.11
95,2298.2,688.89,351.71
95.1,2301.6,690.29,352.31
95.2,2305,691.68,352.91
95.3,2308.4,693.07,353.51
95.4,2311.8,694.46,354.11
95.5,2315.2,695.84,354.71
95.6,2318.6,697.23,355.3
95.7,2322,698.62,355.9
95.8,2325.4,700,356.5
95.9,2328.8,701.39,357.09
96,2332.2,702.77,357.69
96.1,2335.5,704.15,358.28
96.2,2338.9,705.53,358.88
96.3,2342.3,706.92,359.47
96.4,2345.6,708.3,360.06
96.5,2349,709.67,360.66
96.6,2352.3,711.05,361.25
96.7,2355.7,712.43,361.84
96.8,2359,713.81,362.43
96.9,2362.4,715.18,363.03
97,2365.7,716.56,363.62
97.1,2369.1,717.93,364.21
97.2,2372.4,719.3,364.8
97.3,2375.7,720.67,365.39
97.4,2379,722.05,365.97
97.5,2382.3,723.42,366.56
97.6,2385.7,724.79,367.15
97.7,2389,726.15,367.74
97.8,2392.3,727.52,368.33
97.9,2395.6,728.89,368.91
98,2398.9,730.25,369.5
98.1,2402.2,731.62,370.09
98.2,2405.5,732.98,370.67
98.3,2408.8,734.34,371.26
98.4,2412,735.71,371.84
98.5,2415.3,737.07,372.42
98.6,2418.6,738.43,373.01
98.7,2421.9,739.79,373.59
98.8,2425.1,741.14,374.17
98.9,2428.4,742.5,374.76
99,2431.7,743.86,375.34
99.1,2434.9,745.21,375.92
99.2,2438.2,746.57,376.5
99.3,2441.4,747.92,377.08
99.4,2444.7,749.27,377.66
99.5,2447.9,750.63,378.24
99.6,2451.1,751.98,378.82
99.7,2454.4,753.33,379.4
99.8,2457.6,754.68,379.97
99.9,2460.8,756.02,380.55
100,2464.1,757.37,381.13
100.1,2467.3,758.72,381.7
100.2,2470.5,760.06,382.28
100.3,2473.7,761.41,382.86
100.4,2476.9,762.75,383.43
100.5,2480.1,764.09,384.01
100.6,2483.3,765.44,384.58
100.7,2486.5,766.78,385.15
100.8,2489.7,768.12,385.73
100.9,2492.9,769.46,386.3
101,2496.1,770.79,386.87
101.1,2499.2,772.13,387.44
101.2,2502.4,773.47,388.01
101.3,2505.6,774.8,388.58
101.4,2508.7,776.14,389.15
101.5,2511.9,777.47,389.72
101.6,2515.1,778.8,390.29
101.7,2518.2,780.14,390.86
101.8,2521.4,781.47,391.43
101.9,2524.5,782.8,392
102,2527.7,784.12,392.57
102.1,2530.8,785.45,393.13
102.2,2533.9,786.78,393.7
102.3,2537.1,788.11,394.27
102.4,2540.2,789.43,394.83
102.5,2543.3,790.76,395.4
102.6,2546.4,792.08,395.96
102.7,2549.6,793.4,396.52
102.8,2552.7,794.72,397.09
102.9,2555.8,796.04,397.65
103,2558.9,797.36,398.21
103.1,2562,798.68,398.78
103.2,2565.1,800,399.34
103.3,2568.2,801.32,399.9
103.4,2571.3,802.63,400.46
103.5,2574.4,803.95,401.02
103.6,2577.4,805.26,401.58
103.7,2580.5,806.57,402.14
103.8,2583.6,807.89,402.7
103.9,2586.7,809.2,403.26
104,2589.7,810.51,403.81
104.1,2592.8,811.82,404.37
104.2,2595.8,813.13,404.93
104.3,2598.9,814.43,405.48
104.4,2601.9,815.74,406.04
104.5,2605,817.05,406.59
104.6,2608,818.35,407.15
104.7,2611.1,819.66,407.7
104.8,2614.1,820.96,408.26
104.9,2617.1,822.26,408.81
105,2620.2,823.56,409.36
105.1,2623.2,824.86,409.91
105.2,2626.2,826.16,410.47
105.3,2629.2,827.46,411.02
105.4,2632.2,828.76,411.57
105.5,2635.2,830.05,412.12
105.6,2638.2,831.35,412.67
105.7,2641.2,832.64,413.22
105.8,2644.2,833.94,413.77
105.9,2647.2,835.23,414.31
106,2650.2,836.52,414.86
106.1,2653.2,837.81,415.41
106.2,2656.2,839.1,415.96
106.3,2659.1,840.39,416.5
106.4,2662.1,841.68,417.05
106.5,2665.1,842.97,417.59
106.6,2668.1,844.25,418.14
106.7,2671,845.54,418.68
106.8,2674,846.82,419.23
106.9,2676.9,848.11,419.77
107,2679.9,849.39,420.31
107.1,2682.8,850.67,420.86
107.2,2685.8,851.95,421.4
107.3,2688.7,853.23,421.94
107.4,2691.6,854.51,422.48
107.5,2694.5,855.79,423.02
107.6,2697.5,857.06,423.56
107.7,2700.4,858.34,424.1
107.8,2703.3,859.61,424.64
107.9,2706.2,860.89,425.17
108,2709.1,862.16,425.71
108.1,2712,863.43,426.25
108.2,2714.9,864.71,426.79
108.3,2717.8,865.98,427.32
108.4,2720.7,867.25,427.86
108.5,2723.6,868.51,428.39
108.6,2726.5,869.78,428.93
108.7,2729.4,871.05,429.46
108.8,2732.3,872.31,430
108.9,2735.1,873.58,430.53
109,2738,874.84,431.06
109.1,2740.9,876.11,431.59
109.2,2743.7,877.37,432.13
109.3,2746.6,878.63,432.66
109.4,2749.4,879.89,433.19
109.5,2752.3,881.15,433.72
109.6,2755.1,882.41,434.25
109.7,2758,883.66,434.78
109.8,2760.8,884.92,435.3
109.9,2763.7,886.17,435.83
110,2766.5,887.43,436.36
110.1,2769.3,888.68,436.89
110.2,2772.1,889.94,437.41
110.3,2775,891.19,437.94
110.4,2777.8,892.44,438.47
110.5,2780.6,893.69,438.99
110.6,2783.4,894.94,439.52
110.7,2786.2,896.18,440.04
110.8,2789,897.43,440.56
110.9,2791.8,898.68,441.09
111,2794.6,899.92,441.61
111.1,2797.4,901.17,442.13
111.2,2800.1,902.41,442.65
111.3,2802.9,903.65,443.17
111.4,2805.7,904.89,443.69
111.5,2808.5,906.13,444.21
111.6,2811.2,907.37,444.73
111.7,2814,908.61,445.25
111.8,2816.8,909.85,445.77
111.9,2819.5,911.09,446.29
112,2822.3,912.32,446.81
112.1,2825,913.56,447.32
112.2,2827.8,914.79,447.84
112.3,2830.5,916.02,448.35
112.4,2833.2,917.26,448.87
112.5,2836,918.49,449.38
112.6,2838.7,919.72,449.9
112.7,2841.4,920.95,450.41
112.8,2844.1,922.17,450.93
112.9,2846.9,923.4,451.44
113,2849.6,924.63,451.95
113.1,2852.3,925.85,452.46
113.2,2855,927.08,452.97
113.3,2857.7,928.3,453.48
113.4,2860.4,929.52,453.99
113.5,2863.1,930.74,454.5
113.6,2865.8,931.97,455.01
113.7,2868.5,933.19,455.52
113.8,2871.1,934.4,456.03
113.9,2873.8,935.62,456.54
114,2876.5,936.84,457.04
114.1,2879.2,938.05,457.55
114.2,2881.8,939.27,458.06
114.3,2884.5,940.48,458.56
114.4,2887.1,941.7,459.07
114.5,2889.8,942.91,459.57
114.6,2892.4,944.12,460.08
114.7,2895.1,945.33,460.58
114.8,2897.7,946.54,461.08
114.9,2900.4,947.75,461.58
115,2903,948.96,462.09
115.1,2905.6,950.16,462.59
115.2,2908.3,951.37,463.09
115.3,2910.9,952.57,463.59
115.4,2913.5,953.78,464.09
115.5,2916.1,954.98,464.59
115.6,2918.7,956.18,465.09
115.7,2921.3,957.38,465.58
115.8,2923.9,958.58,466.08
115.9,2926.5,959.78,466.58
116,2929.1,960.98,467.08
116.1,2931.7,962.18,467.57
116.2,2934.3,963.38,468.07
116.3,2936.9,964.57,468.56
116.4,2939.5,965.77,469.06
116.5,2942,966.96,469.55
116.6,2944.6,968.15,470.05
116.7,2947.2,969.35,470.54
116.8,2949.7,970.54,471.03
116.9,2952.3,971.73,471.52
117,2954.8,972.92,472.01
117.1,2957.4,974.11,472.51
117.2,2959.9,975.29,473
117.3,2962.5,976.48,473.49
117.4,2965,977.67,473.97
117.5,2967.6,978.85,474.46
117.6,2970.1,980.03,474.95
117.7,2972.6,981.22,475.44
117.8,2975.1,982.4,475.93
117.9,2977.7,983.58,476.41
118,2980.2,984.76,476.9
118.1,2982.7,985.94,477.39
118.2,2985.2,987.12,477.87
118.3,2987.7,988.3,478.36
118.4,2990.2,989.47,478.84
118.5,2992.7,990.65,479.32
118.6,2995.2,991.82,479.81
118.7,2997.7,993,480.29
118.8,3000.2,994.17,480.77
118.9,3002.6,995.34,481.25
119,3005.1,996.51,481.73
119.1,3007.6,997.68,482.21
119.2,3010.1,998.85,482.7
119.3,3012.5,1000,483.17
119.4,3015,1001.2,483.65
119.5,3017.4,1002.4,484.13
119.6,3019.9,1003.5,484.61
119.7,3022.3,1004.7,485.09
119.8,3024.8,1005.9,485.57
119.9,3027.2,1007,486.04
120,3029.7,1008.2,486.52
120.1,3032.1,1009.3,486.99
120.2,3034.5,1010.5,487.47
120.3,3037,1011.7,487.94
120.4,3039.4,1012.8,488.42
120.5,3041.8,1014,488.89
120.6,3044.2,1015.1,489.37
120.7,3046.6,1016.3,489.84
120.8,3049,1017.4,490.31
120.9,3051.4,1018.6,490.78
121,3053.8,1019.7,491.26
121.1,3056.2,1020.9,491.73
121.2,3058.6,1022.1,492.2
121.3,3061,1023.2,492.67
121.4,3063.4,1024.4,493.14
121.5,3065.8,1025.5,493.61
121.6,3068.2,1026.7,494.07
121.7,3070.6,1027.8,494.54
121.8,3072.9,1028.9,495.01
121.9,3075.3,1030.1,495.48
122,3077.7,1031.2,495.94
122.1,3080,1032.4,496.41
122.2,3082.4,1033.5,496.88
122.3,3084.8,1034.7,497.34
122.4,3087.1,1035.8,497.81
122.5,3089.5,1036.9,498.27
122.6,3091.8,1038.1,498.74
122.7,3094.2,1039.2,499.2
122.8,3096.5,1040.4,499.66
122.9,3098.9,1041.5,500.12
123,3101.2,1042.6,500.59
123.1,3103.5,1043.8,501.05
123.2,3105.9,1044.9,501.51
123.3,3108.2,1046,501.97
123.4,3110.5,1047.2,502.43
123.5,3112.9,1048.3,502.89
123.6,3115.2,1049.4,503.35
123.7,3117.5,1050.6,503.81
123.8,3119.8,1051.7,504.27
123.9,3122.1,1052.8,504.73
124,3124.4,1054,505.18
124.1,3126.8,1055.1,505.64
124.2,3129.1,1056.2,506.1
124.3,3131.4,1057.4,506.56
124.4,3133.7,1058.5,507.01
124.5,3136,1059.6,507.47
124.6,3138.3,1060.7,507.92
124.7,3140.6,1061.9,508.38
124.8,3142.8,1063,508.83
124.9,3145.1,1064.1,509.29
125,3147.4,1065.2,509.74
125.1,3149.7,1066.3,510.19
125.2,3152,1067.5,510.65
125.3,3154.3,1068.6,511.1
125.4,3156.6,1069.7,511.55
125.5,3158.8,1070.8,512
125.6,3161.1,1071.9,512.45
125.7,3163.4,1073.1,512.9
125.8,3165.6,1074.2,513.35
125.9,3167.9,1075.3,513.8
126,3170.2,1076.4,514.25
126.1,3172.4,1077.5,514.7
126.2,3174.7,1078.6,515.15
126.3,3177,1079.8,515.6
126.4,3179.2,1080.9,516.05
126.5,3181.5,1082,516.5
126.6,3183.7,1083.1,516.94
126.7,3186,1084.2,517.39
126.8,3188.2,1085.3,517.84
126.9,3190.5,1086.4,518.28
127,3192.7,1087.5,518.73
127.1,3195,1088.7,519.17
127.2,3197.2,1089.8,519.62
127.3,3199.5,1090.9,520.06
127.4,3201.7,1092,520.51
127.5,3203.9,1093.1,520.95
127.6,3206.2,1094.2,521.39
127.7,3208.4,1095.3,521.83
127.8,3210.6,1096.4,522.28
127.9,3212.9,1097.5,522.72
128,3215.1,1098.6,523.16
128.1,3217.3,1099.7,523.6
128.2,3219.5,1100.8,524.04
128.3,3221.8,1101.9,524.48
128.4,3224,1103,524.92
128.5,3226.2,1104.1,525.36
128.6,3228.4,1105.2,525.8
128.7,3230.6,1106.3,526.24
128.8,3232.9,1107.4,526.68
128.9,3235.1,1108.5,527.12
129,3237.3,1109.6,527.56
129.1,3239.5,1110.7,528
129.2,3241.7,1111.8,528.43
129.3,3243.9,1112.9,528.87
129.4,3246.1,1114,529.31
129.5,3248.3,1115.1,529.74
129.6,3250.5,1116.2,530.18
129.7,3252.7,1117.3,530.61
129.8,3254.9,1118.4,531.05
129.9,3257.1,1119.5,531.48
130,3259.3,1120.6,531.92
130.1,3261.5,1121.7,532.35
130.2,3263.7,1122.8,532.79
130.3,3265.9,1123.9,533.22
130.4,3268.1,1125,533.65
130.5,3270.3,1126.1,534.09
130.6,3272.5,1127.1,534.52
130.7,3274.6,1128.2,534.95
130.8,3276.8,1129.3,535.38
130.9,3279,1130.4,535.82
131,3281.2,1131.5,536.25
131.1,3283.4,1132.6,536.68
131.2,3285.6,1133.7,537.11
131.3,3287.7,1134.8,537.54
131.4,3289.9,1135.9,537.97
131.5,3292.1,1136.9,538.4
131.6,3294.3,1138,538.83
131.7,3296.5,1139.1,539.26
131.8,3298.6,1140.2,539.69
131.9,3300.8,1141.3,540.11
132,3303,1142.4,540.54
132.1,3305.1,1143.4,540.97
132.2,3307.3,1144.5,541.4
132.3,3309.5,1145.6,541.82
132.4,3311.6,1146.7,542.25
132.5,3313.8,1147.8,542.68
132.6,3316,1148.9,543.1
132.7,3318.1,1149.9,543.53
132.8,3320.3,1151,543.96
132.9,3322.5,1152.1,544.38
133,3324.6,1153.2,544.81
133.1,3326.8,1154.3,545.23
133.2,3328.9,1155.3,545.66
133.3,3331.1,1156.4,546.08
133.4,3333.2,1157.5,546.51
133.5,3335.4,1158.6,546.93
133.6,3337.5,1159.7,547.35
133.7,3339.7,1160.7,547.78
133.8,3341.8,1161.8,548.2
133.9,3344,1162.9,548.62
134,3346.1,1164,549.04
134.1,3348.3,1165,549.47
134.2,3350.4,1166.1,549.89
134.3,3352.6,1167.2,550.31
134.4,3354.7,1168.3,550.73
134.5,3356.9,1169.3,551.15
134.6,3359,1170.4,551.57
134.7,3361.2,1171.5,551.99
134.8,3363.3,1172.6,552.41
134.9,3365.4,1173.6,552.83
135,3367.6,1174.7,553.25
135.1,3369.7,1175.8,553.67
135.2,3371.9,1176.8,554.09
135.3,3374,1177.9,554.51
135.4,3376.1,1179,554.93
135.5,3378.3,1180,555.35
135.6,3380.4,1181.1,555.76
135.7,3382.5,1182.2,556.18
135.8,3384.7,1183.2,556.6
135.9,3386.8,1184.3,557.02
136,3388.9,1185.4,557.43
136.1,3391.1,1186.5,557.85
136.2,3393.2,1187.5,558.27
136.3,3395.3,1188.6,558.68
136.4,3397.4,1189.6,559.1
136.5,3399.6,1190.7,559.51
136.6,3401.7,1191.8,559.93
136.7,3403.8,1192.8,560.34
136.8,3405.9,1193.9,560.76
136.9,3408.1,1195,561.17
137,3410.2,1196,561.59
137.1,3412.3,1197.1,562
137.2,3414.4,1198.2,562.41
137.3,3416.5,1199.2,562.83
137.4,3418.6,1200.3,563.24
137.5,3420.8,1201.3,563.65
137.6,3422.9,1202.4,564.07
137.7,3425,1203.5,564.48
137.8,3427.1,1204.5,564.89
137.9,3429.2,1205.6,565.3
138,3431.3,1206.6,565.71
138.1,3433.4,1207.7,566.12
138.2,3435.6,1208.8,566.54
138.3,3437.7,1209.8,566.95
138.4,3439.8,1210.9,567.36
138.5,3441.9,1211.9,567.77
138.6,3444,1213,568.18
138.7,3446.1,1214.1,568.59
138.8,3448.2,1215.1,569
138.9,3450.3,1216.2,569.41
139,3452.4,1217.2,569.82
139.1,3454.5,1218.3,570.23
139.2,3456.6,1219.3,570.63
139.3,3458.7,1220.4,571.04
139.4,3460.8,1221.4,571.45
139.5,3462.9,1222.5,571.86
139.6,3465,1223.5,572.27
139.7,3467.1,1224.6,572.68
139.8,3469.2,1225.6,573.08
139.9,3471.3,1226.7,573.49
140,3473.4,1227.8,573.9
140.1,3475.5,1228.8,574.3
140.2,3477.6,1229.9,574.71
140.3,3479.7,1230.9,575.12
140.4,3481.8,1232,575.52
140.5,3483.9,1233,575.93
140.6,3486,1234.1,576.33
140.7,3488.1,1235.1,576.74
140.8,3490.2,1236.2,577.14
140.9,3492.3,1237.2,577.55
141,3494.4,1238.2,577.95
141.1,3496.5,1239.3,578.36
141.2,3498.5,1240.3,578.76
141.3,3500.6,1241.4,579.17
141.4,3502.7,1242.4,579.57
141.5,3504.8,1243.5,579.97
141.6,3506.9,1244.5,580.38
141.7,3509,1245.6,580.78
141.8,3511.1,1246.6,581.18
141.9,3513.1,1247.7,581.59
142,3515.2,1248.7,581.99
142.1,3517.3,1249.8,582.39
142.2,3519.4,1250.8,582.79
142.3,3521.5,1251.8,583.2
142.4,3523.6,1252.9,583.6
142.5,3525.6,1253.9,584
142.6,3527.7,1255,584.4
142.7,3529.8,1256,584.8
142.8,3531.9,1257,585.2
142.9,3534,1258.1,585.6
143,3536,1259.1,586
143.1,3538.1,1260.2,586.4
143.2,3540.2,1261.2,586.8
143.3,3542.3,1262.2,587.2
143.4,3544.3,1263.3,587.6
143.5,3546.4,1264.3,588
143.6,3548.5,1265.4,588.4
143.7,3550.5,1266.4,588.8
143.8,3552.6,1267.4,589.2
143.9,3554.7,1268.5,589.6
144,3556.8,1269.5,590
144.1,3558.8,1270.5,590.39
144.2,3560.9,1271.6,590.79
144.3,3563,1272.6,591.19
144.4,3565,1273.7,591.59
144.5,3567.1,1274.7,591.98
144.6,3569.2,1275.7,592.38
144.7,3571.2,1276.8,592.78
144.8,3573.3,1277.8,593.17
144.9,3575.4,1278.8,593.57
145,3577.4,1279.9,593.97
145.1,3579.5,1280.9,594.36
145.2,3581.5,1281.9,594.76
145.3,3583.6,1283,595.15
145.4,3585.7,1284,595.55
145.5,3587.7,1285,595.95
145.6,3589.8,1286.1,596.34
145.7,3591.8,1287.1,596.74
145.8,3593.9,1288.1,597.13
145.9,3596,1289.1,597.52
146,3598,1290.2,597.92
146.1,3600.1,1291.2,598.31
146.2,3602.1,1292.2,598.71
146.3,3604.2,1293.3,599.1
146.4,3606.2,1294.3,599.49
146.5,3608.3,1295.3,599.89
146.6,3610.3,1296.3,600.28
146.7,3612.4,1297.4,600.67
146.8,3614.5,1298.4,601.07
146.9,3616.5,1299.4,601.46
147,3618.6,1300.4,601.85
147.1,3620.6,1301.5,602.24
147.2,3622.7,1302.5,602.64
147.3,3624.7,1303.5,603.03
147.4,3626.8,1304.5,603.42
147.5,3628.8,1305.6,603.81
147.6,3630.8,1306.6,604.2
147.7,3632.9,1307.6,604.59
147.8,3634.9,1308.6,604.98
147.9,3637,1309.7,605.37
148,3639,1310.7,605.76
148.1,3641.1,1311.7,606.15
148.2,3643.1,1312.7,606.54
148.3,3645.2,1313.8,606.93
148.4,3647.2,1314.8,607.32
148.5,3649.2,1315.8,607.71
148.6,3651.3,1316.8,608.1
148.7,3653.3,1317.8,608.49
148.8,3655.4,1318.9,608.88
148.9,3657.4,1319.9,609.27
149,3659.4,1320.9,609.66
149.1,3661.5,1321.9,610.05
149.2,3663.5,1322.9,610.43
149.3,3665.6,1323.9,610.82
149.4,3667.6,1325,611.21
149.5,3669.6,1326,611.6
149.6,3671.7,1327,611.98
149.7,3673.7,1328,612.37
149.8,3675.7,1329,612.76
149.9,3677.8,1330,613.15
150,3679.8,1331.1,613.53
150.1,3681.8,1332.1,613.92
150.2,3683.9,1333.1,614.3
150.3,3685.9,1334.1,614.69
150.4,3687.9,1335.1,615.08
150.5,3690,1336.1,615.46
150.6,3692,1337.1,615.85
150.7,3694,1338.2,616.23
150.8,3696,1339.2,616.62
150.9,3698.1,1340.2,617
151,3700.1,1341.2,617.39
151.1,3702.1,1342.2,617.77
151.2,3704.2,1343.2,618.16
151.3,3706.2,1344.2,618.54
151.4,3708.2,1345.2,618.92
151.5,3710.2,1346.2,619.31
151.6,3712.3,1347.3,619.69
151.7,3714.3,1348.3,620.08
151.8,3716.3,1349.3,620.46
151.9,3718.3,1350.3,620.84
152,3720.3,1351.3,621.23
152.1,3722.4,1352.3,621.61
152.2,3724.4,1353.3,621.99
152.3,3726.4,1354.3,622.37
152.4,3728.4,1355.3,622.76
152.5,3730.4,1356.3,623.14
152.6,3732.5,1357.3,623.52
152.7,3734.5,1358.3,623.9
152.8,3736.5,1359.3,624.28
152.9,3738.5,1360.4,624.66
153,3740.5,1361.4,625.04
153.1,3742.5,1362.4,625.43
153.2,3744.6,1363.4,625.81
153.3,3746.6,1364.4,626.19
153.4,3748.6,1365.4,626.57
153.5,3750.6,1366.4,626.95
153.6,3752.6,1367.4,627.33
153.7,3754.6,1368.4,627.71
153.8,3756.6,1369.4,628.09
153.9,3758.6,1370.4,628.47
154,3760.7,1371.4,628.85
154.1,3762.7,1372.4,629.23
154.2,3764.7,1373.4,629.6
154.3,3766.7,1374.4,629.98
154.4,3768.7,1375.4,630.36
154.5,3770.7,1376.4,630.74
154.6,3772.7,1377.4,631.12
154.7,3774.7,1378.4,631.5
154.8,3776.7,1379.4,631.87
154.9,3778.7,1380.4,632.25
155,3780.7,1381.4,632.63
155.1,3782.7,1382.4,633.01
155.2,3784.7,1383.4,633.38
155.3,3786.7,1384.4,633.76
155.4,3788.7,1385.4,634.14
155.5,3790.7,1386.4,634.51
155.6,3792.7,1387.4,634.89
155.7,3794.7,1388.4,635.27
155.8,3796.7,1389.3,635.64
155.9,3798.7,1390.3,636.02
156,3800.7,1391.3,636.4
156.1,3802.7,1392.3,636.77
156.2,3804.7,1393.3,637.15
156.3,3806.7,1394.3,637.52
156.4,3808.7,1395.3,637.9
156.5,3810.7,1396.3,638.27
156.6,3812.7,1397.3,638.65
156.7,3814.7,1398.3,639.02
156.8,3816.7,1399.3,639.4
156.9,3818.7,1400.3,639.77
157,3820.7,1401.3,640.14
157.1,3822.7,1402.3,640.52
157.2,3824.7,1403.2,640.89
157.3,3826.7,1404.2,641.26
157.4,3828.7,1405.2,641.64
157.5,3830.7,1406.2,642.01
157.6,3832.6,1407.2,642.38
157.7,3834.6,1408.2,642.76
157.8,3836.6,1409.2,643.13
157.9,3838.6,1410.2,643.5
158,3840.6,1411.1,643.87
158.1,3842.6,1412.1,644.25
158.2,3844.6,1413.1,644.62
158.3,3846.6,1414.1,644.99
158.4,3848.6,1415.1,645.36
158.5,3850.5,1416.1,645.73
158.6,3852.5,1417.1,646.1
158.7,3854.5,1418.1,646.48
158.8,3856.5,1419,646.85
158.9,3858.5,1420,647.22
159,3860.5,1421,647.59
159.1,3862.4,1422,647.96
159.2,3864.4,1423,648.33
159.3,3866.4,1424,648.7
159.4,3868.4,1424.9,649.07
159.5,3870.4,1425.9,649.44
159.6,3872.3,1426.9,649.81
159.7,3874.3,1427.9,650.18
159.8,3876.3,1428.9,650.55
159.9,3878.3,1429.8,650.91
160,3880.2,1430.8,651.28
160.1,3882.2,1431.8,651.65
160.2,3884.2,1432.8,652.02
160.3,3886.2,1433.8,652.39
160.4,3888.1,1434.7,652.76
160.5,3890.1,1435.7,653.13
160.6,3892.1,1436.7,653.49
160.7,3894.1,1437.7,653.86
160.8,3896,1438.7,654.23
160.9,3898,1439.6,654.6
161,3900,1440.6,654.96
161.1,3902,1441.6,655.33
161.2,3903.9,1442.6,655.7
161.3,3905.9,1443.5,656.06
161.4,3907.9,1444.5,656.43
161.5,3909.8,1445.5,656.8
161.6,3911.8,1446.5,657.16
161.7,3913.8,1447.4,657.53
161.8,3915.7,1448.4,657.89
161.9,3917.7,1449.4,658.26
162,3919.7,1450.4,658.62
162.1,3921.6,1451.3,658.99
162.2,3923.6,1452.3,659.35
162.3,3925.6,1453.3,659.72
162.4,3927.5,1454.3,660.08
162.5,3929.5,1455.2,660.45
162.6,3931.5,1456.2,660.81
162.7,3933.4,1457.2,661.18
162.8,3935.4,1458.1,661.54
162.9,3937.3,1459.1,661.91
163,3939.3,1460.1,662.27
163.1,3941.3,1461,662.63
163.2,3943.2,1462,663
163.3,3945.2,1463,663.36
163.4,3947.1,1464,663.72
163.5,3949.1,1464.9,664.09
163.6,3951.1,1465.9,664.45
163.7,3953,1466.9,664.81
163.8,3955,1467.8,665.17
163.9,3956.9,1468.8,665.54
164,3958.9,1469.8,665.9
164.1,3960.8,1470.7,666.26
164.2,3962.8,1471.7,666.62
164.3,3964.7,1472.7,666.98
164.4,3966.7,1473.6,667.34
164.5,3968.6,1474.6,667.7
164.6,3970.6,1475.6,668.07
164.7,3972.5,1476.5,668.43
164.8,3974.5,1477.5,668.79
164.9,3976.4,1478.4,669.15
165,3978.4,1479.4,669.51
165.1,3980.3,1480.4,669.87
165.2,3982.3,1481.3,670.23
165.3,3984.2,1482.3,670.59
165.4,3986.2,1483.3,670.95
165.5,3988.1,1484.2,671.31
165.6,3990.1,1485.2,671.67
165.7,3992,1486.1,672.03
165.8,3994,1487.1,672.39
165.9,3995.9,1488.1,672.74
166,3997.9,1489,673.1
166.1,3999.8,1490,673.46
166.2,4001.8,1490.9,673.82
166.3,4003.7,1491.9,674.18
166.4,4005.6,1492.9,674.54
166.5,4007.6,1493.8,674.89
166.6,4009.5,1494.8,675.25
166.7,4011.5,1495.7,675.61
166.8,4013.4,1496.7,675.97
166.9,4015.3,1497.6,676.32
167,4017.3,1498.6,676.68
167.1,4019.2,1499.6,677.04
167.2,4021.2,1500.5,677.39
167.3,4023.1,1501.5,677.75
167.4,4025,1502.4,678.11
167.5,4027,1503.4,678.46
167.6,4028.9,1504.3,678.82
167.7,4030.8,1505.3,679.17
167.8,4032.8,1506.2,679.53
167.9,4034.7,1507.2,679.89
168,4036.6,1508.1,680.24
168.1,4038.6,1509.1,680.6
168.2,4040.5,1510.1,680.95
168.3,4042.4,1511,681.31
168.4,4044.4,1512,681.66
168.5,4046.3,1512.9,682.01
168.6,4048.2,1513.9,682.37
168.7,4050.2,1514.8,682.72
168.8,4052.1,1515.8,683.08
168.9,4054,1516.7,683.43
169,4055.9,1517.7,683.78
169.1,4057.9,1518.6,684.14
169.2,4059.8,1519.6,684.49
169.3,4061.7,1520.5,684.84
169.4,4063.7,1521.5,685.2
169.5,4065.6,1522.4,685.55
169.6,4067.5,1523.3,685.9
169.7,4069.4,1524.3,686.26
169.8,4071.3,1525.2,686.61
169.9,4073.3,1526.2,686.96
170,4075.2,1527.1,687.31
170.1,4077.1,1528.1,687.66
170.2,4079,1529,688.02
170.3,4081,1530,688.37
170.4,4082.9,1530.9,688.72
170.5,4084.8,1531.9,689.07
170.6,4086.7,1532.8,689.42
170.7,4088.6,1533.7,689.77
170.8,4090.6,1534.7,690.12
170.9,4092.5,1535.6,690.47
171,4094.4,1536.6,690.82
171.1,4096.3,1537.5,691.17
171.2,4098.2,1538.5,691.52
171.3,4100.1,1539.4,691.87
171.4,4102.1,1540.3,692.22
171.5,4104,1541.3,692.57
171.6,4105.9,1542.2,692.92
171.7,4107.8,1543.2,693.27
171.8,4109.7,1544.1,693.62
171.9,4111.6,1545,693.97
172,4113.5,1546,694.32
172.1,4115.4,1546.9,694.66
172.2,4117.4,1547.9,695.01
172.3,4119.3,1548.8,695.36
172.4,4121.2,1549.7,695.71
172.5,4123.1,1550.7,696.06
172.6,4125,1551.6,696.41
172.7,4126.9,1552.6,696.75
172.8,4128.8,1553.5,697.1
172.9,4130.7,1554.4,697.45
173,4132.6,1555.4,697.79
173.1,4134.5,1556.3,698.14
173.2,4136.4,1557.2,698.49
173.3,4138.3,1558.2,698.83
173.4,4140.2,1559.1,699.18
173.5,4142.1,1560,699.53
173.6,4144,1561,699.87
173.7,4146,1561.9,700.22
173.8,4147.9,1562.8,700.56
173.9,4149.8,1563.8,700.91
174,4151.7,1564.7,701.26
174.1,4153.6,1565.6,701.6
174.2,4155.5,1566.6,701.95
174.3,4157.4,1567.5,702.29
174.4,4159.3,1568.4,702.64
174.5,4161.2,1569.4,702.98
174.6,4163.1,1570.3,703.32
174.7,4164.9,1571.2,703.67
174.8,4166.8,1572.2,704.01
174.9,4168.7,1573.1,704.36
175,4170.6,1574,704.7
175.1,4172.5,1574.9,705.04
175.2,4174.4,1575.9,705.39
175.3,4176.3,1576.8,705.73
175.4,4178.2,1577.7,706.07
175.5,4180.1,1578.6,706.42
175.6,4182,1579.6,706.76
175.7,4183.9,1580.5,707.1
175.8,4185.8,1581.4,707.45
175.9,4187.7,1582.4,707.79
176,4189.6,1583.3,708.13
176.1,4191.5,1584.2,708.47
176.2,4193.3,1585.1,708.81
176.3,4195.2,1586.1,709.15
176.4,4197.1,1587,709.5
176.5,4199,1587.9,709.84
176.6,4200.9,1588.8,710.18
176.7,4202.8,1589.8,710.52
176.8,4204.7,1590.7,710.86
176.9,4206.6,1591.6,711.2
177,4208.4,1592.5,711.54
177.1,4210.3,1593.4,711.88
177.2,4212.2,1594.4,712.22
177.3,4214.1,1595.3,712.56
177.4,4216,1596.2,712.9
177.5,4217.9,1597.1,713.24
177.6,4219.7,1598,713.58
177.7,4221.6,1599,713.92
177.8,4223.5,1599.9,714.26
177.9,4225.4,1600.8,714.6
178,4227.3,1601.7,714.94
178.1,4229.1,1602.6,715.28
178.2,4231,1603.6,715.62
178.3,4232.9,1604.5,715.95
178.4,4234.8,1605.4,716.29
178.5,4236.6,1606.3,716.63
178.6,4238.5,1607.2,716.97
178.7,4240.4,1608.1,717.31
178.8,4242.3,1609.1,717.64
178.9,4244.1,1610,717.98
179,4246,1610.9,718.32
179.1,4247.9,1611.8,718.66
179.2,4249.8,1612.7,718.99
179.3,4251.6,1613.6,719.33
179.4,4253.5,1614.6,719.67
179.5,4255.4,1615.5,720
179.6,4257.3,1616.4,720.34
179.7,4259.1,1617.3,720.68
179.8,4261,1618.2,721.01
179.9,4262.9,1619.1,721.35
180,4264.7,1620,721.68
180.1,4266.6,1620.9,722.02
180.2,4268.5,1621.9,722.35
180.3,4270.4,1622.8,722.69
180.4,4272.2,1623.7,723.02
180.5,4274.1,1624.6,723.36
180.6,4276,1625.5,723.69
180.7,4277.8,1626.4,724.03
180.8,4279.7,1627.3,724.36
180.9,4281.6,1628.2,724.7
181,4283.4,1629.1,725.03
181.1,4285.3,1630,725.37
181.2,4287.2,1630.9,725.7
181.3,4289,1631.8,726.03
181.4,4290.9,1632.8,726.37
181.5,4292.8,1633.7,726.7
181.6,4294.6,1634.6,727.03
181.7,4296.5,1635.5,727.37
181.8,4298.3,1636.4,727.7
181.9,4300.2,1637.3,728.03
182,4302.1,1638.2,728.36
182.1,4303.9,1639.1,728.7
182.2,4305.8,1640,729.03
182.3,4307.7,1640.9,729.36
182.4,4309.5,1641.8,729.69
182.5,4311.4,1642.7,730.02
182.6,4313.2,1643.6,730.36
182.7,4315.1,1644.5,730.69
182.8,4317,1645.4,731.02
182.9,4318.8,1646.3,731.35
183,4320.7,1647.2,731.68
183.1,4322.5,1648.1,732.01
183.2,4324.4,1649,732.34
183.3,4326.3,1649.9,732.67
183.4,4328.1,1650.8,733
183.5,4330,1651.7,733.33
183.6,4331.8,1652.6,733.66
183.7,4333.7,1653.5,733.99
183.8,4335.5,1654.4,734.32
183.9,4337.4,1655.3,734.65
184,4339.3,1656.2,734.98
184.1,4341.1,1657.1,735.31
184.2,4343,1658,735.64
184.3,4344.8,1658.9,735.97
184.4,4346.7,1659.8,736.3
184.5,4348.5,1660.7,736.63
184.6,4350.4,1661.6,736.96
184.7,4352.3,1662.5,737.28
184.8,4354.1,1663.3,737.61
184.9,4356,1664.2,737.94
185,4357.8,1665.1,738.27
185.1,4359.7,1666,738.6
185.2,4361.5,1666.9,738.92
185.3,4363.4,1667.8,739.25
185.4,4365.2,1668.7,739.58
185.5,4367.1,1669.6,739.91
185.6,4369,1670.5,740.23
185.7,4370.8,1671.4,740.56
185.8,4372.7,1672.3,740.89
185.9,4374.5,1673.2,741.21
186,4376.4,1674,741.54
186.1,4378.2,1674.9,741.86
186.2,4380.1,1675.8,742.19
186.3,4381.9,1676.7,742.52
186.4,4383.8,1677.6,742.84
186.5,4385.6,1678.5,743.17
186.6,4387.5,1679.4,743.49
186.7,4389.4,1680.2,743.82
186.8,4391.2,1681.1,744.14
186.9,4393.1,1682,744.47
187,4394.9,1682.9,744.79
187.1,4396.8,1683.8,745.12
187.2,4398.6,1684.7,745.44
187.3,4400.5,1685.6,745.77
187.4,4402.3,1686.4,746.09
187.5,4404.2,1687.3,746.42
187.6,4406,1688.2,746.74
187.7,4407.9,1689.1,747.06
187.8,4409.7,1690,747.39
187.9,4411.6,1690.8,747.71
188,4413.5,1691.7,748.03
188.1,4415.3,1692.6,748.36
188.2,4417.2,1693.5,748.68
188.3,4419,1694.4,749
188.4,4420.9,1695.2,749.33
188.5,4422.7,1696.1,749.65
188.6,4424.6,1697,749.97
188.7,4426.4,1697.9,750.29
188.8,4428.3,1698.8,750.61
188.9,4430.1,1699.6,750.94
189,4432,1700.5,751.26
189.1,4433.8,1701.4,751.58
189.2,4435.7,1702.3,751.9
189.3,4437.5,1703.1,752.22
189.4,4439.4,1704,752.54
189.5,4441.2,1704.9,752.86
189.6,4443.1,1705.8,753.19
189.7,4445,1706.6,753.51
189.8,4446.8,1707.5,753.83
189.9,4448.7,1708.4,754.15
190,4450.5,1709.3,754.47
190.1,4452.4,1710.1,754.79
190.2,4454.2,1711,755.11
190.3,4456.1,1711.9,755.43
190.4,4457.9,1712.7,755.75
190.5,4459.8,1713.6,756.07
190.6,4461.6,1714.5,756.39
190.7,4463.5,1715.3,756.71
190.8,4465.3,1716.2,757.03
190.9,4467.2,1717.1,757.34
191,4469,1718,757.66
191.1,4470.9,1718.8,757.98
191.2,4472.8,1719.7,758.3
191.3,4474.6,1720.6,758.62
191.4,4476.5,1721.4,758.94
191.5,4478.3,1722.3,759.26
191.6,4480.2,1723.2,759.57
191.7,4482,1724,759.89
191.8,4483.9,1724.9,760.21
191.9,4485.7,1725.7,760.53
192,4487.6,1726.6,760.84
192.1,4489.4,1727.5,761.16
192.2,4491.3,1728.3,761.48
192.3,4493.2,1729.2,761.79
192.4,4495,1730.1,762.11
192.5,4496.9,1730.9,762.43
192.6,4498.7,1731.8,762.74
192.7,4500.6,1732.6,763.06
192.8,4502.4,1733.5,763.38
192.9,4504.3,1734.4,763.69
193,4506.1,1735.2,764.01
193.1,4508,1736.1,764.32
193.2,4509.8,1736.9,764.64
193.3,4511.7,1737.8,764.96
193.4,4513.6,1738.7,765.27
193.5,4515.4,1739.5,765.59
193.6,4517.3,1740.4,765.9
193.7,4519.1,1741.2,766.22
193.8,4521,1742.1,766.53
193.9,4522.8,1742.9,766.85
194,4524.7,1743.8,767.16
194.1,4526.6,1744.7,767.47
194.2,4528.4,1745.5,767.79
194.3,4530.3,1746.4,768.1
194.4,4532.1,1747.2,768.42
194.5,4534,1748.1,768.73
194.6,4535.8,1748.9,769.04
194.7,4537.7,1749.8,769.36
194.8,4539.5,1750.6,769.67
194.9,4541.4,1751.5,769.98
195,4543.3,1752.3,770.3
195.1,4545.1,1753.2,770.61
195.2,4547,1754,770.92
195.3,4548.8,1754.9,771.23
195.4,4550.7,1755.7,771.55
195.5,4552.6,1756.6,771.86
195.6,4554.4,1757.4,772.17
195.7,4556.3,1758.3,772.48
195.8,4558.1,1759.1,772.8
195.9,4560,1760,773.11
196,4561.8,1760.8,773.42
196.1,4563.7,1761.7,773.73
196.2,4565.6,1762.5,774.04
196.3,4567.4,1763.3,774.35
196.4,4569.3,1764.2,774.66
196.5,4571.1,1765,774.97
196.6,4573,1765.9,775.29
196.7,4574.9,1766.7,775.6
196.8,4576.7,1767.6,775.91
196.9,4578.6,1768.4,776.22
197,4580.4,1769.2,776.53
197.1,4582.3,1770.1,776.84
197.2,4584.2,1770.9,777.15
197.3,4586,1771.8,777.46
197.4,4587.9,1772.6,777.77
197.5,4589.7,1773.5,778.07
197.6,4591.6,1774.3,778.38
197.7,4593.5,1775.1,778.69
197.8,4595.3,1776,779
197.9,4597.2,1776.8,779.31
198,4599.1,1777.6,779.62
198.1,4600.9,1778.5,779.93
198.2,4602.8,1779.3,780.24
198.3,4604.6,1780.2,780.55
198.4,4606.5,1781,780.85
198.5,4608.4,1781.8,781.16
198.6,4610.2,1782.7,781.47
198.7,4612.1,1783.5,781.78
198.8,4614,1784.3,782.08
198.9,4615.8,1785.2,782.39
199,4617.7,1786,782.7
199.1,4619.6,1786.8,783.01
199.2,4621.4,1787.7,783.31
199.3,4623.3,1788.5,783.62
199.4,4625.1,1789.3,783.93
199.5,4627,1790.2,784.23
199.6,4628.9,1791,784.54
199.7,4630.7,1791.8,784.85
199.8,4632.6,1792.6,785.15
199.9,4634.5,1793.5,785.46
200,4636.3,1794.3,785.76
200.1,4638.2,1795.1,786.07
200.2,4640.1,1796,786.38
200.3,4641.9,1796.8,786.68
200.4,4643.8,1797.6,786.99
200.5,4645.7,1798.4,787.29
200.6,4647.5,1799.3,787.6
200.7,4649.4,1800.1,787.9
200.8,4651.3,1800.9,788.21
200.9,4653.1,1801.7,788.51
201,4655,1802.6,788.82
201.1,4656.9,1803.4,789.12
201.2,4658.7,1804.2,789.42
201.3,4660.6,1805,789.73
201.4,4662.5,1805.8,790.03
201.5,4664.3,1806.7,790.34
201.6,4666.2,1807.5,790.64
201.7,4668.1,1808.3,790.94
201.8,4670,1809.1,791.25
201.9,4671.8,1810,791.55
202,4673.7,1810.8,791.85
202.1,4675.6,1811.6,792.16
202.2,4677.4,1812.4,792.46
202.3,4679.3,1813.2,792.76
202.4,4681.2,1814,793.06
202.5,4683,1814.9,793.37
202.6,4684.9,1815.7,793.67
202.7,4686.8,1816.5,793.97
202.8,4688.7,1817.3,794.27
202.9,4690.5,1818.1,794.57
203,4692.4,1818.9,794.88
203.1,4694.3,1819.8,795.18
203.2,4696.1,1820.6,795.48
203.3,4698,1821.4,795.78
203.4,4699.9,1822.2,796.08
203.5,4701.8,1823,796.38
203.6,4703.6,1823.8,796.68
203.7,4705.5,1824.6,796.98
203.8,4707.4,1825.4,797.28
203.9,4709.3,1826.3,797.58
204,4711.1,1827.1,797.88
204.1,4713,1827.9,798.18
204.2,4714.9,1828.7,798.48
204.3,4716.8,1829.5,798.78
204.4,4718.6,1830.3,799.08
204.5,4720.5,1831.1,799.38
204.6,4722.4,1831.9,799.68
204.7,4724.3,1832.7,799.98
204.8,4726.1,1833.5,800.28
204.9,4728,1834.3,800.58
205,4729.9,1835.1,800.88
205.1,4731.8,1835.9,801.18
205.2,4733.6,1836.7,801.48
205.3,4735.5,1837.6,801.77
205.4,4737.4,1838.4,802.07
205.5,4739.3,1839.2,802.37
205.6,4741.1,1840,802.67
205.7,4743,1840.8,802.97
205.8,4744.9,1841.6,803.27
205.9,4746.8,1842.4,803.56
206,4748.7,1843.2,803.86
206.1,4750.5,1844,804.16
206.2,4752.4,1844.8,804.45
206.3,4754.3,1845.6,804.75
206.4,4756.2,1846.4,805.05
206.5,4758.1,1847.2,805.35
206.6,4759.9,1848,805.64
206.7,4761.8,1848.8,805.94
206.8,4763.7,1849.6,806.23
206.9,4765.6,1850.4,806.53
207,4767.5,1851.2,806.83
207.1,4769.3,1851.9,807.12
207.2,4771.2,1852.7,807.42
207.3,4773.1,1853.5,807.71
207.4,4775,1854.3,808.01
207.5,4776.9,1855.1,808.31
207.6,4778.7,1855.9,808.6
207.7,4780.6,1856.7,808.9
207.8,4782.5,1857.5,809.19
207.9,4784.4,1858.3,809.49
208,4786.3,1859.1,809.78
208.1,4788.2,1859.9,810.07
208.2,4790,1860.7,810.37
208.3,4791.9,1861.5,810.66
208.4,4793.8,1862.3,810.96
208.5,4795.7,1863,811.25
208.6,4797.6,1863.8,811.54
208.7,4799.5,1864.6,811.84
208.8,4801.3,1865.4,812.13
208.9,4803.2,1866.2,812.43
209,4805.1,1867,812.72
209.1,4807,1867.8,813.01
209.2,4808.9,1868.6,813.31
209.3,4810.8,1869.3,813.6
209.4,4812.7,1870.1,813.89
209.5,4814.5,1870.9,814.18
209.6,4816.4,1871.7,814.48
209.7,4818.3,1872.5,814.77
209.8,4820.2,1873.3,815.06
209.9,4822.1,1874,815.35
210,4824,1874.8,815.64
210.1,4825.9,1875.6,815.94
210.2,4827.8,1876.4,816.23
210.3,4829.6,1877.2,816.52
210.4,4831.5,1878,816.81
210.5,4833.4,1878.7,817.1
210.6,4835.3,1879.5,817.39
210.7,4837.2,1880.3,817.68
210.8,4839.1,1881.1,817.97
210.9,4841,1881.9,818.26
211,4842.9,1882.6,818.56
211.1,4844.8,1883.4,818.85
211.2,4846.7,1884.2,819.14
211.3,4848.5,1885,819.43
211.4,4850.4,1885.7,819.72
211.5,4852.3,1886.5,820.01
211.6,4854.2,1887.3,820.3
211.7,4856.1,1888.1,820.59
211.8,4858,1888.8,820.87
211.9,4859.9,1889.6,821.16
212,4861.8,1890.4,821.45
212.1,4863.7,1891.2,821.74
212.2,4865.6,1891.9,822.03
212.3,4867.5,1892.7,822.32
212.4,4869.4,1893.5,822.61
212.5,4871.3,1894.2,822.9
212.6,4873.1,1895,823.18
212.7,4875,1895.8,823.47
212.8,4876.9,1896.6,823.76
212.9,4878.8,1897.3,824.05
213,4880.7,1898.1,824.34
213.1,4882.6,1898.9,824.62
213.2,4884.5,1899.6,824.91
213.3,4886.4,1900.4,825.2
213.4,4888.3,1901.2,825.49
213.5,4890.2,1901.9,825.77
213.6,4892.1,1902.7,826.06
213.7,4894,1903.5,826.35
213.8,4895.9,1904.2,826.63
213.9,4897.8,1905,826.92
214,4899.7,1905.8,827.21
214.1,4901.6,1906.5,827.49
214.2,4903.5,1907.3,827.78
214.3,4905.4,1908,828.07
214.4,4907.3,1908.8,828.35
214.5,4909.2,1909.6,828.64
214.6,4911.1,1910.3,828.92
214.7,4913,1911.1,829.21
214.8,4914.9,1911.8,829.49
214.9,4916.8,1912.6,829.78
215,4918.7,1913.4,830.06
215.1,4920.6,1914.1,830.35
215.2,4922.5,1914.9,830.63
215.3,4924.4,1915.6,830.92
215.4,4926.3,1916.4,831.2
215.5,4928.2,1917.2,831.49
215.6,4930.1,1917.9,831.77
215.7,4932,1918.7,832.05
215.8,4933.9,1919.4,832.34
215.9,4935.8,1920.2,832.62
216,4937.7,1920.9,832.91
216.1,4939.6,1921.7,833.19
216.2,4941.5,1922.4,833.47
216.3,4943.4,1923.2,833.76
216.4,4945.3,1923.9,834.04
216.5,4947.2,1924.7,834.32
216.6,4949.1,1925.5,834.61
216.7,4951,1926.2,834.89
216.8,4952.9,1927,835.17
216.9,4954.8,1927.7,835.45
217,4956.7,1928.5,835.74
217.1,4958.6,1929.2,836.02
217.2,4960.5,1930,836.3
217.3,4962.4,1930.7,836.58
217.4,4964.3,1931.5,836.86
217.5,4966.2,1932.2,837.15
217.6,4968.1,1932.9,837.43
217.7,4970.1,1933.7,837.71
217.8,4972,1934.4,837.99
217.9,4973.9,1935.2,838.27
218,4975.8,1935.9,838.55
218.1,4977.7,1936.7,838.83
218.2,4979.6,1937.4,839.11
218.3,4981.5,1938.2,839.39
218.4,4983.4,1938.9,839.67
218.5,4985.3,1939.7,839.95
218.6,4987.2,1940.4,840.23
218.7,4989.1,1941.1,840.51
218.8,4991,1941.9,840.79
218.9,4992.9,1942.6,841.07
219,4994.9,1943.4,841.35
219.1,4996.8,1944.1,841.63
219.2,4998.7,1944.8,841.91
219.3,5000.6,1945.6,842.19
219.4,5002.5,1946.3,842.47
219.5,5004.4,1947.1,842.75
219.6,5006.3,1947.8,843.03
219.7,5008.2,1948.5,843.31
219.8,5010.1,1949.3,843.59
219.9,5012.1,1950,843.86
220,5014,1950.7,844.14
220.1,5015.9,1951.5,844.42
220.2,5017.8,1952.2,844.7
220.3,5019.7,1953,844.98
220.4,5021.6,1953.7,845.26
220.5,5023.5,1954.4,845.53
220.6,5025.4,1955.2,845.81
220.7,5027.4,1955.9,846.09
220.8,5029.3,1956.6,846.36
220.9,5031.2,1957.4,846.64
221,5033.1,1958.1,846.92
221.1,5035,1958.8,847.2
221.2,5036.9,1959.5,847.47
221.3,5038.8,1960.3,847.75
221.4,5040.8,1961,848.03
221.5,5042.7,1961.7,848.3
221.6,5044.6,1962.5,848.58
221.7,5046.5,1963.2,848.85
221.8,5048.4,1963.9,849.13
221.9,5050.3,1964.6,849.41
222,5052.3,1965.4,849.68
222.1,5054.2,1966.1,849.96
222.2,5056.1,1966.8,850.23
222.3,5058,1967.6,850.51
222.4,5059.9,1968.3,850.78
222.5,5061.8,1969,851.06
222.6,5063.8,1969.7,851.33
222.7,5065.7,1970.5,851.61
222.8,5067.6,1971.2,851.88
222.9,5069.5,1971.9,852.15
223,5071.4,1972.6,852.43
223.1,5073.4,1973.3,852.7
223.2,5075.3,1974.1,852.98
223.3,5077.2,1974.8,853.25
223.4,5079.1,1975.5,853.52
223.5,5081,1976.2,853.8
223.6,5083,1976.9,854.07
223.7,5084.9,1977.7,854.34
223.8,5086.8,1978.4,854.62
223.9,5088.7,1979.1,854.89
224,5090.7,1979.8,855.16
224.1,5092.6,1980.5,855.44
224.2,5094.5,1981.3,855.71
224.3,5096.4,1982,855.98
224.4,5098.3,1982.7,856.25
224.5,5100.3,1983.4,856.53
224.6,5102.2,1984.1,856.8
224.7,5104.1,1984.8,857.07
224.8,5106,1985.5,857.34
224.9,5108,1986.3,857.61
225,5109.9,1987,857.88
225.1,5111.8,1987.7,858.16
225.2,5113.7,1988.4,858.43
225.3,5115.7,1989.1,858.7
225.4,5117.6,1989.8,858.97
225.5,5119.5,1990.5,859.24
225.6,5121.4,1991.2,859.51
225.7,5123.4,1991.9,859.78
225.8,5125.3,1992.7,860.05
225.9,5127.2,1993.4,860.32
226,5129.1,1994.1,860.59
226.1,5131.1,1994.8,860.86
226.2,5133,1995.5,861.13
226.3,5134.9,1996.2,861.4
226.4,5136.9,1996.9,861.67
226.5,5138.8,1997.6,861.94
226.6,5140.7,1998.3,862.21
226.7,5142.6,1999,862.48
226.8,5144.6,1999.7,862.75
226.9,5146.5,2000.4,863.02
227,5148.4,2001.1,863.29
227.1,5150.4,2001.8,863.56
227.2,5152.3,2002.5,863.82
227.3,5154.2,2003.2,864.09
227.4,5156.2,2003.9,864.36
227.5,5158.1,2004.6,864.63
227.6,5160,2005.4,864.9
227.7,5161.9,2006.1,865.16
227.8,5163.9,2006.8,865.43
227.9,5165.8,2007.5,865.7
228,5167.7,2008.2,865.97
228.1,5169.7,2008.8,866.23
228.2,5171.6,2009.5,866.5
228.3,5173.5,2010.2,866.77
228.4,5175.5,2010.9,867.04
228.5,5177.4,2011.6,867.3
228.6,5179.3,2012.3,867.57
228.7,5181.3,2013,867.84
228.8,5183.2,2013.7,868.1
228.9,5185.1,2014.4,868.37
229,5187.1,2015.1,868.63
229.1,5189,2015.8,868.9
229.2,5190.9,2016.5,869.17
229.3,5192.9,2017.2,869.43
229.4,5194.8,2017.9,869.7
229.5,5196.8,2018.6,869.96
229.6,5198.7,2019.3,870.23
229.7,5200.6,2020,870.49
229.8,5202.6,2020.7,870.76
229.9,5204.5,2021.3,871.02
230,5206.4,2022,871.29
230.1,5208.4,2022.7,871.55
230.2,5210.3,2023.4,871.82
230.3,5212.2,2024.1,872.08
230.4,5214.2,2024.8,872.35
230.5,5216.1,2025.5,872.61
230.6,5218.1,2026.2,872.87
230.7,5220,2026.9,873.14
230.8,5221.9,2027.5,873.4
230.9,5223.9,2028.2,873.66
231,5225.8,2028.9,873.93
231.1,5227.8,2029.6,874.19
231.2,5229.7,2030.3,874.45
231.3,5231.6,2031,874.72
231.4,5233.6,2031.7,874.98
231.5,5235.5,2032.3,875.24
231.6,5237.5,2033,875.51
231.7,5239.4,2033.7,875.77
231.8,5241.3,2034.4,876.03
231.9,5243.3,2035.1,876.29
232,5245.2,2035.7,876.55
232.1,5247.2,2036.4,876.82
232.2,5249.1,2037.1,877.08
232.3,5251.1,2037.8,877.34
232.4,5253,2038.5,877.6
232.5,5254.9,2039.1,877.86
232.6,5256.9,2039.8,878.12
232.7,5258.8,2040.5,878.39
232.8,5260.8,2041.2,878.65
232.9,5262.7,2041.9,878.91
233,5264.7,2042.5,879.17
233.1,5266.6,2043.2,879.43
233.2,5268.6,2043.9,879.69
233.3,5270.5,2044.6,879.95
233.4,5272.4,2045.2,880.21
233.5,5274.4,2045.9,880.47
233.6,5276.3,2046.6,880.73
233.7,5278.3,2047.2,880.99
233.8,5280.2,2047.9,881.25
233.9,5282.2,2048.6,881.51
234,5284.1,2049.3,881.77
234.1,5286.1,2049.9,882.03
234.2,5288,2050.6,882.29
234.3,5290,2051.3,882.55
234.4,5291.9,2051.9,882.8
234.5,5293.9,2052.6,883.06
234.6,5295.8,2053.3,883.32
234.7,5297.8,2054,883.58
234.8,5299.7,2054.6,883.84
234.9,5301.7,2055.3,884.1
235,5303.6,2056,884.35
235.1,5305.6,2056.6,884.61
235.2,5307.5,2057.3,884.87
235.3,5309.5,2058,885.13
235.4,5311.4,2058.6,885.39
235.5,5313.4,2059.3,885.64
235.6,5315.3,2059.9,885.9
235.7,5317.3,2060.6,886.16
235.8,5319.2,2061.3,886.41
235.9,5321.2,2061.9,886.67
236,5323.1,2062.6,886.93
236.1,5325.1,2063.3,887.18
236.2,5327,2063.9,887.44
236.3,5329,2064.6,887.7
236.4,5330.9,2065.2,887.95
236.5,5332.9,2065.9,888.21
236.6,5334.8,2066.6,888.46
236.7,5336.8,2067.2,888.72
236.8,5338.7,2067.9,888.98
236.9,5340.7,2068.5,889.23
237,5342.7,2069.2,889.49
237.1,5344.6,2069.9,889.74
237.2,5346.6,2070.5,890
237.3,5348.5,2071.2,890.25
237.4,5350.5,2071.8,890.51
237.5,5352.4,2072.5,890.76
237.6,5354.4,2073.1,891.02
237.7,5356.3,2073.8,891.27
237.8,5358.3,2074.4,891.53
237.9,5360.3,2075.1,891.78
238,5362.2,2075.8,892.03
238.1,5364.2,2076.4,892.29
238.2,5366.1,2077.1,892.54
238.3,5368.1,2077.7,892.79
238.4,5370,2078.4,893.05
238.5,5372,2079,893.3
238.6,5374,2079.7,893.55
238.7,5375.9,2080.3,893.81
238.8,5377.9,2081,894.06
238.9,5379.8,2081.6,894.31
239,5381.8,2082.3,894.57
239.1,5383.8,2082.9,894.82
239.2,5385.7,2083.6,895.07
239.3,5387.7,2084.2,895.32
239.4,5389.6,2084.8,895.58
239.5,5391.6,2085.5,895.83
239.6,5393.6,2086.1,896.08
239.7,5395.5,2086.8,896.33
239.8,5397.5,2087.4,896.58
239.9,5399.4,2088.1,896.83
240,5401.4,2088.7,897.09
