0,0.016667,0.011648,0.0058325
0.1,0.03336,0.023296,0.011669
0.2,0.05011,0.034945,0.017514
0.3,0.066942,0.046594,0.023372
0.4,0.083887,0.058245,0.029247
0.5,0.10098,0.069898,0.035144
0.6,0.11823,0.081554,0.041067
0.7,0.1357,0.093211,0.04702
0.8,0.15339,0.10487,0.053008
0.9,0.17134,0.11653,0.059036
1,0.18957,0.12819,0.065106
1.1,0.20812,0.13986,0.071225
1.2,0.22701,0.15153,0.077395
1.3,0.24627,0.1632,0.083622
1.4,0.26593,0.17487,0.089909
1.5,0.28601,0.18655,0.096262
1.6,0.30654,0.19822,0.10268
1.7,0.32755,0.20991,0.10918
1.8,0.34906,0.22159,0.11575
1.9,0.37109,0.23329,0.1224
2,0.39367,0.24498,0.12914
2.1,0.41683,0.25668,0.13597
2.2,0.4406,0.26838,0.14289
2.3,0.46498,0.28008,0.14991
2.4,0.49002,0.29179,0.15703
2.5,0.51572,0.3035,0.16426
2.6,0.54212,0.31522,0.17159
2.7,0.56923,0.32695,0.17904
2.8,0.59709,0.33867,0.1866
2.9,0.62571,0.35041,0.19429
3,0.6551,0.36215,0.2021
3.1,0.68531,0.37389,0.21004
3.2,0.71634,0.38564,0.21811
3.3,0.74821,0.39739,0.22632
3.4,0.78095,0.40915,0.23466
3.5,0.81458,0.42091,0.24315
3.6,0.84912,0.43268,0.25178
3.7,0.88458,0.44445,0.26057
3.8,0.92099,0.45623,0.2695
3.9,0.95836,0.46802,0.2786
4,0.99672,0.47981,0.28785
4.1,1.0361,0.49161,0.29727
4.2,1.0765,0.50341,0.30686
4.3,1.1179,0.51522,0.31661
4.4,1.1604,0.52704,0.32654
4.5,1.2039,0.53886,0.33665
4.6,1.2485,0.55069,0.34694
4.7,1.2943,0.56252,0.35741
4.8,1.3412,0.57437,0.36807
4.9,1.3892,0.58622,0.37891
5,1.4384,0.59807,0.38996
5.1,1.4887,0.60994,0.40119
5.2,1.5403,0.62181,0.41263
5.3,1.593,0.63368,0.42427
5.4,1.647,0.64557,0.43612
5.5,1.7022,0.65746,0.44817
5.6,1.7586,0.66936,0.46044
5.7,1.8164,0.68127,0.47292
5.8,1.8754,0.69318,0.48562
5.9,1.9357,0.70511,0.49854
6,1.9973,0.71704,0.51168
6.1,2.0602,0.72898,0.52505
6.2,2.1245,0.74093,0.53865
6.3,2.1901,0.75288,0.55248
6.4,2.2571,0.76484,0.56655
6.5,2.3255,0.77682,0.58085
6.6,2.3952,0.78879,0.5954
6.7,2.4664,0.80078,0.61018
6.8,2.539,0.81278,0.62522
6.9,2.613,0.82478,0.6405
7,2.6884,0.8368,0.65603
7.1,2.7653,0.84882,0.67182
7.2,2.8437,0.86085,0.68787
7.3,2.9236,0.87289,0.70417
7.4,3.0049,0.88494,0.72073
7.5,3.0877,0.897,0.73756
7.6,3.1721,0.90906,0.75466
7.7,3.258,0.92114,0.77203
7.8,3.3454,0.93322,0.78967
7.9,3.4344,0.94532,0.80758
8,3.5249,0.95742,0.82577
8.1,3.617,0.96954,0.84424
8.2,3.7106,0.98166,0.86299
8.3,3.8059,0.99379,0.88203
8.4,3.9027,1.0059,0.90135
8.5,4.0012,1.0181,0.92096
8.6,4.1013,1.0303,0.94087
8.7,4.203,1.0424,0.96106
8.8,4.3063,1.0546,0.98156
8.9,4.4113,1.0668,1.0023
9,4.518,1.079,1.0234
9.1,4.6263,1.0912,1.0448
9.2,4.7363,1.1034,1.0665
9.3,4.848,1.1157,1.0885
9.4,4.9614,1.1279,1.1109
9.5,5.0765,1.1402,1.1335
9.6,5.1932,1.1524,1.1564
9.7,5.3118,1.1647,1.1797
9.8,5.432,1.177,1.2033
9.9,5.554,1.1893,1.2271
10,5.6777,1.2016,1.2514
10.1,5.8032,1.2139,1.2759
10.2,5.9304,1.2262,1.3008
10.3,6.0594,1.2386,1.326
10.4,6.1902,1.2509,1.3515
10.5,6.3228,1.2633,1.3774
10.6,6.4571,1.2756,1.4036
10.7,6.5933,1.288,1.4301
10.8,6.7312,1.3004,1.4569
10.9,6.871,1.3128,1.4842
11,7.0126,1.3252,1.5117
11.1,7.156,1.3376,1.5396
11.2,7.3013,1.3501,1.5678
11.3,7.4484,1.3625,1.5964
11.4,7.5974,1.375,1.6254
11.5,7.7482,1.3875,1.6547
11.6,7.9008,1.3999,1.6843
11.7,8.0554,1.4124,1.7143
11.8,8.2118,1.4249,1.7447
11.9,8.3701,1.4374,1.7754
12,8.5303,1.45,1.8064
12.1,8.6923,1.4625,1.8379
12.2,8.8563,1.4751,1.8697
12.3,9.0222,1.4876,1.9019
12.4,9.19,1.5002,1.9344
12.5,9.3597,1.5128,1.9673
12.6,9.5313,1.5254,2.0006
12.7,9.7049,1.538,2.0342
12.8,9.8804,1.5506,2.0682
12.9,10.058,1.5632,2.1026
13,10.237,1.5759,2.1374
13.1,10.419,1.5885,2.1726
13.2,10.602,1.6012,2.2081
13.3,10.787,1.6139,2.244
13.4,10.974,1.6266,2.2803
13.5,11.163,1.6393,2.317
13.6,11.355,1.652,2.3541
13.7,11.548,1.6647,2.3915
13.8,11.743,1.6775,2.4294
13.9,11.94,1.6902,2.4676
14,12.139,1.703,2.5063
14.1,12.34,1.7158,2.5453
14.2,12.543,1.7285,2.5847
14.3,12.749,1.7413,2.6245
14.4,12.956,1.7542,2.6648
14.5,13.165,1.767,2.7054
14.6,13.376,1.7798,2.7464
14.7,13.589,1.7927,2.7878
14.8,13.804,1.8055,2.8297
14.9,14.022,1.8184,2.8719
15,14.241,1.8313,2.9146
15.1,14.462,1.8442,2.9576
15.2,14.686,1.8571,3.0011
15.3,14.911,1.87,3.045
15.4,15.139,1.883,3.0892
15.5,15.368,1.8959,3.1339
15.6,15.6,1.9089,3.1791
15.7,15.834,1.9219,3.2246
15.8,16.069,1.9349,3.2706
15.9,16.307,1.9479,3.3169
16,16.547,1.9609,3.3637
16.1,16.789,1.9739,3.4109
16.2,17.033,1.987,3.4586
16.3,17.279,2,3.5066
16.4,17.528,2.0131,3.5551
16.5,17.778,2.0262,3.604
16.6,18.031,2.0393,3.6534
16.7,18.285,2.0524,3.7032
16.8,18.542,2.0655,3.7534
16.9,18.801,2.0786,3.804
17,19.061,2.0918,3.8551
17.1,19.324,2.1049,3.9066
17.2,19.589,2.1181,3.9585
17.3,19.857,2.1313,4.0109
17.4,20.126,2.1445,4.0637
17.5,20.398,2.1577,4.1169
17.6,20.671,2.1709,4.1706
17.7,20.947,2.1841,4.2247
17.8,21.225,2.1974,4.2793
17.9,21.505,2.2107,4.3343
18,21.787,2.2239,4.3898
18.1,22.071,2.2372,4.4457
18.2,22.357,2.2505,4.502
18.3,22.646,2.2638,4.5588
18.4,22.937,2.2772,4.6161
18.5,23.23,2.2905,4.6738
18.6,23.525,2.3039,4.7319
18.7,23.822,2.3172,4.7905
18.8,24.121,2.3306,4.8496
18.9,24.422,2.344,4.9091
19,24.726,2.3574,4.969
19.1,25.032,2.3708,5.0294
19.2,25.34,2.3843,5.0903
19.3,25.65,2.3977,5.1516
19.4,25.962,2.4112,5.2134
19.5,26.277,2.4246,5.2756
19.6,26.593,2.4381,5.3383
19.7,26.912,2.4516,5.4015
19.8,27.233,2.4652,5.4651
19.9,27.557,2.4787,5.5292
20,27.882,2.4922,5.5937
20.1,28.21,2.5058,5.6587
20.2,28.539,2.5193,5.7242
20.3,28.871,2.5329,5.7902
20.4,29.205,2.5465,5.8566
20.5,29.542,2.5601,5.9235
20.6,29.88,2.5738,5.9908
20.7,30.221,2.5874,6.0586
20.8,30.564,2.601,6.1269
20.9,30.909,2.6147,6.1957
21,31.256,2.6284,6.2649
21.1,31.606,2.6421,6.3346
21.2,31.958,2.6558,6.4048
21.3,32.312,2.6695,6.4755
21.4,32.668,2.6832,6.5466
21.5,33.026,2.697,6.6182
21.6,33.387,2.7107,6.6903
21.7,33.75,2.7245,6.7628
21.8,34.115,2.7383,6.8359
21.9,34.482,2.7521,6.9094
22,34.851,2.7659,6.9834
22.1,35.223,2.7797,7.0579
22.2,35.597,2.7936,7.1329
22.3,35.973,2.8074,7.2083
22.4,36.352,2.8213,7.2842
22.5,36.732,2.8352,7.3606
22.6,37.115,2.8491,7.4375
22.7,37.5,2.863,7.5149
22.8,37.887,2.8769,7.5928
22.9,38.277,2.8908,7.6712
23,38.669,2.9048,7.75
23.1,39.063,2.9187,7.8293
23.2,39.459,2.9327,7.9092
23.3,39.857,2.9467,7.9895
23.4,40.258,2.9607,8.0703
23.5,40.661,2.9747,8.1516
23.6,41.066,2.9888,8.2334
23.7,41.473,3.0028,8.3156
23.8,41.883,3.0169,8.3984
23.9,42.295,3.0309,8.4817
24,42.709,3.045,8.5654
24.1,43.126,3.0591,8.6497
24.2,43.544,3.0732,8.7345
24.3,43.965,3.0874,8.8197
24.4,44.388,3.1015,8.9054
24.5,44.814,3.1157,8.9917
24.6,45.242,3.1298,9.0784
24.7,45.671,3.144,9.1657
24.8,46.104,3.1582,9.2534
24.9,46.538,3.1724,9.3416
25,46.975,3.1866,9.4304
25.1,47.414,3.2009,9.5196
25.2,47.855,3.2151,9.6094
25.3,48.299,3.2294,9.6996
25.4,48.744,3.2437,9.7904
25.5,49.192,3.258,9.8816
25.6,49.643,3.2723,9.9734
25.7,50.095,3.2866,10.066
25.8,50.55,3.3009,10.158
25.9,51.007,3.3153,10.252
26,51.466,3.3297,10.346
26.1,51.928,3.344,10.44
26.2,52.392,3.3584,10.535
26.3,52.858,3.3728,10.63
26.4,53.326,3.3872,10.726
26.5,53.797,3.4017,10.822
26.6,54.27,3.4161,10.919
26.7,54.745,3.4306,11.017
26.8,55.223,3.4451,11.114
26.9,55.703,3.4596,11.213
27,56.185,3.4741,11.312
27.1,56.669,3.4886,11.411
27.2,57.156,3.5031,11.511
27.3,57.645,3.5176,11.612
27.4,58.136,3.5322,11.713
27.5,58.629,3.5468,11.814
27.6,59.125,3.5614,11.916
27.7,59.623,3.576,12.019
27.8,60.124,3.5906,12.122
27.9,60.626,3.6052,12.226
28,61.131,3.6198,12.33
28.1,61.638,3.6345,12.435
28.2,62.148,3.6492,12.54
28.3,62.66,3.6638,12.646
28.4,63.174,3.6785,12.752
28.5,63.691,3.6933,12.859
28.6,64.21,3.708,12.966
28.7,64.731,3.7227,13.074
28.8,65.254,3.7375,13.182
28.9,65.78,3.7522,13.291
29,66.309,3.767,13.401
29.1,66.839,3.7818,13.511
29.2,67.373,3.7966,13.621
29.3,67.908,3.8114,13.732
29.4,68.446,3.8263,13.844
29.5,68.986,3.8411,13.956
29.6,69.529,3.856,14.069
29.7,70.074,3.8709,14.182
29.8,70.621,3.8858,14.296
29.9,71.171,3.9007,14.41
30,71.724,3.9156,14.525
30.1,72.278,3.9306,14.64
30.2,72.836,3.9456,14.756
30.3,73.395,3.9607,14.872
30.4,73.957,3.9759,14.989
30.5,74.522,3.9912,15.107
30.6,75.089,4.0068,15.225
30.7,75.658,4.0225,15.344
30.8,76.231,4.0385,15.463
30.9,76.805,4.0547,15.583
31,77.382,4.0712,15.703
31.1,77.962,4.0881,15.824
31.2,78.544,4.1053,15.945
31.3,79.128,4.1228,16.067
31.4,79.716,4.1408,16.19
31.5,80.305,4.1592,16.313
31.6,80.898,4.178,16.437
31.7,81.493,4.1973,16.561
31.8,82.09,4.2171,16.686
31.9,82.69,4.2374,16.811
32,83.293,4.2583,16.937
32.1,83.898,4.2797,17.064
32.2,84.506,4.3018,17.191
32.3,85.117,4.3244,17.318
32.4,85.73,4.3477,17.447
32.5,86.346,4.3716,17.576
32.6,86.965,4.3962,17.705
32.7,87.586,4.4215,17.835
32.8,88.21,4.4475,17.966
32.9,88.837,4.4743,18.097
33,89.466,4.5019,18.229
33.1,90.098,4.5302,18.362
33.2,90.733,4.5593,18.495
33.3,91.371,4.5893,18.629
33.4,92.012,4.6201,18.763
33.5,92.655,4.6518,18.898
33.6,93.301,4.6843,19.034
33.7,93.95,4.7178,19.17
33.8,94.602,4.7521,19.307
33.9,95.257,4.7875,19.444
34,95.914,4.8237,19.583
34.1,96.575,4.861,19.721
34.2,97.238,4.8992,19.861
34.3,97.904,4.9385,20.001
34.4,98.574,4.9788,20.142
34.5,99.246,5.0201,20.283
34.6,99.921,5.0625,20.425
34.7,100.6,5.106,20.568
34.8,101.28,5.1505,20.711
34.9,101.96,5.1962,20.855
35,102.65,5.243,21
35.1,103.34,5.291,21.145
35.2,104.04,5.3401,21.291
35.3,104.73,5.3904,21.437
35.4,105.43,5.4418,21.585
35.5,106.14,5.4945,21.733
35.6,106.84,5.5484,21.882
35.7,107.55,5.6035,22.031
35.8,108.26,5.6599,22.181
35.9,108.98,5.7175,22.332
36,109.7,5.7764,22.483
36.1,110.42,5.8365,22.635
36.2,111.14,5.898,22.788
36.3,111.87,5.9608,22.942
36.4,112.6,6.0249,23.096
36.5,113.34,6.0904,23.251
36.6,114.07,6.1572,23.406
36.7,114.81,6.2254,23.563
36.8,115.56,6.2949,23.72
36.9,116.3,6.3659,23.877
37,117.05,6.4382,24.036
37.1,117.81,6.512,24.195
37.2,118.56,6.5872,24.355
37.3,119.33,6.6638,24.515
37.4,120.09,6.7418,24.676
37.5,120.86,6.8213,24.838
37.6,121.63,6.9023,25.001
37.7,122.4,6.9848,25.165
37.8,123.18,7.0687,25.329
37.9,123.96,7.1541,25.494
38,124.74,7.2411,25.659
38.1,125.53,7.3295,25.826
38.2,126.32,7.4195,25.993
38.3,127.11,7.5111,26.161
38.4,127.91,7.6042,26.329
38.5,128.71,7.6988,26.499
38.6,129.51,7.795,26.669
38.7,130.32,7.8928,26.839
38.8,131.13,7.9922,27.011
38.9,131.94,8.0932,27.183
39,132.76,8.1958,27.356
39.1,133.58,8.3,27.53
39.2,134.41,8.4058,27.704
39.3,135.24,8.5133,27.88
39.4,136.07,8.6224,28.056
39.5,136.9,8.7331,28.232
39.6,137.74,8.8455,28.41
39.7,138.58,8.9595,28.588
39.8,139.43,9.0753,28.767
39.9,140.28,9.1927,28.947
40,141.13,9.3118,29.128
40.1,141.99,9.4325,29.309
40.2,142.85,9.555,29.491
40.3,143.71,9.6792,29.674
40.4,144.57,9.8052,29.857
40.5,145.45,9.9328,30.042
40.6,146.32,10.062,30.227
40.7,147.2,10.193,30.413
40.8,148.08,10.326,30.599
40.9,148.96,10.461,30.787
41,149.85,10.597,30.975
41.1,150.74,10.735,31.164
41.2,151.64,10.875,31.354
41.3,152.53,11.017,31.544
41.4,153.44,11.161,31.736
41.5,154.34,11.306,31.928
41.6,155.25,11.453,32.121
41.7,156.16,11.602,32.314
41.8,157.08,11.752,32.509
41.9,158,11.905,32.704
42,158.92,12.059,32.9
42.1,159.85,12.215,33.097
42.2,160.78,12.373,33.294
42.3,161.72,12.533,33.493
42.4,162.66,12.695,33.692
42.5,163.6,12.859,33.892
42.6,164.54,13.024,34.092
42.7,165.49,13.191,34.294
42.8,166.45,13.36,34.496
42.9,167.4,13.531,34.699
43,168.36,13.704,34.903
43.1,169.33,13.879,35.108
43.2,170.29,14.056,35.314
43.3,171.26,14.234,35.52
43.4,172.24,14.415,35.727
43.5,173.22,14.597,35.935
43.6,174.2,14.781,36.144
43.7,175.19,14.968,36.353
43.8,176.17,15.156,36.564
43.9,177.17,15.346,36.775
44,178.16,15.538,36.987
44.1,179.16,15.731,37.2
44.2,180.17,15.927,37.413
44.3,181.18,16.125,37.628
44.4,182.19,16.325,37.843
44.5,183.2,16.526,38.059
44.6,184.22,16.73,38.276
44.7,185.24,16.936,38.493
44.8,186.27,17.143,38.712
44.9,187.3,17.353,38.931
45,188.33,17.564,39.151
45.1,189.37,17.778,39.372
45.2,190.41,17.993,39.594
45.3,191.46,18.21,39.816
45.4,192.51,18.43,40.04
45.5,193.56,18.651,40.264
45.6,194.61,18.875,40.489
45.7,195.67,19.1,40.715
45.8,196.74,19.327,40.942
45.9,197.8,19.557,41.169
46,198.87,19.788,41.397
46.1,199.95,20.021,41.627
46.2,201.03,20.257,41.857
46.3,202.11,20.494,42.087
46.4,203.19,20.734,42.319
46.5,204.28,20.975,42.552
46.6,205.38,21.219,42.785
46.7,206.47,21.464,43.019
46.8,207.57,21.712,43.254
46.9,208.68,21.961,43.49
47,209.79,22.213,43.727
47.1,210.9,22.466,43.964
47.2,212.01,22.722,44.203
47.3,213.13,22.98,44.442
47.4,214.26,23.24,44.682
47.5,215.38,23.502,44.923
47.6,216.51,23.765,45.165
47.7,217.65,24.031,45.407
47.8,218.78,24.299,45.651
47.9,219.93,24.57,45.895
48,221.07,24.842,46.14
48.1,222.22,25.116,46.386
48.2,223.37,25.392,46.633
48.3,224.53,25.671,46.88
48.4,225.69,25.951,47.129
48.5,226.86,26.234,47.378
48.6,228.02,26.518,47.628
48.7,229.2,26.805,47.88
48.8,230.37,27.094,48.131
48.9,231.55,27.384,48.384
49,232.73,27.677,48.638
49.1,233.92,27.972,48.892
49.2,235.11,28.27,49.148
49.3,236.31,28.569,49.404
49.4,237.5,28.87,49.661
49.5,238.71,29.174,49.919
49.6,239.91,29.479,50.178
49.7,241.12,29.787,50.437
49.8,242.33,30.096,50.698
49.9,243.55,30.408,50.959
50,244.77,30.722,51.221
50.1,246,31.038,51.484
50.2,247.23,31.356,51.748
50.3,248.46,31.677,52.013
50.4,249.69,31.999,52.279
50.5,250.93,32.324,52.545
50.6,252.18,32.65,52.813
50.7,253.42,32.979,53.081
50.8,254.68,33.31,53.35
50.9,255.93,33.643,53.62
51,257.19,33.978,53.891
51.1,258.45,34.315,54.163
51.2,259.72,34.655,54.436
51.3,260.99,34.996,54.709
51.4,262.26,35.34,54.983
51.5,263.54,35.686,55.259
51.6,264.82,36.034,55.535
51.7,266.11,36.384,55.812
51.8,267.4,36.736,56.09
51.9,268.69,37.09,56.368
52,269.99,37.447,56.648
52.1,271.29,37.806,56.928
52.2,272.59,38.166,57.21
52.3,273.9,38.529,57.492
52.4,275.21,38.894,57.775
52.5,276.53,39.262,58.059
52.6,277.85,39.631,58.344
52.7,279.17,40.003,58.63
52.8,280.5,40.376,58.916
52.9,281.83,40.752,59.204
53,283.16,41.13,59.492
53.1,284.5,41.51,59.781
53.2,285.85,41.893,60.072
53.3,287.19,42.277,60.363
53.4,288.54,42.664,60.655
53.5,289.9,43.053,60.947
53.6,291.25,43.444,61.241
53.7,292.62,43.837,61.536
53.8,293.98,44.232,61.831
53.9,295.35,44.63,62.127
54,296.72,45.029,62.425
54.1,298.1,45.431,62.723
54.2,299.48,45.835,63.022
54.3,300.87,46.241,63.322
54.4,302.25,46.65,63.622
54.5,303.65,47.06,63.924
54.6,305.04,47.473,64.227
54.7,306.44,47.888,64.53
54.8,307.85,48.305,64.834
54.9,309.25,48.724,65.14
55,310.67,49.146,65.446
55.1,312.08,49.569,65.753
55.2,313.5,49.995,66.061
55.3,314.92,50.423,66.369
55.4,316.35,50.853,66.679
55.5,317.78,51.285,66.99
55.6,319.22,51.72,67.301
55.7,320.65,52.157,67.613
55.8,322.1,52.595,67.927
55.9,323.54,53.037,68.241
56,324.99,53.48,68.556
56.1,326.45,53.925,68.872
56.2,327.9,54.373,69.188
56.3,329.36,54.823,69.506
56.4,330.83,55.275,69.825
56.5,332.3,55.729,70.144
56.6,333.77,56.185,70.465
56.7,335.25,56.644,70.786
56.8,336.73,57.105,71.108
56.9,338.21,57.568,71.431
57,339.7,58.033,71.755
57.1,341.19,58.5,72.08
57.2,342.69,58.97,72.406
57.3,344.19,59.442,72.733
57.4,345.69,59.916,73.06
57.5,347.2,60.392,73.389
57.6,348.71,60.87,73.718
57.7,350.23,61.351,74.048
57.8,351.75,61.833,74.379
57.9,353.27,62.318,74.711
58,354.8,62.805,75.044
58.1,356.33,63.294,75.378
58.2,357.86,63.786,75.713
58.3,359.4,64.279,76.048
58.4,360.94,64.774,76.385
58.5,362.49,65.272,76.722
58.6,364.04,65.772,77.06
58.7,365.59,66.274,77.4
58.8,367.15,66.778,77.739
58.9,368.71,67.284,78.08
59,370.28,67.792,78.422
59.1,371.84,68.302,78.765
59.2,373.42,68.815,79.108
59.3,374.99,69.329,79.452
59.4,376.57,69.846,79.797
59.5,378.16,70.365,80.143
59.6,379.75,70.885,80.49
59.7,381.34,71.408,80.838
59.8,382.94,71.933,81.187
59.9,384.54,72.46,81.536
60,386.14,72.989,81.886
60.1,387.75,73.52,82.237
60.2,389.36,74.053,82.589
60.3,390.97,74.589,82.942
60.4,392.59,75.126,83.296
60.5,394.21,75.665,83.65
60.6,395.84,76.206,84.006
60.7,397.47,76.75,84.362
60.8,399.1,77.295,84.719
60.9,400.73,77.842,85.076
61,402.37,78.391,85.435
61.1,404.01,78.942,85.794
61.2,405.66,79.495,86.155
61.3,407.3,80.05,86.516
61.4,408.96,80.607,86.877
61.5,410.61,81.165,87.24
61.6,412.26,81.725,87.603
61.7,413.92,82.287,87.967
61.8,415.59,82.851,88.332
61.9,417.25,83.416,88.698
62,418.92,83.983,89.064
62.1,420.59,84.551,89.431
62.2,422.26,85.122,89.799
62.3,423.93,85.693,90.168
62.4,425.61,86.267,90.537
62.5,427.29,86.842,90.907
62.6,428.97,87.418,91.278
62.7,430.65,87.996,91.649
62.8,432.34,88.575,92.021
62.9,434.03,89.156,92.394
63,435.72,89.738,92.768
63.1,437.41,90.322,93.142
63.2,439.1,90.906,93.517
63.3,440.8,91.492,93.892
63.4,442.49,92.08,94.268
63.5,444.19,92.668,94.645
63.6,445.89,93.258,95.023
63.7,447.6,93.849,95.401
63.8,449.3,94.442,95.779
63.9,451.01,95.035,96.159
64,452.72,95.629,96.538
64.1,454.42,96.225,96.919
64.2,456.13,96.822,97.3
64.3,457.85,97.42,97.681
64.4,459.56,98.019,98.063
64.5,461.27,98.618,98.446
64.6,462.99,99.219,98.829
64.7,464.71,99.821,99.213
64.8,466.43,100.42,99.597
64.9,468.15,101.03,99.982
65,469.87,101.63,100.37
65.1,471.59,102.24,100.75
65.2,473.31,102.84,101.14
65.3,475.04,103.45,101.53
65.4,476.76,104.06,101.91
65.5,478.49,104.67,102.3
65.6,480.22,105.28,102.69
65.7,481.95,105.89,103.08
65.8,483.68,106.5,103.47
65.9,485.41,107.11,103.86
66,487.14,107.73,104.25
66.1,488.87,108.34,104.64
66.2,490.6,108.95,105.04
66.3,492.33,109.57,105.43
66.4,494.07,110.19,105.82
66.5,495.8,110.8,106.21
66.6,497.53,111.42,106.61
66.7,499.27,112.04,107
66.8,501.01,112.66,107.4
66.9,502.74,113.28,107.79
67,504.48,113.9,108.19
67.1,506.22,114.52,108.58
67.2,507.96,115.14,108.98
67.3,509.69,115.76,109.38
67.4,511.43,116.38,109.77
67.5,513.17,117,110.17
67.6,514.91,117.63,110.57
67.7,516.65,118.25,110.97
67.8,518.39,118.87,111.37
67.9,520.13,119.5,111.77
68,521.87,120.12,112.17
68.1,523.61,120.75,112.57
68.2,525.35,121.37,112.97
68.3,527.09,122,113.37
68.4,528.83,122.63,113.77
68.5,530.57,123.25,114.17
68.6,532.31,123.88,114.57
68.7,534.06,124.51,114.97
68.8,535.8,125.14,115.37
68.9,537.54,125.77,115.78
69,539.28,126.4,116.18
69.1,541.02,127.02,116.58
69.2,542.76,127.65,116.98
69.3,544.5,128.28,117.39
69.4,546.24,128.91,117.79
69.5,547.98,129.55,118.19
69.6,549.72,130.18,118.6
69.7,551.46,130.81,119
69.8,553.2,131.44,119.41
69.9,554.94,132.07,119.81
70,556.68,132.7,120.22
70.1,558.42,133.34,120.62
70.2,560.16,133.97,121.03
70.3,561.9,134.6,121.43
70.4,563.63,135.23,121.84
70.5,565.37,135.87,122.24
70.6,567.11,136.5,122.65
70.7,568.85,137.14,123.05
70.8,570.58,137.77,123.46
70.9,572.32,138.4,123.86
71,574.05,139.04,124.27
71.1,575.79,139.67,124.68
71.2,577.52,140.31,125.08
71.3,579.26,140.94,125.49
71.4,580.99,141.58,125.9
71.5,582.72,142.21,126.3
71.6,584.46,142.85,126.71
71.7,586.19,143.48,127.12
71.8,587.92,144.12,127.52
71.9,589.65,144.75,127.93
72,591.38,145.39,128.34
72.1,593.11,146.02,128.75
72.2,594.84,146.66,129.15
72.3,596.57,147.3,129.56
72.4,598.3,147.93,129.97
72.5,600.03,148.57,130.38
72.6,601.75,149.2,130.78
72.7,603.48,149.84,131.19
72.8,605.2,150.48,131.6
72.9,606.93,151.11,132.01
73,608.65,151.75,132.41
73.1,610.37,152.39,132.82
73.2,612.1,153.02,133.23
73.3,613.82,153.66,133.64
73.4,615.54,154.3,134.05
73.5,617.26,154.93,134.46
73.6,618.98,155.57,134.86
73.7,620.69,156.21,135.27
73.8,622.41,156.84,135.68
73.9,624.13,157.48,136.09
74,625.84,158.12,136.5
74.1,627.56,158.75,136.91
74.2,629.27,159.39,137.32
74.3,630.98,160.03,137.72
74.4,632.69,160.66,138.13
74.5,634.41,161.3,138.54
74.6,636.12,161.94,138.95
74.7,637.82,162.57,139.36
74.8,639.53,163.21,139.77
74.9,641.24,163.85,140.18
75,642.95,164.48,140.59
75.1,644.65,165.12,140.99
75.2,646.35,165.75,141.4
75.3,648.06,166.39,141.81
75.4,649.76,167.03,142.22
75.5,651.46,167.66,142.63
75.6,653.16,168.3,143.04
75.7,654.86,168.93,143.45
75.8,656.56,169.57,143.86
75.9,658.26,170.2,144.26
76,659.95,170.84,144.67
76.1,661.65,171.48,145.08
76.2,663.34,172.11,145.49
76.3,665.03,172.75,145.9
76.4,666.73,173.38,146.31
76.5,668.42,174.02,146.72
76.6,670.11,174.65,147.13
76.7,671.79,175.29,147.53
76.8,673.48,175.92,147.94
76.9,675.17,176.55,148.35
77,676.85,177.19,148.76
77.1,678.54,177.82,149.17
77.2,680.22,178.46,149.58
77.3,681.9,179.09,149.98
77.4,683.58,179.72,150.39
77.5,685.26,180.36,150.8
77.6,686.94,180.99,151.21
77.7,688.61,181.63,151.62
77.8,690.29,182.26,152.03
77.9,691.96,182.89,152.43
78,693.64,183.52,152.84
78.1,695.31,184.16,153.25
78.2,696.98,184.79,153.66
78.3,698.65,185.42,154.06
78.4,700.32,186.05,154.47
78.5,701.99,186.68,154.88
78.6,703.65,187.32,155.29
78.7,705.32,187.95,155.69
78.8,706.98,188.58,156.1
78.9,708.64,189.21,156.51
79,710.3,189.84,156.92
79.1,711.96,190.47,157.32
79.2,713.62,191.1,157.73
79.3,715.28,191.73,158.14
79.4,716.93,192.36,158.54
79.5,718.59,192.99,158.95
79.6,720.24,193.62,159.36
79.7,721.89,194.25,159.76
79.8,723.55,194.88,160.17
79.9,725.19,195.51,160.57
80,726.84,196.14,160.98
80.1,728.49,196.77,161.39
80.2,730.14,197.4,161.79
80.3,731.78,198.02,162.2
80.4,733.42,198.65,162.6
80.5,735.06,199.28,163.01
80.6,736.7,199.91,163.41
80.7,738.34,200.53,163.82
80.8,739.98,201.16,164.22
80.9,741.62,201.79,164.63
81,743.25,202.41,165.03
81.1,744.88,203.04,165.44
81.2,746.52,203.67,165.84
81.3,748.15,204.29,166.25
81.4,749.78,204.92,166.65
81.5,751.41,205.54,167.06
81.6,753.03,206.17,167.46
81.7,754.66,206.79,167.86
81.8,756.28,207.42,168.27
81.9,757.9,208.04,168.67
82,759.52,208.66,169.08
82.1,761.14,209.29,169.48
82.2,762.76,209.91,169.88
82.3,764.38,210.53,170.28
82.4,766,211.16,170.69
82.5,767.61,211.78,171.09
82.6,769.22,212.4,171.49
82.7,770.83,213.02,171.89
82.8,772.44,213.64,172.3
82.9,774.05,214.27,172.7
83,775.66,214.89,173.1
83.1,777.27,215.51,173.5
83.2,778.87,216.13,173.9
83.3,780.47,216.75,174.31
83.4,782.07,217.37,174.71
83.5,783.67,217.99,175.11
83.6,785.27,218.61,175.51
83.7,786.87,219.23,175.91
83.8,788.47,219.85,176.31
83.9,790.06,220.46,176.71
84,791.65,221.08,177.11
84.1,793.24,221.7,177.51
84.2,794.83,222.32,177.91
84.3,796.42,222.93,178.31
84.4,798.01,223.55,178.71
84.5,799.6,224.17,179.11
84.6,801.18,224.78,179.51
84.7,802.76,225.4,179.91
84.8,804.34,226.02,180.31
84.9,805.92,226.63,180.7
85,807.5,227.25,181.1
85.1,809.08,227.86,181.5
85.2,810.65,228.48,181.9
85.3,812.23,229.09,182.3
85.4,813.8,229.7,182.69
85.5,815.37,230.32,183.09
85.6,816.94,230.93,183.49
85.7,818.51,231.54,183.89
85.8,820.07,232.16,184.28
85.9,821.64,232.77,184.68
86,823.2,233.38,185.08
86.1,824.76,233.99,185.47
86.2,826.32,234.6,185.87
86.3,827.88,235.21,186.26
86.4,829.44,235.82,186.66
86.5,831,236.43,187.06
86.6,832.55,237.04,187.45
86.7,834.1,237.65,187.85
86.8,835.66,238.26,188.24
86.9,837.21,238.87,188.64
87,838.75,239.48,189.03
87.1,840.3,240.09,189.42
87.2,841.85,240.7,189.82
87.3,843.39,241.3,190.21
87.4,844.93,241.91,190.6
87.5,846.47,242.52,191
87.6,848.01,243.13,191.39
87.7,849.55,243.73,191.78
87.8,851.09,244.34,192.18
87.9,852.62,244.94,192.57
88,854.15,245.55,192.96
88.1,855.69,246.15,193.35
88.2,857.22,246.76,193.75
88.3,858.74,247.36,194.14
88.4,860.27,247.97,194.53
88.5,861.8,248.57,194.92
88.6,863.32,249.17,195.31
88.7,864.84,249.78,195.7
88.8,866.36,250.38,196.09
88.9,867.88,250.98,196.48
89,869.4,251.58,196.87
89.1,870.92,252.18,197.26
89.2,872.43,252.78,197.65
89.3,873.95,253.39,198.04
89.4,875.46,253.99,198.43
89.5,876.97,254.59,198.82
89.6,878.48,255.19,199.21
89.7,879.98,255.78,199.6
89.8,881.49,256.38,199.98
89.9,882.99,256.98,200.37
90,884.49,257.58,200.76
90.1,886,258.18,201.15
90.2,887.49,258.78,201.53
90.3,888.99,259.37,201.92
90.4,890.49,259.97,202.31
90.5,891.98,260.57,202.69
90.6,893.48,261.16,203.08
90.7,894.97,261.76,203.47
90.8,896.46,262.35,203.85
90.9,897.94,262.95,204.24
91,899.43,263.54,204.62
91.1,900.92,264.14,205.01
91.2,902.4,264.73,205.39
91.3,903.88,265.33,205.78
91.4,905.36,265.92,206.16
91.5,906.84,266.51,206.54
91.6,908.32,267.11,206.93
91.7,909.79,267.7,207.31
91.8,911.27,268.29,207.69
91.9,912.74,268.88,208.08
92,914.21,269.47,208.46
92.1,915.68,270.06,208.84
92.2,917.15,270.65,209.22
92.3,918.61,271.24,209.61
92.4,920.08,271.83,209.99
92.5,921.54,272.42,210.37
92.6,923,273.01,210.75
92.7,924.46,273.6,211.13
92.8,925.92,274.19,211.51
92.9,927.37,274.78,211.89
93,928.83,275.36,212.27
93.1,930.28,275.95,212.65
93.2,931.73,276.54,213.03
93.3,933.18,277.13,213.41
93.4,934.63,277.71,213.79
93.5,936.08,278.3,214.17
93.6,937.53,278.88,214.55
93.7,938.97,279.47,214.93
93.8,940.41,280.05,215.31
93.9,941.85,280.64,215.68
94,943.29,281.22,216.06
94.1,944.73,281.8,216.44
94.2,946.16,282.39,216.81
94.3,947.6,282.97,217.19
94.4,949.03,283.55,217.57
94.5,950.46,284.13,217.94
94.6,951.89,284.72,218.32
94.7,953.32,285.3,218.7
94.8,954.75,285.88,219.07
94.9,956.17,286.46,219.45
95,957.59,287.04,219.82
95.1,959.01,287.62,220.2
95.2,960.43,288.2,220.57
95.3,961.85,288.78,220.94
95.4,963.27,289.36,221.32
95.5,964.68,289.93,221.69
95.6,966.1,290.51,222.06
95.7,967.51,291.09,222.44
95.8,968.92,291.67,222.81
95.9,970.33,292.24,223.18
96,971.74,292.82,223.55
96.1,973.14,293.4,223.93
96.2,974.54,293.97,224.3
96.3,975.95,294.55,224.67
96.4,977.35,295.12,225.04
96.5,978.75,295.7,225.41
96.6,980.14,296.27,225.78
96.7,981.54,296.85,226.15
96.8,982.93,297.42,226.52
96.9,984.33,297.99,226.89
97,985.72,298.57,227.26
97.1,987.11,299.14,227.63
97.2,988.49,299.71,228
97.3,989.88,300.28,228.37
97.4,991.26,300.85,228.73
97.5,992.65,301.42,229.1
97.6,994.03,301.99,229.47
97.7,995.41,302.56,229.84
97.8,996.78,303.13,230.2
97.9,998.16,303.7,230.57
98,999.54,304.27,230.94
98.1,1000.9,304.84,231.3
98.2,1002.3,305.41,231.67
98.3,1003.6,305.98,232.03
98.4,1005,306.54,232.4
98.5,1006.4,307.11,232.76
98.6,1007.7,307.68,233.13
98.7,1009.1,308.24,233.49
98.8,1010.5,308.81,233.86
98.9,1011.8,309.38,234.22
99,1013.2,309.94,234.59
99.1,1014.5,310.51,234.95
99.2,1015.9,311.07,235.31
99.3,1017.3,311.63,235.67
99.4,1018.6,312.2,236.04
99.5,1020,312.76,236.4
99.6,1021.3,313.32,236.76
99.7,1022.7,313.89,237.12
99.8,1024,314.45,237.48
99.9,1025.3,315.01,237.84
100,1026.7,315.57,238.2
100.1,1028,316.13,238.56
100.2,1029.4,316.69,238.92
100.3,1030.7,317.25,239.28
100.4,1032,317.81,239.64
100.5,1033.4,318.37,240
100.6,1034.7,318.93,240.36
100.7,1036,319.49,240.72
100.8,1037.4,320.05,241.08
100.9,1038.7,320.61,241.44
101,1040,321.16,241.79
101.1,1041.3,321.72,242.15
101.2,1042.7,322.28,242.51
101.3,1044,322.83,242.87
101.4,1045.3,323.39,243.22
101.5,1046.6,323.95,243.58
101.6,1047.9,324.5,243.93
101.7,1049.3,325.06,244.29
101.8,1050.6,325.61,244.64
101.9,1051.9,326.17,245
102,1053.2,326.72,245.35
102.1,1054.5,327.27,245.71
102.2,1055.8,327.82,246.06
102.3,1057.1,328.38,246.42
102.4,1058.4,328.93,246.77
102.5,1059.7,329.48,247.12
102.6,1061,330.03,247.48
102.7,1062.3,330.58,247.83
102.8,1063.6,331.13,248.18
102.9,1064.9,331.68,248.53
103,1066.2,332.23,248.88
103.1,1067.5,332.78,249.23
103.2,1068.8,333.33,249.59
103.3,1070.1,333.88,249.94
103.4,1071.4,334.43,250.29
103.5,1072.6,334.98,250.64
103.6,1073.9,335.53,250.99
103.7,1075.2,336.07,251.34
103.8,1076.5,336.62,251.69
103.9,1077.8,337.17,252.03
104,1079.1,337.71,252.38
104.1,1080.3,338.26,252.73
104.2,1081.6,338.8,253.08
104.3,1082.9,339.35,253.43
104.4,1084.1,339.89,253.77
104.5,1085.4,340.44,254.12
104.6,1086.7,340.98,254.47
104.7,1087.9,341.52,254.81
104.8,1089.2,342.07,255.16
104.9,1090.5,342.61,255.51
105,1091.7,343.15,255.85
105.1,1093,343.69,256.2
105.2,1094.3,344.23,256.54
105.3,1095.5,344.77,256.89
105.4,1096.8,345.32,257.23
105.5,1098,345.86,257.57
105.6,1099.3,346.4,257.92
105.7,1100.5,346.93,258.26
105.8,1101.8,347.47,258.6
105.9,1103,348.01,258.95
106,1104.3,348.55,259.29
106.1,1105.5,349.09,259.63
106.2,1106.7,349.63,259.97
106.3,1108,350.16,260.31
106.4,1109.2,350.7,260.66
106.5,1110.5,351.24,261
106.6,1111.7,351.77,261.34
106.7,1112.9,352.31,261.68
106.8,1114.2,352.84,262.02
106.9,1115.4,353.38,262.36
107,1116.6,353.91,262.7
107.1,1117.8,354.45,263.03
107.2,1119.1,354.98,263.37
107.3,1120.3,355.51,263.71
107.4,1121.5,356.05,264.05
107.5,1122.7,356.58,264.39
107.6,1123.9,357.11,264.72
107.7,1125.2,357.64,265.06
107.8,1126.4,358.17,265.4
107.9,1127.6,358.7,265.73
108,1128.8,359.23,266.07
108.1,1130,359.76,266.41
108.2,1131.2,360.29,266.74
108.3,1132.4,360.82,267.08
108.4,1133.6,361.35,267.41
108.5,1134.8,361.88,267.75
108.6,1136,362.41,268.08
108.7,1137.2,362.94,268.41
108.8,1138.4,363.46,268.75
108.9,1139.6,363.99,269.08
109,1140.8,364.52,269.41
109.1,1142,365.04,269.75
109.2,1143.2,365.57,270.08
109.3,1144.4,366.1,270.41
109.4,1145.6,366.62,270.74
109.5,1146.8,367.14,271.07
109.6,1148,367.67,271.4
109.7,1149.2,368.19,271.74
109.8,1150.3,368.72,272.07
109.9,1151.5,369.24,272.4
110,1152.7,369.76,272.73
110.1,1153.9,370.28,273.05
110.2,1155.1,370.81,273.38
110.3,1156.2,371.33,273.71
110.4,1157.4,371.85,274.04
110.5,1158.6,372.37,274.37
110.6,1159.7,372.89,274.7
110.7,1160.9,373.41,275.02
110.8,1162.1,373.93,275.35
110.9,1163.2,374.45,275.68
111,1164.4,374.97,276.01
111.1,1165.6,375.49,276.33
111.2,1166.7,376,276.66
111.3,1167.9,376.52,276.98
111.4,1169,377.04,277.31
111.5,1170.2,377.56,277.63
111.6,1171.4,378.07,277.96
111.7,1172.5,378.59,278.28
111.8,1173.7,379.1,278.61
111.9,1174.8,379.62,278.93
112,1175.9,380.13,279.25
112.1,1177.1,380.65,279.58
112.2,1178.2,381.16,279.9
112.3,1179.4,381.68,280.22
112.4,1180.5,382.19,280.54
112.5,1181.7,382.7,280.87
112.6,1182.8,383.22,281.19
112.7,1183.9,383.73,281.51
112.8,1185.1,384.24,281.83
112.9,1186.2,384.75,282.15
113,1187.3,385.26,282.47
113.1,1188.5,385.77,282.79
113.2,1189.6,386.28,283.11
113.3,1190.7,386.79,283.43
113.4,1191.8,387.3,283.75
113.5,1192.9,387.81,284.06
113.6,1194.1,388.32,284.38
113.7,1195.2,388.83,284.7
113.8,1196.3,389.33,285.02
113.9,1197.4,389.84,285.34
114,1198.5,390.35,285.65
114.1,1199.6,390.86,285.97
114.2,1200.8,391.36,286.29
114.3,1201.9,391.87,286.6
114.4,1203,392.37,286.92
114.5,1204.1,392.88,287.23
114.6,1205.2,393.38,287.55
114.7,1206.3,393.89,287.86
114.8,1207.4,394.39,288.18
114.9,1208.5,394.9,288.49
115,1209.6,395.4,288.8
115.1,1210.7,395.9,289.12
115.2,1211.8,396.4,289.43
115.3,1212.9,396.91,289.74
115.4,1214,397.41,290.06
115.5,1215,397.91,290.37
115.6,1216.1,398.41,290.68
115.7,1217.2,398.91,290.99
115.8,1218.3,399.41,291.3
115.9,1219.4,399.91,291.61
116,1220.5,400.41,291.92
116.1,1221.5,400.91,292.23
116.2,1222.6,401.41,292.54
116.3,1223.7,401.91,292.85
116.4,1224.8,402.4,293.16
116.5,1225.8,402.9,293.47
116.6,1226.9,403.4,293.78
116.7,1228,403.89,294.09
116.8,1229.1,404.39,294.39
116.9,1230.1,404.89,294.7
117,1231.2,405.38,295.01
117.1,1232.2,405.88,295.32
117.2,1233.3,406.37,295.62
117.3,1234.4,406.87,295.93
117.4,1235.4,407.36,296.23
117.5,1236.5,407.85,296.54
117.6,1237.5,408.35,296.84
117.7,1238.6,408.84,297.15
117.8,1239.6,409.33,297.45
117.9,1240.7,409.83,297.76
118,1241.7,410.32,298.06
118.1,1242.8,410.81,298.37
118.2,1243.8,411.3,298.67
118.3,1244.9,411.79,298.97
118.4,1245.9,412.28,299.27
118.5,1247,412.77,299.58
118.6,1248,413.26,299.88
118.7,1249,413.75,300.18
118.8,1250.1,414.24,300.48
118.9,1251.1,414.73,300.78
119,1252.1,415.21,301.08
119.1,1253.2,415.7,301.38
119.2,1254.2,416.19,301.68
119.3,1255.2,416.68,301.98
119.4,1256.2,417.16,302.28
119.5,1257.3,417.65,302.58
119.6,1258.3,418.13,302.88
119.7,1259.3,418.62,303.18
119.8,1260.3,419.1,303.48
119.9,1261.3,419.59,303.78
120,1262.4,420.07,304.07
120.1,1263.4,420.56,304.37
120.2,1264.4,421.04,304.67
120.3,1265.4,421.52,304.97
120.4,1266.4,422.01,305.26
120.5,1267.4,422.49,305.56
120.6,1268.4,422.97,305.85
120.7,1269.4,423.45,306.15
120.8,1270.4,423.93,306.44
120.9,1271.4,424.41,306.74
121,1272.4,424.9,307.03
121.1,1273.4,425.38,307.33
121.2,1274.4,425.86,307.62
121.3,1275.4,426.33,307.92
121.4,1276.4,426.81,308.21
121.5,1277.4,427.29,308.5
121.6,1278.4,427.77,308.8
121.7,1279.4,428.25,309.09
121.8,1280.4,428.73,309.38
121.9,1281.4,429.2,309.67
122,1282.4,429.68,309.96
122.1,1283.4,430.16,310.26
122.2,1284.3,430.63,310.55
122.3,1285.3,431.11,310.84
122.4,1286.3,431.59,311.13
122.5,1287.3,432.06,311.42
122.6,1288.3,432.54,311.71
122.7,1289.2,433.01,312
122.8,1290.2,433.49,312.29
122.9,1291.2,433.96,312.58
123,1292.2,434.43,312.87
123.1,1293.1,434.91,313.16
123.2,1294.1,435.38,313.44
123.3,1295.1,435.85,313.73
123.4,1296.1,436.32,314.02
123.5,1297,436.8,314.31
123.6,1298,437.27,314.59
123.7,1299,437.74,314.88
123.8,1299.9,438.21,315.17
123.9,1300.9,438.68,315.45
124,1301.9,439.15,315.74
124.1,1302.8,439.62,316.03
124.2,1303.8,440.09,316.31
124.3,1304.7,440.56,316.6
124.4,1305.7,441.03,316.88
124.5,1306.7,441.5,317.17
124.6,1307.6,441.97,317.45
124.7,1308.6,442.44,317.74
124.8,1309.5,442.91,318.02
124.9,1310.5,443.38,318.3
125,1311.4,443.84,318.59
125.1,1312.4,444.31,318.87
125.2,1313.3,444.78,319.15
125.3,1314.3,445.25,319.44
125.4,1315.2,445.71,319.72
125.5,1316.2,446.18,320
125.6,1317.1,446.64,320.28
125.7,1318.1,447.11,320.56
125.8,1319,447.58,320.85
125.9,1320,448.04,321.13
126,1320.9,448.51,321.41
126.1,1321.9,448.97,321.69
126.2,1322.8,449.44,321.97
126.3,1323.7,449.9,322.25
126.4,1324.7,450.36,322.53
126.5,1325.6,450.83,322.81
126.6,1326.6,451.29,323.09
126.7,1327.5,451.75,323.37
126.8,1328.4,452.22,323.65
126.9,1329.4,452.68,323.93
127,1330.3,453.14,324.2
127.1,1331.2,453.61,324.48
127.2,1332.2,454.07,324.76
127.3,1333.1,454.53,325.04
127.4,1334,454.99,325.32
127.5,1335,455.45,325.59
127.6,1335.9,455.91,325.87
127.7,1336.8,456.37,326.15
127.8,1337.8,456.83,326.42
127.9,1338.7,457.29,326.7
128,1339.6,457.76,326.98
128.1,1340.5,458.22,327.25
128.2,1341.5,458.67,327.53
128.3,1342.4,459.13,327.8
128.4,1343.3,459.59,328.08
128.5,1344.3,460.05,328.35
128.6,1345.2,460.51,328.63
128.7,1346.1,460.97,328.9
128.8,1347,461.43,329.18
128.9,1347.9,461.89,329.45
129,1348.9,462.34,329.72
129.1,1349.8,462.8,330
129.2,1350.7,463.26,330.27
129.3,1351.6,463.72,330.54
129.4,1352.5,464.17,330.82
129.5,1353.5,464.63,331.09
129.6,1354.4,465.09,331.36
129.7,1355.3,465.54,331.63
129.8,1356.2,466,331.91
129.9,1357.1,466.46,332.18
130,1358,466.91,332.45
130.1,1359,467.37,332.72
130.2,1359.9,467.82,332.99
130.3,1360.8,468.28,333.26
130.4,1361.7,468.73,333.53
130.5,1362.6,469.19,333.8
130.6,1363.5,469.64,334.07
130.7,1364.4,470.1,334.34
130.8,1365.3,470.55,334.61
130.9,1366.3,471,334.88
131,1367.2,471.46,335.15
131.1,1368.1,471.91,335.42
131.2,1369,472.37,335.69
131.3,1369.9,472.82,335.96
131.4,1370.8,473.27,336.23
131.5,1371.7,473.72,336.5
131.6,1372.6,474.18,336.77
131.7,1373.5,474.63,337.04
131.8,1374.4,475.08,337.3
131.9,1375.3,475.53,337.57
132,1376.2,475.99,337.84
132.1,1377.1,476.44,338.11
132.2,1378,476.89,338.37
132.3,1378.9,477.34,338.64
132.4,1379.8,477.79,338.91
132.5,1380.8,478.24,339.17
132.6,1381.7,478.69,339.44
132.7,1382.6,479.14,339.71
132.8,1383.5,479.59,339.97
132.9,1384.4,480.04,340.24
133,1385.3,480.49,340.5
133.1,1386.2,480.94,340.77
133.2,1387.1,481.39,341.04
133.3,1388,481.84,341.3
133.4,1388.8,482.29,341.57
133.5,1389.7,482.74,341.83
133.6,1390.6,483.19,342.1
133.7,1391.5,483.64,342.36
133.8,1392.4,484.09,342.62
133.9,1393.3,484.54,342.89
134,1394.2,484.98,343.15
134.1,1395.1,485.43,343.42
134.2,1396,485.88,343.68
134.3,1396.9,486.33,343.94
134.4,1397.8,486.77,344.21
134.5,1398.7,487.22,344.47
134.6,1399.6,487.67,344.73
134.7,1400.5,488.12,345
134.8,1401.4,488.56,345.26
134.9,1402.3,489.01,345.52
135,1403.2,489.46,345.78
135.1,1404.1,489.9,346.04
135.2,1404.9,490.35,346.31
135.3,1405.8,490.79,346.57
135.4,1406.7,491.24,346.83
135.5,1407.6,491.69,347.09
135.6,1408.5,492.13,347.35
135.7,1409.4,492.58,347.61
135.8,1410.3,493.02,347.87
135.9,1411.2,493.47,348.13
136,1412.1,493.91,348.4
136.1,1412.9,494.35,348.66
136.2,1413.8,494.8,348.92
136.3,1414.7,495.24,349.18
136.4,1415.6,495.69,349.44
136.5,1416.5,496.13,349.7
136.6,1417.4,496.57,349.95
136.7,1418.3,497.02,350.21
136.8,1419.1,497.46,350.47
136.9,1420,497.9,350.73
137,1420.9,498.35,350.99
137.1,1421.8,498.79,351.25
137.2,1422.7,499.23,351.51
137.3,1423.6,499.68,351.77
137.4,1424.4,500.12,352.02
137.5,1425.3,500.56,352.28
137.6,1426.2,501,352.54
137.7,1427.1,501.44,352.8
137.8,1428,501.89,353.06
137.9,1428.8,502.33,353.31
138,1429.7,502.77,353.57
138.1,1430.6,503.21,353.83
138.2,1431.5,503.65,354.08
138.3,1432.4,504.09,354.34
138.4,1433.2,504.53,354.6
138.5,1434.1,504.97,354.85
138.6,1435,505.41,355.11
138.7,1435.9,505.85,355.37
138.8,1436.8,506.29,355.62
138.9,1437.6,506.73,355.88
139,1438.5,507.17,356.14
139.1,1439.4,507.61,356.39
139.2,1440.3,508.05,356.65
139.3,1441.1,508.49,356.9
139.4,1442,508.93,357.16
139.5,1442.9,509.37,357.41
139.6,1443.8,509.81,357.67
139.7,1444.6,510.25,357.92
139.8,1445.5,510.69,358.18
139.9,1446.4,511.13,358.43
140,1447.3,511.56,358.69
140.1,1448.1,512,358.94
140.2,1449,512.44,359.19
140.3,1449.9,512.88,359.45
140.4,1450.8,513.31,359.7
140.5,1451.6,513.75,359.96
140.6,1452.5,514.19,360.21
140.7,1453.4,514.63,360.46
140.8,1454.2,515.06,360.72
140.9,1455.1,515.5,360.97
141,1456,515.94,361.22
141.1,1456.9,516.37,361.47
141.2,1457.7,516.81,361.73
141.3,1458.6,517.25,361.98
141.4,1459.5,517.68,362.23
141.5,1460.3,518.12,362.48
141.6,1461.2,518.55,362.74
141.7,1462.1,518.99,362.99
141.8,1462.9,519.42,363.24
141.9,1463.8,519.86,363.49
142,1464.7,520.29,363.74
142.1,1465.5,520.73,364
142.2,1466.4,521.16,364.25
142.3,1467.3,521.6,364.5
142.4,1468.1,522.03,364.75
142.5,1469,522.47,365
142.6,1469.9,522.9,365.25
142.7,1470.7,523.34,365.5
142.8,1471.6,523.77,365.75
142.9,1472.5,524.2,366
143,1473.3,524.64,366.25
143.1,1474.2,525.07,366.5
143.2,1475.1,525.5,366.75
143.3,1475.9,525.94,367
143.4,1476.8,526.37,367.25
143.5,1477.7,526.8,367.5
143.6,1478.5,527.23,367.75
143.7,1479.4,527.67,368
143.8,1480.3,528.1,368.25
143.9,1481.1,528.53,368.5
144,1482,528.96,368.75
144.1,1482.8,529.4,369
144.2,1483.7,529.83,369.24
144.3,1484.6,530.26,369.49
144.4,1485.4,530.69,369.74
144.5,1486.3,531.12,369.99
144.6,1487.2,531.55,370.24
144.7,1488,531.98,370.49
144.8,1488.9,532.41,370.73
144.9,1489.7,532.84,370.98
145,1490.6,533.28,371.23
145.1,1491.5,533.71,371.48
145.2,1492.3,534.14,371.72
145.3,1493.2,534.57,371.97
145.4,1494,535,372.22
145.5,1494.9,535.43,372.47
145.6,1495.7,535.86,372.71
145.7,1496.6,536.28,372.96
145.8,1497.5,536.71,373.21
145.9,1498.3,537.14,373.45
146,1499.2,537.57,373.7
146.1,1500,538,373.95
146.2,1500.9,538.43,374.19
146.3,1501.7,538.86,374.44
146.4,1502.6,539.29,374.68
146.5,1503.5,539.71,374.93
146.6,1504.3,540.14,375.18
146.7,1505.2,540.57,375.42
146.8,1506,541,375.67
146.9,1506.9,541.43,375.91
147,1507.7,541.85,376.16
147.1,1508.6,542.28,376.4
147.2,1509.4,542.71,376.65
147.3,1510.3,543.13,376.89
147.4,1511.1,543.56,377.14
147.5,1512,543.99,377.38
147.6,1512.9,544.42,377.63
147.7,1513.7,544.84,377.87
147.8,1514.6,545.27,378.11
147.9,1515.4,545.69,378.36
148,1516.3,546.12,378.6
148.1,1517.1,546.55,378.85
148.2,1518,546.97,379.09
148.3,1518.8,547.4,379.33
148.4,1519.7,547.82,379.58
148.5,1520.5,548.25,379.82
148.6,1521.4,548.67,380.06
148.7,1522.2,549.1,380.31
148.8,1523.1,549.52,380.55
148.9,1523.9,549.95,380.79
149,1524.8,550.37,381.04
149.1,1525.6,550.8,381.28
149.2,1526.5,551.22,381.52
149.3,1527.3,551.64,381.76
149.4,1528.2,552.07,382.01
149.5,1529,552.49,382.25
149.6,1529.9,552.92,382.49
149.7,1530.7,553.34,382.73
149.8,1531.6,553.76,382.97
149.9,1532.4,554.19,383.22
150,1533.3,554.61,383.46
150.1,1534.1,555.03,383.7
150.2,1534.9,555.45,383.94
150.3,1535.8,555.88,384.18
150.4,1536.6,556.3,384.42
150.5,1537.5,556.72,384.66
150.6,1538.3,557.14,384.9
150.7,1539.2,557.57,385.15
150.8,1540,557.99,385.39
150.9,1540.9,558.41,385.63
151,1541.7,558.83,385.87
151.1,1542.6,559.25,386.11
151.2,1543.4,559.67,386.35
151.3,1544.2,560.09,386.59
151.4,1545.1,560.52,386.83
151.5,1545.9,560.94,387.07
151.6,1546.8,561.36,387.31
151.7,1547.6,561.78,387.55
151.8,1548.5,562.2,387.79
151.9,1549.3,562.62,388.03
152,1550.1,563.04,388.27
152.1,1551,563.46,388.5
152.2,1551.8,563.88,388.74
152.3,1552.7,564.3,388.98
152.4,1553.5,564.72,389.22
152.5,1554.4,565.14,389.46
152.6,1555.2,565.56,389.7
152.7,1556,565.97,389.94
152.8,1556.9,566.39,390.18
152.9,1557.7,566.81,390.41
153,1558.6,567.23,390.65
153.1,1559.4,567.65,390.89
153.2,1560.2,568.07,391.13
153.3,1561.1,568.49,391.37
153.4,1561.9,568.9,391.6
153.5,1562.7,569.32,391.84
153.6,1563.6,569.74,392.08
153.7,1564.4,570.16,392.32
153.8,1565.3,570.58,392.55
153.9,1566.1,570.99,392.79
154,1566.9,571.41,393.03
154.1,1567.8,571.83,393.27
154.2,1568.6,572.24,393.5
154.3,1569.5,572.66,393.74
154.4,1570.3,573.08,393.98
154.5,1571.1,573.49,394.21
154.6,1572,573.91,394.45
154.7,1572.8,574.33,394.69
154.8,1573.6,574.74,394.92
154.9,1574.5,575.16,395.16
155,1575.3,575.57,395.39
155.1,1576.1,575.99,395.63
155.2,1577,576.4,395.87
155.3,1577.8,576.82,396.1
155.4,1578.6,577.24,396.34
155.5,1579.5,577.65,396.57
155.6,1580.3,578.07,396.81
155.7,1581.1,578.48,397.04
155.8,1582,578.89,397.28
155.9,1582.8,579.31,397.51
156,1583.6,579.72,397.75
156.1,1584.5,580.14,397.98
156.2,1585.3,580.55,398.22
156.3,1586.1,580.97,398.45
156.4,1587,581.38,398.69
156.5,1587.8,581.79,398.92
156.6,1588.6,582.21,399.15
156.7,1589.5,582.62,399.39
156.8,1590.3,583.03,399.62
156.9,1591.1,583.45,399.86
157,1592,583.86,400.09
157.1,1592.8,584.27,400.32
157.2,1593.6,584.68,400.56
157.3,1594.4,585.1,400.79
157.4,1595.3,585.51,401.02
157.5,1596.1,585.92,401.26
157.6,1596.9,586.33,401.49
157.7,1597.8,586.74,401.72
157.8,1598.6,587.16,401.96
157.9,1599.4,587.57,402.19
158,1600.3,587.98,402.42
158.1,1601.1,588.39,402.65
158.2,1601.9,588.8,402.89
158.3,1602.7,589.21,403.12
158.4,1603.6,589.62,403.35
158.5,1604.4,590.03,403.58
158.6,1605.2,590.44,403.82
158.7,1606,590.85,404.05
158.8,1606.9,591.26,404.28
158.9,1607.7,591.67,404.51
159,1608.5,592.08,404.74
159.1,1609.3,592.49,404.97
159.2,1610.2,592.9,405.21
159.3,1611,593.31,405.44
159.4,1611.8,593.72,405.67
159.5,1612.6,594.13,405.9
159.6,1613.5,594.54,406.13
159.7,1614.3,594.95,406.36
159.8,1615.1,595.36,406.59
159.9,1615.9,595.77,406.82
160,1616.8,596.18,407.05
160.1,1617.6,596.58,407.28
160.2,1618.4,596.99,407.51
160.3,1619.2,597.4,407.74
160.4,1620.1,597.81,407.97
160.5,1620.9,598.22,408.2
160.6,1621.7,598.62,408.43
160.7,1622.5,599.03,408.66
160.8,1623.4,599.44,408.89
160.9,1624.2,599.85,409.12
161,1625,600.25,409.35
161.1,1625.8,600.66,409.58
161.2,1626.6,601.07,409.81
161.3,1627.5,601.47,410.04
161.4,1628.3,601.88,410.27
161.5,1629.1,602.29,410.5
161.6,1629.9,602.69,410.73
161.7,1630.7,603.1,410.95
161.8,1631.6,603.5,411.18
161.9,1632.4,603.91,411.41
162,1633.2,604.32,411.64
162.1,1634,604.72,411.87
162.2,1634.8,605.13,412.1
162.3,1635.7,605.53,412.32
162.4,1636.5,605.94,412.55
162.5,1637.3,606.34,412.78
162.6,1638.1,606.75,413.01
162.7,1638.9,607.15,413.24
162.8,1639.7,607.56,413.46
162.9,1640.6,607.96,413.69
163,1641.4,608.36,413.92
163.1,1642.2,608.77,414.15
163.2,1643,609.17,414.37
163.3,1643.8,609.58,414.6
163.4,1644.6,609.98,414.83
163.5,1645.5,610.38,415.05
163.6,1646.3,610.79,415.28
163.7,1647.1,611.19,415.51
163.8,1647.9,611.59,415.73
163.9,1648.7,612,415.96
164,1649.5,612.4,416.19
164.1,1650.3,612.8,416.41
164.2,1651.2,613.2,416.64
164.3,1652,613.61,416.86
164.4,1652.8,614.01,417.09
164.5,1653.6,614.41,417.32
164.6,1654.4,614.81,417.54
164.7,1655.2,615.21,417.77
164.8,1656,615.62,417.99
164.9,1656.9,616.02,418.22
165,1657.7,616.42,418.44
165.1,1658.5,616.82,418.67
165.2,1659.3,617.22,418.89
165.3,1660.1,617.62,419.12
165.4,1660.9,618.02,419.34
165.5,1661.7,618.42,419.57
165.6,1662.5,618.82,419.79
165.7,1663.3,619.22,420.02
165.8,1664.2,619.63,420.24
165.9,1665,620.03,420.46
166,1665.8,620.43,420.69
166.1,1666.6,620.82,420.91
166.2,1667.4,621.22,421.14
166.3,1668.2,621.62,421.36
166.4,1669,622.02,421.58
166.5,1669.8,622.42,421.81
166.6,1670.6,622.82,422.03
166.7,1671.4,623.22,422.26
166.8,1672.3,623.62,422.48
166.9,1673.1,624.02,422.7
167,1673.9,624.42,422.92
167.1,1674.7,624.82,423.15
167.2,1675.5,625.21,423.37
167.3,1676.3,625.61,423.59
167.4,1677.1,626.01,423.82
167.5,1677.9,626.41,424.04
167.6,1678.7,626.8,424.26
167.7,1679.5,627.2,424.48
167.8,1680.3,627.6,424.71
167.9,1681.1,628,424.93
168,1681.9,628.39,425.15
168.1,1682.7,628.79,425.37
168.2,1683.5,629.19,425.59
168.3,1684.3,629.58,425.82
168.4,1685.2,629.98,426.04
168.5,1686,630.38,426.26
168.6,1686.8,630.77,426.48
168.7,1687.6,631.17,426.7
168.8,1688.4,631.57,426.92
168.9,1689.2,631.96,427.14
169,1690,632.36,427.37
169.1,1690.8,632.75,427.59
169.2,1691.6,633.15,427.81
169.3,1692.4,633.54,428.03
169.4,1693.2,633.94,428.25
169.5,1694,634.33,428.47
169.6,1694.8,634.73,428.69
169.7,1695.6,635.12,428.91
169.8,1696.4,635.52,429.13
169.9,1697.2,635.91,429.35
170,1698,636.31,429.57
170.1,1698.8,636.7,429.79
170.2,1699.6,637.09,430.01
170.3,1700.4,637.49,430.23
170.4,1701.2,637.88,430.45
170.5,1702,638.28,430.67
170.6,1702.8,638.67,430.89
170.7,1703.6,639.06,431.11
170.8,1704.4,639.46,431.33
170.9,1705.2,639.85,431.54
171,1706,640.24,431.76
171.1,1706.8,640.63,431.98
171.2,1707.6,641.03,432.2
171.3,1708.4,641.42,432.42
171.4,1709.2,641.81,432.64
171.5,1710,642.2,432.86
171.6,1710.8,642.59,433.08
171.7,1711.6,642.99,433.29
171.8,1712.4,643.38,433.51
171.9,1713.2,643.77,433.73
172,1714,644.16,433.95
172.1,1714.8,644.55,434.17
172.2,1715.6,644.94,434.38
172.3,1716.4,645.33,434.6
172.4,1717.2,645.73,434.82
172.5,1718,646.12,435.04
172.6,1718.7,646.51,435.25
172.7,1719.5,646.9,435.47
172.8,1720.3,647.29,435.69
172.9,1721.1,647.68,435.9
173,1721.9,648.07,436.12
173.1,1722.7,648.46,436.34
173.2,1723.5,648.85,436.55
173.3,1724.3,649.24,436.77
173.4,1725.1,649.63,436.99
173.5,1725.9,650.02,437.2
173.6,1726.7,650.4,437.42
173.7,1727.5,650.79,437.64
173.8,1728.3,651.18,437.85
173.9,1729.1,651.57,438.07
174,1729.9,651.96,438.28
174.1,1730.6,652.35,438.5
174.2,1731.4,652.74,438.72
174.3,1732.2,653.12,438.93
174.4,1733,653.51,439.15
174.5,1733.8,653.9,439.36
174.6,1734.6,654.29,439.58
174.7,1735.4,654.68,439.79
174.8,1736.2,655.06,440.01
174.9,1737,655.45,440.22
175,1737.8,655.84,440.44
175.1,1738.6,656.22,440.65
175.2,1739.3,656.61,440.87
175.3,1740.1,657,441.08
175.4,1740.9,657.38,441.3
175.5,1741.7,657.77,441.51
175.6,1742.5,658.16,441.72
175.7,1743.3,658.54,441.94
175.8,1744.1,658.93,442.15
175.9,1744.9,659.32,442.37
176,1745.7,659.7,442.58
176.1,1746.4,660.09,442.79
176.2,1747.2,660.47,443.01
176.3,1748,660.86,443.22
176.4,1748.8,661.24,443.44
176.5,1749.6,661.63,443.65
176.6,1750.4,662.01,443.86
176.7,1751.2,662.4,444.07
176.8,1751.9,662.78,444.29
176.9,1752.7,663.17,444.5
177,1753.5,663.55,444.71
177.1,1754.3,663.93,444.93
177.2,1755.1,664.32,445.14
177.3,1755.9,664.7,445.35
177.4,1756.7,665.09,445.56
177.5,1757.4,665.47,445.78
177.6,1758.2,665.85,445.99
177.7,1759,666.24,446.2
177.8,1759.8,666.62,446.41
177.9,1760.6,667,446.62
178,1761.4,667.39,446.84
178.1,1762.1,667.77,447.05
178.2,1762.9,668.15,447.26
178.3,1763.7,668.53,447.47
178.4,1764.5,668.92,447.68
178.5,1765.3,669.3,447.89
178.6,1766.1,669.68,448.11
178.7,1766.8,670.06,448.32
178.8,1767.6,670.44,448.53
178.9,1768.4,670.83,448.74
179,1769.2,671.21,448.95
179.1,1770,671.59,449.16
179.2,1770.7,671.97,449.37
179.3,1771.5,672.35,449.58
179.4,1772.3,672.73,449.79
179.5,1773.1,673.11,450
179.6,1773.9,673.49,450.21
179.7,1774.6,673.87,450.42
179.8,1775.4,674.25,450.63
179.9,1776.2,674.63,450.84
180,1777,675.01,451.05
180.1,1777.8,675.39,451.26
180.2,1778.5,675.77,451.47
180.3,1779.3,676.15,451.68
180.4,1780.1,676.53,451.89
180.5,1780.9,676.91,452.1
180.6,1781.7,677.29,452.31
180.7,1782.4,677.67,452.52
180.8,1783.2,678.05,452.73
180.9,1784,678.42,452.94
181,1784.8,678.8,453.14
181.1,1785.5,679.18,453.35
181.2,1786.3,679.56,453.56
181.3,1787.1,679.94,453.77
181.4,1787.9,680.31,453.98
181.5,1788.6,680.69,454.19
181.6,1789.4,681.07,454.4
181.7,1790.2,681.45,454.6
181.8,1791,681.82,454.81
181.9,1791.8,682.2,455.02
182,1792.5,682.58,455.23
182.1,1793.3,682.95,455.44
182.2,1794.1,683.33,455.64
182.3,1794.9,683.71,455.85
182.4,1795.6,684.08,456.06
182.5,1796.4,684.46,456.27
182.6,1797.2,684.83,456.47
182.7,1798,685.21,456.68
182.8,1798.7,685.59,456.89
182.9,1799.5,685.96,457.09
183,1800.3,686.34,457.3
183.1,1801.1,686.71,457.51
183.2,1801.8,687.09,457.71
183.3,1802.6,687.46,457.92
183.4,1803.4,687.84,458.13
183.5,1804.2,688.21,458.33
183.6,1804.9,688.58,458.54
183.7,1805.7,688.96,458.75
183.8,1806.5,689.33,458.95
183.9,1807.3,689.71,459.16
184,1808,690.08,459.36
184.1,1808.8,690.45,459.57
184.2,1809.6,690.83,459.78
184.3,1810.3,691.2,459.98
184.4,1811.1,691.57,460.19
184.5,1811.9,691.94,460.39
184.6,1812.7,692.32,460.6
184.7,1813.4,692.69,460.8
184.8,1814.2,693.06,461.01
184.9,1815,693.43,461.21
185,1815.8,693.81,461.42
185.1,1816.5,694.18,461.62
185.2,1817.3,694.55,461.83
185.3,1818.1,694.92,462.03
185.4,1818.9,695.29,462.24
185.5,1819.6,695.66,462.44
185.6,1820.4,696.03,462.65
185.7,1821.2,696.41,462.85
185.8,1821.9,696.78,463.05
185.9,1822.7,697.15,463.26
186,1823.5,697.52,463.46
186.1,1824.3,697.89,463.67
186.2,1825,698.26,463.87
186.3,1825.8,698.63,464.07
186.4,1826.6,699,464.28
186.5,1827.4,699.37,464.48
186.6,1828.1,699.73,464.68
186.7,1828.9,700.1,464.89
186.8,1829.7,700.47,465.09
186.9,1830.4,700.84,465.29
187,1831.2,701.21,465.5
187.1,1832,701.58,465.7
187.2,1832.8,701.95,465.9
187.3,1833.5,702.31,466.1
187.4,1834.3,702.68,466.31
187.5,1835.1,703.05,466.51
187.6,1835.8,703.42,466.71
187.7,1836.6,703.79,466.91
187.8,1837.4,704.15,467.12
187.9,1838.2,704.52,467.32
188,1838.9,704.89,467.52
188.1,1839.7,705.25,467.72
188.2,1840.5,705.62,467.92
188.3,1841.3,705.99,468.13
188.4,1842,706.35,468.33
188.5,1842.8,706.72,468.53
188.6,1843.6,707.09,468.73
188.7,1844.3,707.45,468.93
188.8,1845.1,707.82,469.13
188.9,1845.9,708.18,469.34
189,1846.7,708.55,469.54
189.1,1847.4,708.91,469.74
189.2,1848.2,709.28,469.94
189.3,1849,709.64,470.14
189.4,1849.7,710.01,470.34
189.5,1850.5,710.37,470.54
189.6,1851.3,710.73,470.74
189.7,1852.1,711.1,470.94
189.8,1852.8,711.46,471.14
189.9,1853.6,711.83,471.34
190,1854.4,712.19,471.54
190.1,1855.2,712.55,471.74
190.2,1855.9,712.92,471.94
190.3,1856.7,713.28,472.14
190.4,1857.5,713.64,472.34
190.5,1858.2,714,472.54
190.6,1859,714.37,472.74
190.7,1859.8,714.73,472.94
190.8,1860.6,715.09,473.14
190.9,1861.3,715.45,473.34
191,1862.1,715.81,473.54
191.1,1862.9,716.18,473.74
191.2,1863.6,716.54,473.94
191.3,1864.4,716.9,474.14
191.4,1865.2,717.26,474.34
191.5,1866,717.62,474.53
191.6,1866.7,717.98,474.73
191.7,1867.5,718.34,474.93
191.8,1868.3,718.7,475.13
191.9,1869.1,719.06,475.33
192,1869.8,719.42,475.53
192.1,1870.6,719.78,475.73
192.2,1871.4,720.14,475.92
192.3,1872.1,720.5,476.12
192.4,1872.9,720.86,476.32
192.5,1873.7,721.22,476.52
192.6,1874.5,721.58,476.72
192.7,1875.2,721.94,476.91
192.8,1876,722.3,477.11
192.9,1876.8,722.65,477.31
193,1877.6,723.01,477.51
193.1,1878.3,723.37,477.7
193.2,1879.1,723.73,477.9
193.3,1879.9,724.09,478.1
193.4,1880.6,724.44,478.29
193.5,1881.4,724.8,478.49
193.6,1882.2,725.16,478.69
193.7,1883,725.51,478.89
193.8,1883.7,725.87,479.08
193.9,1884.5,726.23,479.28
194,1885.3,726.58,479.48
194.1,1886.1,726.94,479.67
194.2,1886.8,727.3,479.87
194.3,1887.6,727.65,480.06
194.4,1888.4,728.01,480.26
194.5,1889.2,728.36,480.46
194.6,1889.9,728.72,480.65
194.7,1890.7,729.07,480.85
194.8,1891.5,729.43,481.04
194.9,1892.3,729.78,481.24
195,1893,730.14,481.44
195.1,1893.8,730.49,481.63
195.2,1894.6,730.85,481.83
195.3,1895.3,731.2,482.02
195.4,1896.1,731.55,482.22
195.5,1896.9,731.91,482.41
195.6,1897.7,732.26,482.61
195.7,1898.4,732.61,482.8
195.8,1899.2,732.97,483
195.9,1900,733.32,483.19
196,1900.8,733.67,483.39
196.1,1901.5,734.02,483.58
196.2,1902.3,734.38,483.78
196.3,1903.1,734.73,483.97
196.4,1903.9,735.08,484.16
196.5,1904.6,735.43,484.36
196.6,1905.4,735.78,484.55
196.7,1906.2,736.13,484.75
196.8,1907,736.49,484.94
196.9,1907.7,736.84,485.14
197,1908.5,737.19,485.33
197.1,1909.3,737.54,485.52
197.2,1910.1,737.89,485.72
197.3,1910.8,738.24,485.91
197.4,1911.6,738.59,486.1
197.5,1912.4,738.94,486.3
197.6,1913.2,739.29,486.49
197.7,1913.9,739.64,486.68
197.8,1914.7,739.99,486.88
197.9,1915.5,740.34,487.07
198,1916.3,740.68,487.26
198.1,1917,741.03,487.46
198.2,1917.8,741.38,487.65
198.3,1918.6,741.73,487.84
198.4,1919.4,742.08,488.03
198.5,1920.2,742.43,488.23
198.6,1920.9,742.77,488.42
198.7,1921.7,743.12,488.61
198.8,1922.5,743.47,488.8
198.9,1923.3,743.82,488.99
199,1924,744.16,489.19
199.1,1924.8,744.51,489.38
199.2,1925.6,744.86,489.57
199.3,1926.4,745.2,489.76
199.4,1927.1,745.55,489.95
199.5,1927.9,745.9,490.15
199.6,1928.7,746.24,490.34
199.7,1929.5,746.59,490.53
199.8,1930.3,746.93,490.72
199.9,1931,747.28,490.91
200,1931.8,747.62,491.1
200.1,1932.6,747.97,491.29
200.2,1933.4,748.31,491.48
200.3,1934.1,748.66,491.68
200.4,1934.9,749,491.87
200.5,1935.7,749.35,492.06
200.6,1936.5,749.69,492.25
200.7,1937.3,750.03,492.44
200.8,1938,750.38,492.63
200.9,1938.8,750.72,492.82
201,1939.6,751.07,493.01
201.1,1940.4,751.41,493.2
201.2,1941.1,751.75,493.39
201.3,1941.9,752.09,493.58
201.4,1942.7,752.44,493.77
201.5,1943.5,752.78,493.96
201.6,1944.3,753.12,494.15
201.7,1945,753.46,494.34
201.8,1945.8,753.8,494.53
201.9,1946.6,754.15,494.72
202,1947.4,754.49,494.91
202.1,1948.2,754.83,495.1
202.2,1948.9,755.17,495.29
202.3,1949.7,755.51,495.48
202.4,1950.5,755.85,495.66
202.5,1951.3,756.19,495.85
202.6,1952,756.53,496.04
202.7,1952.8,756.87,496.23
202.8,1953.6,757.21,496.42
202.9,1954.4,757.55,496.61
203,1955.2,757.89,496.8
203.1,1955.9,758.23,496.99
203.2,1956.7,758.57,497.17
203.3,1957.5,758.91,497.36
203.4,1958.3,759.25,497.55
203.5,1959.1,759.59,497.74
203.6,1959.8,759.92,497.93
203.7,1960.6,760.26,498.11
203.8,1961.4,760.6,498.3
203.9,1962.2,760.94,498.49
204,1963,761.28,498.68
204.1,1963.8,761.61,498.87
204.2,1964.5,761.95,499.05
204.3,1965.3,762.29,499.24
204.4,1966.1,762.62,499.43
204.5,1966.9,762.96,499.61
204.6,1967.7,763.3,499.8
204.7,1968.4,763.63,499.99
204.8,1969.2,763.97,500.18
204.9,1970,764.31,500.36
205,1970.8,764.64,500.55
205.1,1971.6,764.98,500.74
205.2,1972.3,765.31,500.92
205.3,1973.1,765.65,501.11
205.4,1973.9,765.98,501.3
205.5,1974.7,766.32,501.48
205.6,1975.5,766.65,501.67
205.7,1976.3,766.99,501.85
205.8,1977,767.32,502.04
205.9,1977.8,767.65,502.23
206,1978.6,767.99,502.41
206.1,1979.4,768.32,502.6
206.2,1980.2,768.65,502.78
206.3,1981,768.99,502.97
206.4,1981.7,769.32,503.16
206.5,1982.5,769.65,503.34
206.6,1983.3,769.99,503.53
206.7,1984.1,770.32,503.71
206.8,1984.9,770.65,503.9
206.9,1985.7,770.98,504.08
207,1986.4,771.31,504.27
207.1,1987.2,771.65,504.45
207.2,1988,771.98,504.64
207.3,1988.8,772.31,504.82
207.4,1989.6,772.64,505.01
207.5,1990.4,772.97,505.19
207.6,1991.1,773.3,505.38
207.7,1991.9,773.63,505.56
207.8,1992.7,773.96,505.74
207.9,1993.5,774.29,505.93
208,1994.3,774.62,506.11
208.1,1995.1,774.95,506.3
208.2,1995.9,775.28,506.48
208.3,1996.6,775.61,506.66
208.4,1997.4,775.94,506.85
208.5,1998.2,776.27,507.03
208.6,1999,776.6,507.22
208.7,1999.8,776.93,507.4
208.8,2000.6,777.25,507.58
208.9,2001.3,777.58,507.77
209,2002.1,777.91,507.95
209.1,2002.9,778.24,508.13
209.2,2003.7,778.57,508.32
209.3,2004.5,778.89,508.5
209.4,2005.3,779.22,508.68
209.5,2006.1,779.55,508.86
209.6,2006.8,779.87,509.05
209.7,2007.6,780.2,509.23
209.8,2008.4,780.53,509.41
209.9,2009.2,780.85,509.6
210,2010,781.18,509.78
210.1,2010.8,781.5,509.96
210.2,2011.6,781.83,510.14
210.3,2012.4,782.16,510.32
210.4,2013.1,782.48,510.51
210.5,2013.9,782.81,510.69
210.6,2014.7,783.13,510.87
210.7,2015.5,783.46,511.05
210.8,2016.3,783.78,511.23
210.9,2017.1,784.1,511.42
211,2017.9,784.43,511.6
211.1,2018.7,784.75,511.78
211.2,2019.4,785.08,511.96
211.3,2020.2,785.4,512.14
211.4,2021,785.72,512.32
211.5,2021.8,786.05,512.5
211.6,2022.6,786.37,512.68
211.7,2023.4,786.69,512.87
211.8,2024.2,787.02,513.05
211.9,2025,787.34,513.23
212,2025.7,787.66,513.41
212.1,2026.5,787.98,513.59
212.2,2027.3,788.3,513.77
212.3,2028.1,788.63,513.95
212.4,2028.9,788.95,514.13
212.5,2029.7,789.27,514.31
212.6,2030.5,789.59,514.49
212.7,2031.3,789.91,514.67
212.8,2032.1,790.23,514.85
212.9,2032.8,790.55,515.03
213,2033.6,790.87,515.21
213.1,2034.4,791.19,515.39
213.2,2035.2,791.51,515.57
213.3,2036,791.83,515.75
213.4,2036.8,792.15,515.93
213.5,2037.6,792.47,516.11
213.6,2038.4,792.79,516.29
213.7,2039.2,793.11,516.47
213.8,2040,793.43,516.65
213.9,2040.7,793.74,516.83
214,2041.5,794.06,517
214.1,2042.3,794.38,517.18
214.2,2043.1,794.7,517.36
214.3,2043.9,795.02,517.54
214.4,2044.7,795.33,517.72
214.5,2045.5,795.65,517.9
214.6,2046.3,795.97,518.08
214.7,2047.1,796.29,518.25
214.8,2047.9,796.6,518.43
214.9,2048.7,796.92,518.61
215,2049.4,797.24,518.79
215.1,2050.2,797.55,518.97
215.2,2051,797.87,519.15
215.3,2051.8,798.18,519.32
215.4,2052.6,798.5,519.5
215.5,2053.4,798.82,519.68
215.6,2054.2,799.13,519.86
215.7,2055,799.45,520.03
215.8,2055.8,799.76,520.21
215.9,2056.6,800.07,520.39
216,2057.4,800.39,520.57
216.1,2058.2,800.7,520.74
216.2,2059,801.02,520.92
216.3,2059.7,801.33,521.1
216.4,2060.5,801.65,521.27
216.5,2061.3,801.96,521.45
216.6,2062.1,802.27,521.63
216.7,2062.9,802.59,521.81
216.8,2063.7,802.9,521.98
216.9,2064.5,803.21,522.16
217,2065.3,803.52,522.33
217.1,2066.1,803.84,522.51
217.2,2066.9,804.15,522.69
217.3,2067.7,804.46,522.86
217.4,2068.5,804.77,523.04
217.5,2069.3,805.08,523.22
217.6,2070.1,805.39,523.39
217.7,2070.9,805.71,523.57
217.8,2071.7,806.02,523.74
217.9,2072.4,806.33,523.92
218,2073.2,806.64,524.09
218.1,2074,806.95,524.27
218.2,2074.8,807.26,524.45
218.3,2075.6,807.57,524.62
218.4,2076.4,807.88,524.8
218.5,2077.2,808.19,524.97
218.6,2078,808.5,525.15
218.7,2078.8,808.81,525.32
218.8,2079.6,809.12,525.5
218.9,2080.4,809.43,525.67
219,2081.2,809.73,525.85
219.1,2082,810.04,526.02
219.2,2082.8,810.35,526.2
219.3,2083.6,810.66,526.37
219.4,2084.4,810.97,526.54
219.5,2085.2,811.27,526.72
219.6,2086,811.58,526.89
219.7,2086.8,811.89,527.07
219.8,2087.6,812.2,527.24
219.9,2088.4,812.5,527.42
220,2089.2,812.81,527.59
220.1,2089.9,813.12,527.76
220.2,2090.7,813.42,527.94
220.3,2091.5,813.73,528.11
220.4,2092.3,814.04,528.28
220.5,2093.1,814.34,528.46
220.6,2093.9,814.65,528.63
220.7,2094.7,814.95,528.8
220.8,2095.5,815.26,528.98
220.9,2096.3,815.56,529.15
221,2097.1,815.87,529.32
221.1,2097.9,816.17,529.5
221.2,2098.7,816.48,529.67
221.3,2099.5,816.78,529.84
221.4,2100.3,817.09,530.02
221.5,2101.1,817.39,530.19
221.6,2101.9,817.69,530.36
221.7,2102.7,818,530.53
221.8,2103.5,818.3,530.71
221.9,2104.3,818.6,530.88
222,2105.1,818.91,531.05
222.1,2105.9,819.21,531.22
222.2,2106.7,819.51,531.39
222.3,2107.5,819.81,531.57
222.4,2108.3,820.12,531.74
222.5,2109.1,820.42,531.91
222.6,2109.9,820.72,532.08
222.7,2110.7,821.02,532.25
222.8,2111.5,821.32,532.43
222.9,2112.3,821.62,532.6
223,2113.1,821.92,532.77
223.1,2113.9,822.23,532.94
223.2,2114.7,822.53,533.11
223.3,2115.5,822.83,533.28
223.4,2116.3,823.13,533.45
223.5,2117.1,823.43,533.62
223.6,2117.9,823.73,533.79
223.7,2118.7,824.03,533.97
223.8,2119.5,824.33,534.14
223.9,2120.3,824.62,534.31
224,2121.1,824.92,534.48
224.1,2121.9,825.22,534.65
224.2,2122.7,825.52,534.82
224.3,2123.5,825.82,534.99
224.4,2124.3,826.12,535.16
224.5,2125.1,826.42,535.33
224.6,2125.9,826.71,535.5
224.7,2126.7,827.01,535.67
224.8,2127.5,827.31,535.84
224.9,2128.3,827.61,536.01
225,2129.1,827.9,536.18
225.1,2129.9,828.2,536.35
225.2,2130.7,828.5,536.52
225.3,2131.5,828.79,536.69
225.4,2132.3,829.09,536.86
225.5,2133.1,829.39,537.03
225.6,2133.9,829.68,537.19
225.7,2134.7,829.98,537.36
225.8,2135.5,830.27,537.53
225.9,2136.3,830.57,537.7
226,2137.1,830.87,537.87
226.1,2137.9,831.16,538.04
226.2,2138.8,831.46,538.21
226.3,2139.6,831.75,538.38
226.4,2140.4,832.04,538.54
226.5,2141.2,832.34,538.71
226.6,2142,832.63,538.88
226.7,2142.8,832.93,539.05
226.8,2143.6,833.22,539.22
226.9,2144.4,833.51,539.39
227,2145.2,833.81,539.55
227.1,2146,834.1,539.72
227.2,2146.8,834.39,539.89
227.3,2147.6,834.69,540.06
227.4,2148.4,834.98,540.23
227.5,2149.2,835.27,540.39
227.6,2150,835.56,540.56
227.7,2150.8,835.85,540.73
227.8,2151.6,836.15,540.9
227.9,2152.4,836.44,541.06
228,2153.2,836.73,541.23
228.1,2154,837.02,541.4
228.2,2154.8,837.31,541.56
228.3,2155.6,837.6,541.73
228.4,2156.4,837.89,541.9
228.5,2157.3,838.18,542.06
228.6,2158.1,838.47,542.23
228.7,2158.9,838.76,542.4
228.8,2159.7,839.05,542.56
228.9,2160.5,839.34,542.73
229,2161.3,839.63,542.9
229.1,2162.1,839.92,543.06
229.2,2162.9,840.21,543.23
229.3,2163.7,840.5,543.39
229.4,2164.5,840.79,543.56
229.5,2165.3,841.08,543.73
229.6,2166.1,841.37,543.89
229.7,2166.9,841.65,544.06
229.8,2167.7,841.94,544.22
229.9,2168.5,842.23,544.39
230,2169.3,842.52,544.56
230.1,2170.2,842.8,544.72
230.2,2171,843.09,544.89
230.3,2171.8,843.38,545.05
230.4,2172.6,843.66,545.22
230.5,2173.4,843.95,545.38
230.6,2174.2,844.24,545.55
230.7,2175,844.52,545.71
230.8,2175.8,844.81,545.88
230.9,2176.6,845.1,546.04
231,2177.4,845.38,546.21
231.1,2178.2,845.67,546.37
231.2,2179,845.95,546.53
231.3,2179.8,846.24,546.7
231.4,2180.7,846.52,546.86
231.5,2181.5,846.81,547.03
231.6,2182.3,847.09,547.19
231.7,2183.1,847.38,547.36
231.8,2183.9,847.66,547.52
231.9,2184.7,847.94,547.68
232,2185.5,848.23,547.85
232.1,2186.3,848.51,548.01
232.2,2187.1,848.79,548.17
232.3,2187.9,849.08,548.34
232.4,2188.7,849.36,548.5
232.5,2189.6,849.64,548.66
232.6,2190.4,849.92,548.83
232.7,2191.2,850.21,548.99
232.8,2192,850.49,549.15
232.9,2192.8,850.77,549.32
233,2193.6,851.05,549.48
233.1,2194.4,851.33,549.64
233.2,2195.2,851.62,549.81
233.3,2196,851.9,549.97
233.4,2196.9,852.18,550.13
233.5,2197.7,852.46,550.29
233.6,2198.5,852.74,550.46
233.7,2199.3,853.02,550.62
233.8,2200.1,853.3,550.78
233.9,2200.9,853.58,550.94
234,2201.7,853.86,551.11
234.1,2202.5,854.14,551.27
234.2,2203.3,854.42,551.43
234.3,2204.2,854.7,551.59
234.4,2205,854.98,551.75
234.5,2205.8,855.26,551.91
234.6,2206.6,855.54,552.08
234.7,2207.4,855.81,552.24
234.8,2208.2,856.09,552.4
234.9,2209,856.37,552.56
235,2209.8,856.65,552.72
235.1,2210.6,856.93,552.88
235.2,2211.5,857.2,553.04
235.3,2212.3,857.48,553.2
235.4,2213.1,857.76,553.37
235.5,2213.9,858.03,553.53
235.6,2214.7,858.31,553.69
235.7,2215.5,858.59,553.85
235.8,2216.3,858.86,554.01
235.9,2217.2,859.14,554.17
236,2218,859.42,554.33
236.1,2218.8,859.69,554.49
236.2,2219.6,859.97,554.65
236.3,2220.4,860.24,554.81
236.4,2221.2,860.52,554.97
236.5,2222,860.79,555.13
236.6,2222.8,861.07,555.29
236.7,2223.7,861.34,555.45
236.8,2224.5,861.62,555.61
236.9,2225.3,861.89,555.77
237,2226.1,862.17,555.93
237.1,2226.9,862.44,556.09
237.2,2227.7,862.71,556.25
237.3,2228.5,862.99,556.41
237.4,2229.4,863.26,556.57
237.5,2230.2,863.53,556.73
237.6,2231,863.81,556.89
237.7,2231.8,864.08,557.04
237.8,2232.6,864.35,557.2
237.9,2233.4,864.62,557.36
238,2234.3,864.9,557.52
238.1,2235.1,865.17,557.68
238.2,2235.9,865.44,557.84
238.3,2236.7,865.71,558
238.4,2237.5,865.98,558.16
238.5,2238.3,866.25,558.31
238.6,2239.2,866.52,558.47
238.7,2240,866.8,558.63
238.8,2240.8,867.07,558.79
238.9,2241.6,867.34,558.95
239,2242.4,867.61,559.1
239.1,2243.2,867.88,559.26
239.2,2244,868.15,559.42
239.3,2244.9,868.42,559.58
239.4,2245.7,868.69,559.73
239.5,2246.5,868.95,559.89
239.6,2247.3,869.22,560.05
239.7,2248.1,869.49,560.21
239.8,2249,869.76,560.36
239.9,2249.8,870.03,560.52
240,2250.6,870.3,560.68
