0,0.01,0.0069889,0.0069989
0.1,0.020008,0.013978,0.014029
0.2,0.030035,0.020967,0.021098
0.3,0.04009,0.027956,0.028211
0.4,0.050181,0.034946,0.035377
0.5,0.060318,0.041936,0.0426
0.6,0.07051,0.048928,0.049888
0.7,0.080766,0.055919,0.057248
0.8,0.091097,0.062912,0.064686
0.9,0.10151,0.069905,0.072209
1,0.11202,0.076899,0.079823
1.1,0.12262,0.083893,0.087536
1.2,0.13334,0.090888,0.095354
1.3,0.14418,0.097884,0.10328
1.4,0.15515,0.10488,0.11133
1.5,0.16626,0.11188,0.1195
1.6,0.17751,0.11888,0.12781
1.7,0.18892,0.12588,0.13625
1.8,0.2005,0.13288,0.14483
1.9,0.21225,0.13988,0.15357
2,0.22418,0.14689,0.16246
2.1,0.23631,0.15389,0.17151
2.2,0.24863,0.1609,0.18073
2.3,0.26116,0.16791,0.19013
2.4,0.27391,0.17492,0.19971
2.5,0.28689,0.18193,0.20948
2.6,0.3001,0.18894,0.21944
2.7,0.31356,0.19596,0.2296
2.8,0.32726,0.20297,0.23997
2.9,0.34123,0.20999,0.25055
3,0.35546,0.21701,0.26134
3.1,0.36997,0.22403,0.27236
3.2,0.38476,0.23105,0.28361
3.3,0.39985,0.23808,0.29509
3.4,0.41523,0.2451,0.30682
3.5,0.43092,0.25213,0.31879
3.6,0.44693,0.25916,0.33101
3.7,0.46326,0.26619,0.34349
3.8,0.47992,0.27323,0.35623
3.9,0.49692,0.28026,0.36924
4,0.51427,0.2873,0.38253
4.1,0.53197,0.29434,0.39609
4.2,0.55003,0.30139,0.40994
4.3,0.56846,0.30843,0.42408
4.4,0.58727,0.31548,0.43851
4.5,0.60646,0.32253,0.45325
4.6,0.62604,0.32958,0.46829
4.7,0.64602,0.33663,0.48365
4.8,0.66641,0.34369,0.49932
4.9,0.68721,0.35075,0.51531
5,0.70843,0.35781,0.53163
5.1,0.73007,0.36487,0.54828
5.2,0.75215,0.37194,0.56526
5.3,0.77467,0.37901,0.58259
5.4,0.79764,0.38608,0.60027
5.5,0.82106,0.39315,0.61829
5.6,0.84494,0.40023,0.63667
5.7,0.86929,0.40731,0.65542
5.8,0.89411,0.4144,0.67453
5.9,0.91942,0.42148,0.69401
6,0.94521,0.42857,0.71387
6.1,0.9715,0.43566,0.7341
6.2,0.99829,0.44276,0.75473
6.3,1.0256,0.44985,0.77574
6.4,1.0534,0.45696,0.79714
6.5,1.0817,0.46406,0.81895
6.6,1.1106,0.47117,0.84115
6.7,1.14,0.47828,0.86377
6.8,1.1699,0.48539,0.8868
6.9,1.2004,0.49251,0.91024
7,1.2314,0.49963,0.93411
7.1,1.263,0.50675,0.9584
7.2,1.2951,0.51388,0.98312
7.3,1.3278,0.52101,1.0083
7.4,1.3611,0.52815,1.0339
7.5,1.395,0.53529,1.0599
7.6,1.4294,0.54243,1.0864
7.7,1.4645,0.54957,1.1133
7.8,1.5001,0.55672,1.1407
7.9,1.5364,0.56387,1.1685
8,1.5732,0.57103,1.1969
8.1,1.6107,0.57819,1.2256
8.2,1.6488,0.58535,1.2549
8.3,1.6875,0.59252,1.2846
8.4,1.7269,0.59969,1.3148
8.5,1.7669,0.60686,1.3455
8.6,1.8075,0.61404,1.3767
8.7,1.8488,0.62122,1.4083
8.8,1.8907,0.62841,1.4405
8.9,1.9333,0.6356,1.4732
9,1.9766,0.64279,1.5063
9.1,2.0205,0.64999,1.54
9.2,2.0651,0.65719,1.5742
9.3,2.1104,0.6644,1.6089
9.4,2.1564,0.67161,1.6441
9.5,2.203,0.67882,1.6798
9.6,2.2504,0.68604,1.7161
9.7,2.2984,0.69326,1.7528
9.8,2.3472,0.70049,1.7902
9.9,2.3967,0.70772,1.828
10,2.4469,0.71496,1.8664
10.1,2.4978,0.7222,1.9053
10.2,2.5494,0.72944,1.9448
10.3,2.6018,0.73669,1.9848
10.4,2.6549,0.74394,2.0254
10.5,2.7087,0.7512,2.0666
10.6,2.7633,0.75846,2.1083
10.7,2.8186,0.76573,2.1505
10.8,2.8747,0.773,2.1934
10.9,2.9316,0.78028,2.2368
11,2.9892,0.78756,2.2807
11.1,3.0476,0.79484,2.3253
11.2,3.1067,0.80213,2.3704
11.3,3.1666,0.80943,2.4161
11.4,3.2274,0.81673,2.4624
11.5,3.2888,0.82403,2.5093
11.6,3.3511,0.83134,2.5568
11.7,3.4142,0.83865,2.6049
11.8,3.4781,0.84597,2.6536
11.9,3.5428,0.8533,2.7028
12,3.6082,0.86063,2.7527
12.1,3.6745,0.86796,2.8032
12.2,3.7417,0.8753,2.8543
12.3,3.8096,0.88264,2.906
12.4,3.8783,0.88999,2.9584
12.5,3.9479,0.89734,3.0113
12.6,4.0183,0.9047,3.0649
12.7,4.0896,0.91206,3.1191
12.8,4.1617,0.91943,3.1739
12.9,4.2346,0.9268,3.2294
13,4.3084,0.93418,3.2855
13.1,4.3831,0.94156,3.3422
13.2,4.4586,0.94895,3.3996
13.3,4.5349,0.95635,3.4576
13.4,4.6121,0.96375,3.5163
13.5,4.6902,0.97115,3.5756
13.6,4.7692,0.97856,3.6356
13.7,4.849,0.98598,3.6962
13.8,4.9297,0.9934,3.7575
13.9,5.0113,1.0008,3.8194
14,5.0938,1.0083,3.882
14.1,5.1772,1.0157,3.9453
14.2,5.2615,1.0231,4.0092
14.3,5.3466,1.0306,4.0738
14.4,5.4327,1.038,4.1391
14.5,5.5197,1.0455,4.2051
14.6,5.6076,1.053,4.2717
14.7,5.6964,1.0604,4.339
14.8,5.7861,1.0679,4.407
14.9,5.8767,1.0754,4.4757
15,5.9682,1.0829,4.545
15.1,6.0607,1.0904,4.6151
15.2,6.1541,1.0979,4.6858
15.3,6.2485,1.1054,4.7573
15.4,6.3437,1.1129,4.8294
15.5,6.4399,1.1204,4.9023
15.6,6.5371,1.1279,4.9758
15.7,6.6352,1.1354,5.05
15.8,6.7342,1.143,5.125
15.9,6.8343,1.1505,5.2007
16,6.9352,1.1581,5.277
16.1,7.0371,1.1656,5.3541
16.2,7.14,1.1732,5.4319
16.3,7.2439,1.1807,5.5105
16.4,7.3487,1.1883,5.5897
16.5,7.4544,1.1959,5.6697
16.6,7.5612,1.2034,5.7504
16.7,7.6689,1.211,5.8318
16.8,7.7777,1.2186,5.9139
16.9,7.8874,1.2262,5.9968
17,7.9981,1.2338,6.0804
17.1,8.1097,1.2414,6.1648
17.2,8.2224,1.249,6.2499
17.3,8.3361,1.2567,6.3357
17.4,8.4507,1.2643,6.4223
17.5,8.5664,1.2719,6.5096
17.6,8.6831,1.2796,6.5977
17.7,8.8007,1.2872,6.6865
17.8,8.9194,1.2949,6.776
17.9,9.0391,1.3025,6.8664
18,9.1598,1.3102,6.9574
18.1,9.2815,1.3178,7.0493
18.2,9.4043,1.3255,7.1418
18.3,9.5281,1.3332,7.2352
18.4,9.6529,1.3409,7.3293
18.5,9.7787,1.3486,7.4242
18.6,9.9056,1.3563,7.5198
18.7,10.033,1.364,7.6162
18.8,10.162,1.3717,7.7134
18.9,10.292,1.3794,7.8113
19,10.423,1.3872,7.91
19.1,10.555,1.3949,8.0095
19.2,10.689,1.4026,8.1098
19.3,10.823,1.4104,8.2109
19.4,10.958,1.4181,8.3127
19.5,11.094,1.4259,8.4153
19.6,11.231,1.4337,8.5187
19.7,11.37,1.4414,8.6229
19.8,11.509,1.4492,8.7279
19.9,11.65,1.457,8.8337
20,11.791,1.4648,8.9402
20.1,11.934,1.4726,9.0476
20.2,12.078,1.4804,9.1557
20.3,12.222,1.4882,9.2647
20.4,12.368,1.496,9.3744
20.5,12.515,1.5039,9.485
20.6,12.663,1.5117,9.5963
20.7,12.812,1.5195,9.7084
20.8,12.963,1.5274,9.8214
20.9,13.114,1.5352,9.9352
21,13.266,1.5431,10.05
21.1,13.42,1.551,10.165
21.2,13.574,1.5588,10.281
21.3,13.73,1.5667,10.398
21.4,13.887,1.5746,10.516
21.5,14.044,1.5825,10.635
21.6,14.203,1.5904,10.754
21.7,14.363,1.5983,10.874
21.8,14.525,1.6062,10.996
21.9,14.687,1.6141,11.117
22,14.85,1.6221,11.24
22.1,15.015,1.63,11.364
22.2,15.18,1.6379,11.488
22.3,15.347,1.6459,11.613
22.4,15.515,1.6538,11.739
22.5,15.684,1.6618,11.866
22.6,15.854,1.6698,11.994
22.7,16.025,1.6777,12.123
22.8,16.198,1.6857,12.252
22.9,16.371,1.6937,12.382
23,16.546,1.7017,12.513
23.1,16.721,1.7097,12.645
23.2,16.898,1.7177,12.778
23.3,17.076,1.7257,12.911
23.4,17.256,1.7338,13.046
23.5,17.436,1.7418,13.181
23.6,17.617,1.7498,13.317
23.7,17.8,1.7579,13.454
23.8,17.984,1.7659,13.592
23.9,18.168,1.774,13.731
24,18.354,1.782,13.87
24.1,18.542,1.7901,14.01
24.2,18.73,1.7982,14.152
24.3,18.919,1.8063,14.294
24.4,19.11,1.8144,14.437
24.5,19.302,1.8225,14.58
24.6,19.495,1.8306,14.725
24.7,19.689,1.8387,14.871
24.8,19.884,1.8468,15.017
24.9,20.081,1.855,15.164
25,20.278,1.8631,15.312
25.1,20.477,1.8712,15.461
25.2,20.677,1.8794,15.611
25.3,20.878,1.8876,15.762
25.4,21.081,1.8957,15.913
25.5,21.284,1.9039,16.066
25.6,21.489,1.9121,16.219
25.7,21.695,1.9203,16.373
25.8,21.902,1.9285,16.528
25.9,22.11,1.9367,16.684
26,22.319,1.9449,16.841
26.1,22.53,1.9531,16.999
26.2,22.742,1.9613,17.157
26.3,22.955,1.9696,17.317
26.4,23.169,1.9778,17.477
26.5,23.384,1.986,17.638
26.6,23.601,1.9943,17.8
26.7,23.819,2.0026,17.963
26.8,24.038,2.0108,18.127
26.9,24.258,2.0191,18.292
27,24.479,2.0274,18.457
27.1,24.702,2.0357,18.624
27.2,24.926,2.044,18.791
27.3,25.151,2.0523,18.96
27.4,25.377,2.0606,19.129
27.5,25.604,2.0689,19.299
27.6,25.833,2.0772,19.47
27.7,26.063,2.0856,19.642
27.8,26.294,2.0939,19.815
27.9,26.526,2.1023,19.989
28,26.76,2.1106,20.164
28.1,26.995,2.119,20.339
28.2,27.231,2.1273,20.516
28.3,27.468,2.1357,20.693
28.4,27.707,2.1441,20.871
28.5,27.946,2.1525,21.051
28.6,28.187,2.1609,21.231
28.7,28.43,2.1693,21.412
28.8,28.673,2.1777,21.594
28.9,28.918,2.1862,21.777
29,29.164,2.1946,21.961
29.1,29.411,2.203,22.146
29.2,29.659,2.2115,22.331
29.3,29.909,2.2199,22.518
29.4,30.16,2.2284,22.706
29.5,30.412,2.2369,22.894
29.6,30.666,2.2453,23.084
29.7,30.921,2.2538,23.274
29.8,31.177,2.2623,23.465
29.9,31.434,2.2708,23.658
30,31.692,2.2794,23.851
30.1,31.952,2.2879,24.045
30.2,32.213,2.2965,24.24
30.3,32.476,2.3051,24.436
30.4,32.739,2.3138,24.633
30.5,33.004,2.3225,24.831
30.6,33.271,2.3313,25.03
30.7,33.538,2.3401,25.23
30.8,33.807,2.349,25.431
30.9,34.077,2.358,25.633
31,34.348,2.3671,25.835
31.1,34.621,2.3762,26.039
31.2,34.895,2.3855,26.244
31.3,35.171,2.3949,26.449
31.4,35.447,2.4045,26.656
31.5,35.725,2.4141,26.864
31.6,36.005,2.424,27.072
31.7,36.285,2.4339,27.282
31.8,36.567,2.4441,27.493
31.9,36.851,2.4544,27.704
32,37.136,2.4649,27.917
32.1,37.422,2.4756,28.131
32.2,37.709,2.4865,28.345
32.3,37.998,2.4976,28.561
32.4,38.289,2.5089,28.778
32.5,38.58,2.5205,28.995
32.6,38.873,2.5323,29.214
32.7,39.168,2.5443,29.434
32.8,39.464,2.5566,29.655
32.9,39.761,2.5691,29.876
33,40.06,2.5819,30.099
33.1,40.36,2.595,30.323
33.2,40.662,2.6083,30.548
33.3,40.965,2.6219,30.774
33.4,41.27,2.6359,31.001
33.5,41.576,2.6501,31.229
33.6,41.883,2.6647,31.459
33.7,42.192,2.6795,31.689
33.8,42.503,2.6947,31.92
33.9,42.815,2.7103,32.153
34,43.128,2.7261,32.386
34.1,43.443,2.7423,32.621
34.2,43.76,2.7589,32.857
34.3,44.078,2.7758,33.094
34.4,44.397,2.7931,33.332
34.5,44.718,2.8108,33.571
34.6,45.041,2.8288,33.811
34.7,45.365,2.8473,34.052
34.8,45.691,2.8661,34.295
34.9,46.018,2.8854,34.538
35,46.347,2.905,34.783
35.1,46.678,2.9251,35.029
35.2,47.01,2.9456,35.276
35.3,47.343,2.9665,35.524
35.4,47.678,2.9879,35.773
35.5,48.015,3.0097,36.024
35.6,48.353,3.0319,36.275
35.7,48.693,3.0546,36.528
35.8,49.035,3.0778,36.782
35.9,49.378,3.1015,37.037
36,49.723,3.1256,37.293
36.1,50.069,3.1502,37.55
36.2,50.417,3.1753,37.809
36.3,50.767,3.2009,38.068
36.4,51.119,3.2269,38.329
36.5,51.472,3.2535,38.591
36.6,51.826,3.2806,38.854
36.7,52.183,3.3082,39.119
36.8,52.54,3.3364,39.384
36.9,52.9,3.3651,39.651
37,53.261,3.3943,39.919
37.1,53.624,3.424,40.188
37.2,53.989,3.4544,40.459
37.3,54.356,3.4852,40.73
37.4,54.724,3.5166,41.003
37.5,55.093,3.5486,41.277
37.6,55.465,3.5812,41.552
37.7,55.838,3.6143,41.829
37.8,56.213,3.648,42.107
37.9,56.59,3.6824,42.386
38,56.968,3.7173,42.666
38.1,57.348,3.7528,42.947
38.2,57.73,3.7889,43.23
38.3,58.113,3.8256,43.514
38.4,58.498,3.8629,43.8
38.5,58.885,3.9009,44.086
38.6,59.274,3.9394,44.374
38.7,59.664,3.9786,44.663
38.8,60.057,4.0185,44.953
38.9,60.451,4.059,45.245
39,60.846,4.1001,45.538
39.1,61.244,4.1419,45.832
39.2,61.643,4.1843,46.128
39.3,62.044,4.2274,46.425
39.4,62.447,4.2712,46.723
39.5,62.851,4.3156,47.022
39.6,63.258,4.3607,47.323
39.7,63.666,4.4065,47.625
39.8,64.076,4.453,47.928
39.9,64.487,4.5001,48.233
40,64.901,4.548,48.538
40.1,65.316,4.5966,48.846
40.2,65.733,4.6458,49.154
40.3,66.152,4.6958,49.464
40.4,66.573,4.7465,49.775
40.5,66.996,4.7979,50.088
40.6,67.42,4.8501,50.402
40.7,67.846,4.9029,50.717
40.8,68.274,4.9565,51.033
40.9,68.704,5.0109,51.351
41,69.136,5.066,51.67
41.1,69.569,5.1218,51.991
41.2,70.004,5.1784,52.312
41.3,70.442,5.2357,52.636
41.4,70.881,5.2938,52.96
41.5,71.321,5.3526,53.286
41.6,71.764,5.4122,53.613
41.7,72.209,5.4726,53.942
41.8,72.655,5.5338,54.272
41.9,73.103,5.5957,54.603
42,73.554,5.6585,54.936
42.1,74.006,5.722,55.27
42.2,74.46,5.7863,55.606
42.3,74.915,5.8514,55.942
42.4,75.373,5.9173,56.281
42.5,75.833,5.984,56.62
42.6,76.294,6.0515,56.961
42.7,76.757,6.1198,57.304
42.8,77.223,6.1889,57.647
42.9,77.69,6.2589,57.993
43,78.159,6.3296,58.339
43.1,78.63,6.4012,58.687
43.2,79.102,6.4737,59.037
43.3,79.577,6.5469,59.387
43.4,80.054,6.621,59.74
43.5,80.532,6.696,60.093
43.6,81.013,6.7718,60.448
43.7,81.495,6.8484,60.805
43.8,81.98,6.9259,61.162
43.9,82.466,7.0042,61.522
44,82.954,7.0834,61.882
44.1,83.444,7.1635,62.244
44.2,83.936,7.2444,62.608
44.3,84.43,7.3263,62.973
44.4,84.926,7.4089,63.339
44.5,85.424,7.4925,63.707
44.6,85.924,7.5769,64.076
44.7,86.425,7.6623,64.447
44.8,86.929,7.7485,64.819
44.9,87.435,7.8356,65.192
45,87.942,7.9236,65.567
45.1,88.452,8.0125,65.944
45.2,88.964,8.1022,66.321
45.3,89.477,8.1929,66.701
45.4,89.993,8.2845,67.081
45.5,90.51,8.377,67.464
45.6,91.03,8.4705,67.847
45.7,91.551,8.5648,68.232
45.8,92.074,8.66,68.619
45.9,92.6,8.7562,69.007
46,93.127,8.8533,69.396
46.1,93.656,8.9513,69.787
46.2,94.188,9.0503,70.179
46.3,94.721,9.1502,70.573
46.4,95.256,9.251,70.968
46.5,95.794,9.3527,71.365
46.6,96.333,9.4555,71.763
46.7,96.874,9.5591,72.163
46.8,97.418,9.6637,72.564
46.9,97.963,9.7693,72.966
47,98.51,9.8758,73.37
47.1,99.06,9.9832,73.776
47.2,99.611,10.092,74.183
47.3,100.16,10.201,74.591
47.4,100.72,10.311,75.001
47.5,101.28,10.423,75.413
47.6,101.84,10.535,75.826
47.7,102.4,10.648,76.24
47.8,102.96,10.763,76.656
47.9,103.53,10.878,77.073
48,104.09,10.994,77.492
48.1,104.66,11.111,77.912
48.2,105.24,11.229,78.334
48.3,105.81,11.349,78.758
48.4,106.39,11.469,79.182
48.5,106.96,11.59,79.609
48.6,107.54,11.712,80.037
48.7,108.12,11.835,80.466
48.8,108.71,11.959,80.897
48.9,109.29,12.084,81.329
49,109.88,12.211,81.763
49.1,110.47,12.338,82.198
49.2,111.06,12.466,82.635
49.3,111.66,12.595,83.073
49.4,112.25,12.725,83.513
49.5,112.85,12.857,83.954
49.6,113.45,12.989,84.397
49.7,114.06,13.122,84.842
49.8,114.66,13.256,85.287
49.9,115.27,13.392,85.735
50,115.88,13.528,86.184
50.1,116.49,13.666,86.634
50.2,117.1,13.804,87.086
50.3,117.71,13.943,87.539
50.4,118.33,14.084,87.994
50.5,118.95,14.226,88.451
50.6,119.57,14.368,88.909
50.7,120.19,14.512,89.368
50.8,120.82,14.657,89.829
50.9,121.45,14.802,90.292
51,122.08,14.949,90.756
51.1,122.71,15.097,91.221
51.2,123.34,15.246,91.689
51.3,123.98,15.396,92.157
51.4,124.61,15.547,92.627
51.5,125.25,15.699,93.099
51.6,125.9,15.852,93.572
51.7,126.54,16.006,94.047
51.8,127.19,16.162,94.523
51.9,127.84,16.318,95.001
52,128.49,16.476,95.481
52.1,129.14,16.634,95.962
52.2,129.79,16.794,96.444
52.3,130.45,16.954,96.928
52.4,131.11,17.116,97.414
52.5,131.77,17.279,97.901
52.6,132.43,17.443,98.389
52.7,133.1,17.608,98.88
52.8,133.77,17.774,99.371
52.9,134.43,17.941,99.865
53,135.11,18.109,100.36
53.1,135.78,18.279,100.86
53.2,136.46,18.449,101.35
53.3,137.13,18.621,101.85
53.4,137.81,18.794,102.35
53.5,138.5,18.967,102.86
53.6,139.18,19.142,103.36
53.7,139.87,19.318,103.87
53.8,140.56,19.495,104.37
53.9,141.25,19.674,104.88
54,141.94,19.853,105.39
54.1,142.63,20.033,105.9
54.2,143.33,20.215,106.42
54.3,144.03,20.398,106.93
54.4,144.73,20.582,107.45
54.5,145.44,20.766,107.97
54.6,146.14,20.952,108.49
54.7,146.85,21.14,109.01
54.8,147.56,21.328,109.53
54.9,148.27,21.517,110.06
55,148.99,21.708,110.58
55.1,149.7,21.9,111.11
55.2,150.42,22.092,111.64
55.3,151.14,22.286,112.17
55.4,151.87,22.481,112.7
55.5,152.59,22.678,113.24
55.6,153.32,22.875,113.77
55.7,154.05,23.073,114.31
55.8,154.78,23.273,114.85
55.9,155.51,23.474,115.39
56,156.25,23.676,115.93
56.1,156.99,23.879,116.47
56.2,157.73,24.083,117.01
56.3,158.47,24.288,117.56
56.4,159.21,24.495,118.11
56.5,159.96,24.703,118.66
56.6,160.71,24.911,119.21
56.7,161.46,25.121,119.76
56.8,162.21,25.333,120.31
56.9,162.97,25.545,120.87
57,163.73,25.758,121.43
57.1,164.49,25.973,121.98
57.2,165.25,26.189,122.54
57.3,166.01,26.405,123.1
57.4,166.78,26.624,123.67
57.5,167.55,26.843,124.23
57.6,168.32,27.063,124.8
57.7,169.09,27.285,125.37
57.8,169.87,27.507,125.93
57.9,170.64,27.731,126.51
58,171.42,27.956,127.08
58.1,172.2,28.182,127.65
58.2,172.99,28.41,128.23
58.3,173.77,28.638,128.8
58.4,174.56,28.868,129.38
58.5,175.35,29.098,129.96
58.6,176.15,29.33,130.54
58.7,176.94,29.563,131.12
58.8,177.74,29.798,131.71
58.9,178.54,30.033,132.29
59,179.34,30.269,132.88
59.1,180.14,30.507,133.47
59.2,180.95,30.746,134.06
59.3,181.75,30.985,134.65
59.4,182.56,31.226,135.24
59.5,183.38,31.469,135.84
59.6,184.19,31.712,136.44
59.7,185.01,31.956,137.03
59.8,185.82,32.202,137.63
59.9,186.64,32.449,138.23
60,187.47,32.696,138.84
60.1,188.29,32.945,139.44
60.2,189.12,33.195,140.04
60.3,189.95,33.447,140.65
60.4,190.78,33.699,141.26
60.5,191.61,33.952,141.87
60.6,192.44,34.207,142.48
60.7,193.28,34.463,143.09
60.8,194.12,34.719,143.71
60.9,194.96,34.977,144.32
61,195.8,35.236,144.94
61.1,196.65,35.496,145.56
61.2,197.5,35.757,146.18
61.3,198.34,36.02,146.8
61.4,199.2,36.283,147.42
61.5,200.05,36.547,148.05
61.6,200.9,36.813,148.67
61.7,201.76,37.079,149.3
61.8,202.62,37.347,149.93
61.9,203.48,37.615,150.56
62,204.34,37.885,151.19
62.1,205.2,38.155,151.82
62.2,206.07,38.427,152.45
62.3,206.94,38.699,153.09
62.4,207.81,38.973,153.73
62.5,208.68,39.248,154.36
62.6,209.55,39.523,155
62.7,210.42,39.8,155.64
62.8,211.3,40.077,156.28
62.9,212.18,40.356,156.93
63,213.06,40.635,157.57
63.1,213.94,40.915,158.22
63.2,214.82,41.197,158.86
63.3,215.71,41.479,159.51
63.4,216.59,41.762,160.16
63.5,217.48,42.046,160.81
63.6,218.37,42.331,161.46
63.7,219.26,42.617,162.11
63.8,220.15,42.903,162.76
63.9,221.04,43.191,163.42
64,221.94,43.479,164.07
64.1,222.83,43.768,164.73
64.2,223.73,44.059,165.39
64.3,224.63,44.35,166.05
64.4,225.53,44.642,166.71
64.5,226.43,44.934,167.37
64.6,227.34,45.228,168.03
64.7,228.24,45.522,168.69
64.8,229.15,45.817,169.36
64.9,230.06,46.113,170.02
65,230.96,46.41,170.69
65.1,231.87,46.708,171.35
65.2,232.79,47.006,172.02
65.3,233.7,47.305,172.69
65.4,234.61,47.605,173.36
65.5,235.53,47.906,174.03
65.6,236.44,48.207,174.7
65.7,237.36,48.509,175.37
65.8,238.28,48.812,176.05
65.9,239.2,49.115,176.72
66,240.12,49.42,177.4
66.1,241.04,49.725,178.07
66.2,241.96,50.03,178.75
66.3,242.88,50.337,179.42
66.4,243.81,50.644,180.1
66.5,244.73,50.951,180.78
66.6,245.66,51.259,181.46
66.7,246.59,51.568,182.14
66.8,247.52,51.878,182.82
66.9,248.45,52.188,183.51
67,249.38,52.499,184.19
67.1,250.31,52.811,184.87
67.2,251.24,53.123,185.56
67.3,252.17,53.436,186.24
67.4,253.11,53.749,186.93
67.5,254.04,54.063,187.61
67.6,254.98,54.378,188.3
67.7,255.91,54.693,188.99
67.8,256.85,55.009,189.68
67.9,257.79,55.325,190.37
68,258.73,55.642,191.06
68.1,259.67,55.96,191.75
68.2,260.61,56.278,192.44
68.3,261.55,56.597,193.13
68.4,262.49,56.916,193.82
68.5,263.43,57.236,194.51
68.6,264.37,57.556,195.21
68.7,265.32,57.877,195.9
68.8,266.26,58.198,196.6
68.9,267.21,58.52,197.29
69,268.15,58.843,197.99
69.1,269.1,59.165,198.68
69.2,270.05,59.489,199.38
69.3,271,59.813,200.08
69.4,271.94,60.137,200.77
69.5,272.89,60.462,201.47
69.6,273.84,60.787,202.17
69.7,274.79,61.113,202.87
69.8,275.74,61.439,203.57
69.9,276.7,61.766,204.27
70,277.65,62.093,204.97
70.1,278.6,62.421,205.67
70.2,279.55,62.749,206.37
70.3,280.51,63.077,207.08
70.4,281.46,63.406,207.78
70.5,282.42,63.736,208.48
70.6,283.37,64.065,209.19
70.7,284.33,64.396,209.89
70.8,285.28,64.726,210.59
70.9,286.24,65.057,211.3
71,287.2,65.389,212
71.1,288.15,65.721,212.71
71.2,289.11,66.053,213.42
71.3,290.07,66.386,214.12
71.4,291.03,66.719,214.83
71.5,291.99,67.052,215.54
71.6,292.95,67.386,216.24
71.7,293.91,67.72,216.95
71.8,294.87,68.055,217.66
71.9,295.83,68.39,218.37
72,296.79,68.725,219.08
72.1,297.75,69.061,219.79
72.2,298.71,69.397,220.5
72.3,299.67,69.733,221.21
72.4,300.63,70.07,221.92
72.5,301.6,70.407,222.63
72.6,302.56,70.745,223.34
72.7,303.52,71.083,224.05
72.8,304.49,71.421,224.76
72.9,305.45,71.759,225.47
73,306.41,72.098,226.18
73.1,307.38,72.437,226.89
73.2,308.34,72.776,227.6
73.3,309.31,73.116,228.32
73.4,310.27,73.456,229.03
73.5,311.24,73.796,229.74
73.6,312.2,74.137,230.45
73.7,313.17,74.478,231.17
73.8,314.14,74.819,231.88
73.9,315.1,75.16,232.59
74,316.07,75.502,233.31
74.1,317.04,75.844,234.02
74.2,318,76.186,234.74
74.3,318.97,76.529,235.45
74.4,319.94,76.872,236.17
74.5,320.9,77.215,236.88
74.6,321.87,77.558,237.59
74.7,322.84,77.902,238.31
74.8,323.81,78.246,239.02
74.9,324.77,78.59,239.74
75,325.74,78.935,240.46
75.1,326.71,79.279,241.17
75.2,327.68,79.624,241.89
75.3,328.64,79.969,242.6
75.4,329.61,80.315,243.32
75.5,330.58,80.66,244.03
75.6,331.55,81.006,244.75
75.7,332.52,81.352,245.47
75.8,333.49,81.698,246.18
75.9,334.45,82.045,246.9
76,335.42,82.392,247.62
76.1,336.39,82.738,248.33
76.2,337.36,83.085,249.05
76.3,338.33,83.433,249.77
76.4,339.3,83.78,250.48
76.5,340.26,84.128,251.2
76.6,341.23,84.476,251.92
76.7,342.2,84.824,252.64
76.8,343.17,85.172,253.35
76.9,344.14,85.521,254.07
77,345.11,85.869,254.79
77.1,346.08,86.218,255.5
77.2,347.04,86.567,256.22
77.3,348.01,86.916,256.94
77.4,348.98,87.265,257.66
77.5,349.95,87.615,258.37
77.6,350.92,87.964,259.09
77.7,351.88,88.314,259.81
77.8,352.85,88.664,260.53
77.9,353.82,89.014,261.24
78,354.79,89.365,261.96
78.1,355.75,89.715,262.68
78.2,356.72,90.066,263.4
78.3,357.69,90.416,264.11
78.4,358.66,90.767,264.83
78.5,359.62,91.118,265.55
78.6,360.59,91.469,266.27
78.7,361.56,91.821,266.98
78.8,362.52,92.172,267.7
78.9,363.49,92.524,268.42
79,364.46,92.875,269.14
79.1,365.42,93.227,269.85
79.2,366.39,93.579,270.57
79.3,367.35,93.931,271.29
79.4,368.32,94.283,272
79.5,369.28,94.636,272.72
79.6,370.25,94.988,273.44
79.7,371.21,95.341,274.16
79.8,372.18,95.693,274.87
79.9,373.14,96.046,275.59
80,374.11,96.399,276.3
80.1,375.07,96.752,277.02
80.2,376.04,97.105,277.74
80.3,377,97.458,278.45
80.4,377.96,97.812,279.17
80.5,378.93,98.165,279.89
80.6,379.89,98.518,280.6
80.7,380.85,98.872,281.32
80.8,381.81,99.225,282.03
80.9,382.78,99.579,282.75
81,383.74,99.933,283.47
81.1,384.7,100.29,284.18
81.2,385.66,100.64,284.9
81.3,386.62,100.99,285.61
81.4,387.58,101.35,286.33
81.5,388.54,101.7,287.04
81.6,389.5,102.06,287.76
81.7,390.46,102.41,288.47
81.8,391.42,102.77,289.19
81.9,392.38,103.12,289.9
82,393.34,103.47,290.61
82.1,394.3,103.83,291.33
82.2,395.26,104.18,292.04
82.3,396.21,104.54,292.76
82.4,397.17,104.89,293.47
82.5,398.13,105.25,294.18
82.6,399.08,105.6,294.9
82.7,400.04,105.96,295.61
82.8,401,106.31,296.32
82.9,401.95,106.67,297.04
83,402.91,107.02,297.75
83.1,403.86,107.38,298.46
83.2,404.82,107.73,299.17
83.3,405.77,108.09,299.89
83.4,406.72,108.44,300.6
83.5,407.68,108.8,301.31
83.6,408.63,109.15,302.02
83.7,409.58,109.51,302.73
83.8,410.53,109.86,303.44
83.9,411.49,110.22,304.16
84,412.44,110.57,304.87
84.1,413.39,110.93,305.58
84.2,414.34,111.28,306.29
84.3,415.29,111.64,307
84.4,416.24,111.99,307.71
84.5,417.19,112.35,308.42
84.6,418.14,112.7,309.13
84.7,419.08,113.06,309.84
84.8,420.03,113.41,310.55
84.9,420.98,113.77,311.25
85,421.93,114.12,311.96
85.1,422.87,114.48,312.67
85.2,423.82,114.84,313.38
85.3,424.76,115.19,314.09
85.4,425.71,115.55,314.79
85.5,426.65,115.9,315.5
85.6,427.6,116.26,316.21
85.7,428.54,116.61,316.92
85.8,429.48,116.97,317.62
85.9,430.43,117.32,318.33
86,431.37,117.68,319.03
86.1,432.31,118.03,319.74
86.2,433.25,118.39,320.45
86.3,434.19,118.74,321.15
86.4,435.13,119.1,321.86
86.5,436.07,119.45,322.56
86.6,437.01,119.81,323.27
86.7,437.95,120.16,323.97
86.8,438.89,120.52,324.67
86.9,439.82,120.87,325.38
87,440.76,121.23,326.08
87.1,441.7,121.58,326.78
87.2,442.63,121.94,327.49
87.3,443.57,122.29,328.19
87.4,444.5,122.65,328.89
87.5,445.44,123,329.59
87.6,446.37,123.36,330.29
87.7,447.3,123.71,331
87.8,448.24,124.07,331.7
87.9,449.17,124.42,332.4
88,450.1,124.78,333.1
88.1,451.03,125.13,333.8
88.2,451.96,125.49,334.5
88.3,452.89,125.84,335.2
88.4,453.82,126.2,335.9
88.5,454.75,126.55,336.6
88.6,455.68,126.9,337.29
88.7,456.6,127.26,337.99
88.8,457.53,127.61,338.69
88.9,458.46,127.97,339.39
89,459.38,128.32,340.09
89.1,460.31,128.68,340.78
89.2,461.23,129.03,341.48
89.3,462.16,129.38,342.18
89.4,463.08,129.74,342.87
89.5,464,130.09,343.57
89.6,464.92,130.45,344.26
89.7,465.85,130.8,344.96
89.8,466.77,131.15,345.65
89.9,467.69,131.51,346.35
90,468.61,131.86,347.04
90.1,469.52,132.21,347.74
90.2,470.44,132.57,348.43
90.3,471.36,132.92,349.12
90.4,472.28,133.27,349.81
90.5,473.19,133.63,350.51
90.6,474.11,133.98,351.2
90.7,475.03,134.33,351.89
90.8,475.94,134.69,352.58
90.9,476.85,135.04,353.27
91,477.77,135.39,353.96
91.1,478.68,135.74,354.65
91.2,479.59,136.1,355.34
91.3,480.5,136.45,356.03
91.4,481.41,136.8,356.72
91.5,482.32,137.15,357.41
91.6,483.23,137.51,358.1
91.7,484.14,137.86,358.79
91.8,485.05,138.21,359.47
91.9,485.96,138.56,360.16
92,486.87,138.91,360.85
92.1,487.77,139.27,361.53
92.2,488.68,139.62,362.22
92.3,489.58,139.97,362.91
92.4,490.49,140.32,363.59
92.5,491.39,140.67,364.28
92.6,492.29,141.02,364.96
92.7,493.19,141.37,365.64
92.8,494.1,141.73,366.33
92.9,495,142.08,367.01
93,495.9,142.43,367.69
93.1,496.8,142.78,368.38
93.2,497.69,143.13,369.06
93.3,498.59,143.48,369.74
93.4,499.49,143.83,370.42
93.5,500.39,144.18,371.1
93.6,501.28,144.53,371.78
93.7,502.18,144.88,372.46
93.8,503.07,145.23,373.14
93.9,503.96,145.58,373.82
94,504.86,145.93,374.5
94.1,505.75,146.28,375.18
94.2,506.64,146.63,375.86
94.3,507.53,146.98,376.53
94.4,508.42,147.33,377.21
94.5,509.31,147.68,377.89
94.6,510.2,148.03,378.57
94.7,511.09,148.38,379.24
94.8,511.97,148.73,379.92
94.9,512.86,149.08,380.59
95,513.75,149.42,381.27
95.1,514.63,149.77,381.94
95.2,515.51,150.12,382.62
95.3,516.4,150.47,383.29
95.4,517.28,150.82,383.96
95.5,518.16,151.17,384.63
95.6,519.04,151.51,385.31
95.7,519.92,151.86,385.98
95.8,520.8,152.21,386.65
95.9,521.68,152.56,387.32
96,522.56,152.9,387.99
96.1,523.44,153.25,388.66
96.2,524.32,153.6,389.33
96.3,525.19,153.95,390
96.4,526.07,154.29,390.67
96.5,526.94,154.64,391.34
96.6,527.81,154.99,392
96.7,528.69,155.33,392.67
96.8,529.56,155.68,393.34
96.9,530.43,156.03,394.01
97,531.3,156.37,394.67
97.1,532.17,156.72,395.34
97.2,533.04,157.06,396
97.3,533.91,157.41,396.67
97.4,534.78,157.76,397.33
97.5,535.64,158.1,397.99
97.6,536.51,158.45,398.66
97.7,537.38,158.79,399.32
97.8,538.24,159.14,399.98
97.9,539.1,159.48,400.64
98,539.97,159.83,401.31
98.1,540.83,160.17,401.97
98.2,541.69,160.52,402.63
98.3,542.55,160.86,403.29
98.4,543.41,161.2,403.95
98.5,544.27,161.55,404.61
98.6,545.13,161.89,405.27
98.7,545.99,162.24,405.92
98.8,546.84,162.58,406.58
98.9,547.7,162.92,407.24
99,548.55,163.27,407.9
99.1,549.41,163.61,408.55
99.2,550.26,163.95,409.21
99.3,551.11,164.3,409.86
99.4,551.97,164.64,410.52
99.5,552.82,164.98,411.17
99.6,553.67,165.32,411.83
99.7,554.52,165.67,412.48
99.8,555.36,166.01,413.13
99.9,556.21,166.35,413.79
100,557.06,166.69,414.44
100.1,557.91,167.03,415.09
100.2,558.75,167.37,415.74
100.3,559.6,167.72,416.39
100.4,560.44,168.06,417.04
100.5,561.28,168.4,417.69
100.6,562.12,168.74,418.34
100.7,562.97,169.08,418.99
100.8,563.81,169.42,419.64
100.9,564.65,169.76,420.29
101,565.48,170.1,420.93
101.1,566.32,170.44,421.58
101.2,567.16,170.78,422.23
101.3,568,171.12,422.87
101.4,568.83,171.46,423.52
101.5,569.67,171.8,424.16
101.6,570.5,172.14,424.81
101.7,571.33,172.48,425.45
101.8,572.17,172.82,426.09
101.9,573,173.15,426.74
102,573.83,173.49,427.38
102.1,574.66,173.83,428.02
102.2,575.49,174.17,428.66
102.3,576.31,174.51,429.3
102.4,577.14,174.85,429.94
102.5,577.97,175.18,430.58
102.6,578.79,175.52,431.22
102.7,579.62,175.86,431.86
102.8,580.44,176.2,432.5
102.9,581.27,176.53,433.14
103,582.09,176.87,433.77
103.1,582.91,177.21,434.41
103.2,583.73,177.54,435.05
103.3,584.55,177.88,435.68
103.4,585.37,178.21,436.32
103.5,586.19,178.55,436.95
103.6,587,178.89,437.59
103.7,587.82,179.22,438.22
103.8,588.63,179.56,438.85
103.9,589.45,179.89,439.49
104,590.26,180.23,440.12
104.1,591.08,180.56,440.75
104.2,591.89,180.9,441.38
104.3,592.7,181.23,442.01
104.4,593.51,181.57,442.64
104.5,594.32,181.9,443.27
104.6,595.13,182.23,443.9
104.7,595.94,182.57,444.53
104.8,596.74,182.9,445.16
104.9,597.55,183.24,445.78
105,598.35,183.57,446.41
105.1,599.16,183.9,447.04
105.2,599.96,184.24,447.66
105.3,600.76,184.57,448.29
105.4,601.57,184.9,448.91
105.5,602.37,185.23,449.54
105.6,603.17,185.57,450.16
105.7,603.97,185.9,450.79
105.8,604.76,186.23,451.41
105.9,605.56,186.56,452.03
106,606.36,186.89,452.65
106.1,607.15,187.22,453.27
106.2,607.95,187.55,453.9
106.3,608.74,187.89,454.52
106.4,609.54,188.22,455.13
106.5,610.33,188.55,455.75
106.6,611.12,188.88,456.37
106.7,611.91,189.21,456.99
106.8,612.7,189.54,457.61
106.9,613.49,189.87,458.23
107,614.28,190.2,458.84
107.1,615.06,190.53,459.46
107.2,615.85,190.86,460.07
107.3,616.63,191.18,460.69
107.4,617.42,191.51,461.3
107.5,618.2,191.84,461.92
107.6,618.99,192.17,462.53
107.7,619.77,192.5,463.14
107.8,620.55,192.83,463.76
107.9,621.33,193.16,464.37
108,622.11,193.48,464.98
108.1,622.88,193.81,465.59
108.2,623.66,194.14,466.2
108.3,624.44,194.46,466.81
108.4,625.21,194.79,467.42
108.5,625.99,195.12,468.03
108.6,626.76,195.45,468.63
108.7,627.53,195.77,469.24
108.8,628.31,196.1,469.85
108.9,629.08,196.42,470.45
109,629.85,196.75,471.06
109.1,630.62,197.08,471.67
109.2,631.39,197.4,472.27
109.3,632.15,197.73,472.87
109.4,632.92,198.05,473.48
109.5,633.68,198.38,474.08
109.6,634.45,198.7,474.68
109.7,635.21,199.02,475.29
109.8,635.98,199.35,475.89
109.9,636.74,199.67,476.49
110,637.5,200,477.09
110.1,638.26,200.32,477.69
110.2,639.02,200.64,478.29
110.3,639.78,200.97,478.89
110.4,640.54,201.29,479.48
110.5,641.29,201.61,480.08
110.6,642.05,201.94,480.68
110.7,642.8,202.26,481.28
110.8,643.56,202.58,481.87
110.9,644.31,202.9,482.47
111,645.06,203.22,483.06
111.1,645.81,203.55,483.66
111.2,646.56,203.87,484.25
111.3,647.31,204.19,484.84
111.4,648.06,204.51,485.44
111.5,648.81,204.83,486.03
111.6,649.56,205.15,486.62
111.7,650.3,205.47,487.21
111.8,651.05,205.79,487.8
111.9,651.79,206.11,488.39
112,652.53,206.43,488.98
112.1,653.28,206.75,489.57
112.2,654.02,207.07,490.16
112.3,654.76,207.39,490.75
112.4,655.5,207.71,491.33
112.5,656.24,208.03,491.92
112.6,656.97,208.35,492.51
112.7,657.71,208.66,493.09
112.8,658.45,208.98,493.68
112.9,659.18,209.3,494.26
113,659.92,209.62,494.84
113.1,660.65,209.94,495.43
113.2,661.38,210.25,496.01
113.3,662.11,210.57,496.59
113.4,662.84,210.89,497.17
113.5,663.57,211.2,497.75
113.6,664.3,211.52,498.33
113.7,665.03,211.84,498.91
113.8,665.76,212.15,499.49
113.9,666.48,212.47,500.07
114,667.21,212.79,500.65
114.1,667.93,213.1,501.23
114.2,668.65,213.42,501.81
114.3,669.38,213.73,502.38
114.4,670.1,214.05,502.96
114.5,670.82,214.36,503.53
114.6,671.54,214.68,504.11
114.7,672.25,214.99,504.68
114.8,672.97,215.3,505.26
114.9,673.69,215.62,505.83
115,674.4,215.93,506.4
115.1,675.12,216.25,506.97
115.2,675.83,216.56,507.55
115.3,676.55,216.87,508.12
115.4,677.26,217.18,508.69
115.5,677.97,217.5,509.26
115.6,678.68,217.81,509.83
115.7,679.39,218.12,510.39
115.8,680.1,218.43,510.96
115.9,680.8,218.75,511.53
116,681.51,219.06,512.1
116.1,682.22,219.37,512.66
116.2,682.92,219.68,513.23
116.3,683.62,219.99,513.79
116.4,684.33,220.3,514.36
116.5,685.03,220.61,514.92
116.6,685.73,220.92,515.49
116.7,686.43,221.23,516.05
116.8,687.13,221.54,516.61
116.9,687.83,221.85,517.18
117,688.52,222.16,517.74
117.1,689.22,222.47,518.3
117.2,689.91,222.78,518.86
117.3,690.61,223.09,519.42
117.4,691.3,223.4,519.98
117.5,691.99,223.71,520.54
117.6,692.69,224.02,521.09
117.7,693.38,224.32,521.65
117.8,694.07,224.63,522.21
117.9,694.75,224.94,522.77
118,695.44,225.25,523.32
118.1,696.13,225.56,523.88
118.2,696.82,225.86,524.43
118.3,697.5,226.17,524.99
118.4,698.18,226.48,525.54
118.5,698.87,226.78,526.09
118.6,699.55,227.09,526.65
118.7,700.23,227.39,527.2
118.8,700.91,227.7,527.75
118.9,701.59,228.01,528.3
119,702.27,228.31,528.85
119.1,702.95,228.62,529.4
119.2,703.62,228.92,529.95
119.3,704.3,229.23,530.5
119.4,704.97,229.53,531.05
119.5,705.65,229.84,531.6
119.6,706.32,230.14,532.14
119.7,706.99,230.44,532.69
119.8,707.66,230.75,533.24
119.9,708.34,231.05,533.78
120,709.01,231.35,534.33
120.1,709.67,231.66,534.87
120.2,710.34,231.96,535.42
120.3,711.01,232.26,535.96
120.4,711.67,232.57,536.5
120.5,712.34,232.87,537.05
120.6,713,233.17,537.59
120.7,713.67,233.47,538.13
120.8,714.33,233.77,538.67
120.9,714.99,234.08,539.21
121,715.65,234.38,539.75
121.1,716.31,234.68,540.29
121.2,716.97,234.98,540.83
121.3,717.63,235.28,541.37
121.4,718.29,235.58,541.91
121.5,718.95,235.88,542.44
121.6,719.6,236.18,542.98
121.7,720.26,236.48,543.52
121.8,720.91,236.78,544.05
121.9,721.56,237.08,544.59
122,722.22,237.38,545.12
122.1,722.87,237.68,545.66
122.2,723.52,237.98,546.19
122.3,724.17,238.28,546.72
122.4,724.82,238.57,547.26
122.5,725.47,238.87,547.79
122.6,726.11,239.17,548.32
122.7,726.76,239.47,548.85
122.8,727.41,239.77,549.38
122.9,728.05,240.06,549.91
123,728.7,240.36,550.44
123.1,729.34,240.66,550.97
123.2,729.98,240.96,551.5
123.3,730.63,241.25,552.03
123.4,731.27,241.55,552.55
123.5,731.91,241.85,553.08
123.6,732.55,242.14,553.61
123.7,733.19,242.44,554.13
123.8,733.82,242.73,554.66
123.9,734.46,243.03,555.19
124,735.1,243.32,555.71
124.1,735.73,243.62,556.23
124.2,736.37,243.91,556.76
124.3,737,244.21,557.28
124.4,737.64,244.5,557.8
124.5,738.27,244.8,558.33
124.6,738.9,245.09,558.85
124.7,739.53,245.39,559.37
124.8,740.16,245.68,559.89
124.9,740.79,245.97,560.41
125,741.42,246.27,560.93
125.1,742.05,246.56,561.45
125.2,742.68,246.86,561.97
125.3,743.31,247.15,562.49
125.4,743.93,247.44,563
125.5,744.56,247.73,563.52
125.6,745.18,248.03,564.04
125.7,745.81,248.32,564.56
125.8,746.43,248.61,565.07
125.9,747.05,248.9,565.59
126,747.67,249.19,566.1
126.1,748.29,249.49,566.62
126.2,748.92,249.78,567.13
126.3,749.54,250.07,567.64
126.4,750.15,250.36,568.16
126.5,750.77,250.65,568.67
126.6,751.39,250.94,569.18
126.7,752.01,251.23,569.69
126.8,752.62,251.52,570.21
126.9,753.24,251.81,570.72
127,753.86,252.1,571.23
127.1,754.47,252.39,571.74
127.2,755.08,252.68,572.25
127.3,755.7,252.97,572.76
127.4,756.31,253.26,573.27
127.5,756.92,253.55,573.77
127.6,757.53,253.84,574.28
127.7,758.14,254.13,574.79
127.8,758.75,254.42,575.3
127.9,759.36,254.7,575.8
128,759.97,254.99,576.31
128.1,760.58,255.28,576.82
128.2,761.19,255.57,577.32
128.3,761.8,255.86,577.83
128.4,762.4,256.14,578.33
128.5,763.01,256.43,578.83
128.6,763.61,256.72,579.34
128.7,764.22,257.01,579.84
128.8,764.82,257.29,580.34
128.9,765.43,257.58,580.85
129,766.03,257.87,581.35
129.1,766.63,258.15,581.85
129.2,767.23,258.44,582.35
129.3,767.84,258.73,582.85
129.4,768.44,259.01,583.35
129.5,769.04,259.3,583.85
129.6,769.64,259.58,584.35
129.7,770.24,259.87,584.85
129.8,770.83,260.16,585.35
129.9,771.43,260.44,585.85
130,772.03,260.73,586.35
130.1,772.63,261.01,586.85
130.2,773.22,261.3,587.34
130.3,773.82,261.58,587.84
130.4,774.41,261.87,588.34
130.5,775.01,262.15,588.83
130.6,775.6,262.43,589.33
130.7,776.2,262.72,589.82
130.8,776.79,263,590.32
130.9,777.38,263.29,590.81
131,777.97,263.57,591.31
131.1,778.57,263.85,591.8
131.2,779.16,264.14,592.3
131.3,779.75,264.42,592.79
131.4,780.34,264.7,593.28
131.5,780.93,264.98,593.77
131.6,781.52,265.27,594.27
131.7,782.11,265.55,594.76
131.8,782.69,265.83,595.25
131.9,783.28,266.11,595.74
132,783.87,266.4,596.23
132.1,784.46,266.68,596.72
132.2,785.04,266.96,597.21
132.3,785.63,267.24,597.7
132.4,786.21,267.52,598.19
132.5,786.8,267.8,598.68
132.6,787.38,268.09,599.17
132.7,787.97,268.37,599.65
132.8,788.55,268.65,600.14
132.9,789.13,268.93,600.63
133,789.71,269.21,601.12
133.1,790.3,269.49,601.6
133.2,790.88,269.77,602.09
133.3,791.46,270.05,602.58
133.4,792.04,270.33,603.06
133.5,792.62,270.61,603.55
133.6,793.2,270.89,604.03
133.7,793.78,271.17,604.52
133.8,794.36,271.45,605
133.9,794.94,271.73,605.48
134,795.51,272.01,605.97
134.1,796.09,272.29,606.45
134.2,796.67,272.57,606.93
134.3,797.25,272.84,607.42
134.4,797.82,273.12,607.9
134.5,798.4,273.4,608.38
134.6,798.97,273.68,608.86
134.7,799.55,273.96,609.34
134.8,800.12,274.24,609.82
134.9,800.7,274.51,610.3
135,801.27,274.79,610.78
135.1,801.85,275.07,611.26
135.2,802.42,275.35,611.74
135.3,802.99,275.63,612.22
135.4,803.56,275.9,612.7
135.5,804.14,276.18,613.18
135.6,804.71,276.46,613.66
135.7,805.28,276.73,614.13
135.8,805.85,277.01,614.61
135.9,806.42,277.29,615.09
136,806.99,277.56,615.57
136.1,807.56,277.84,616.04
136.2,808.13,278.12,616.52
136.3,808.7,278.39,616.99
136.4,809.27,278.67,617.47
136.5,809.84,278.95,617.95
136.6,810.4,279.22,618.42
136.7,810.97,279.5,618.89
136.8,811.54,279.77,619.37
136.9,812.1,280.05,619.84
137,812.67,280.32,620.32
137.1,813.24,280.6,620.79
137.2,813.8,280.87,621.26
137.3,814.37,281.15,621.74
137.4,814.93,281.42,622.21
137.5,815.5,281.7,622.68
137.6,816.06,281.97,623.15
137.7,816.63,282.25,623.62
137.8,817.19,282.52,624.1
137.9,817.75,282.8,624.57
138,818.31,283.07,625.04
138.1,818.88,283.35,625.51
138.2,819.44,283.62,625.98
138.3,820,283.89,626.45
138.4,820.56,284.17,626.92
138.5,821.12,284.44,627.39
138.6,821.68,284.71,627.86
138.7,822.24,284.99,628.33
138.8,822.8,285.26,628.79
138.9,823.36,285.53,629.26
139,823.92,285.81,629.73
139.1,824.48,286.08,630.2
139.2,825.04,286.35,630.66
139.3,825.6,286.63,631.13
139.4,826.16,286.9,631.6
139.5,826.72,287.17,632.07
139.6,827.27,287.44,632.53
139.7,827.83,287.71,633
139.8,828.39,287.99,633.46
139.9,828.94,288.26,633.93
140,829.5,288.53,634.39
140.1,830.06,288.8,634.86
140.2,830.61,289.07,635.32
140.3,831.17,289.35,635.79
140.4,831.72,289.62,636.25
140.5,832.28,289.89,636.71
140.6,832.83,290.16,637.18
140.7,833.38,290.43,637.64
140.8,833.94,290.7,638.1
140.9,834.49,290.97,638.57
141,835.04,291.24,639.03
141.1,835.6,291.51,639.49
141.2,836.15,291.78,639.95
141.3,836.7,292.05,640.41
141.4,837.25,292.32,640.88
141.5,837.81,292.59,641.34
141.6,838.36,292.86,641.8
141.7,838.91,293.13,642.26
141.8,839.46,293.4,642.72
141.9,840.01,293.67,643.18
142,840.56,293.94,643.64
142.1,841.11,294.21,644.1
142.2,841.66,294.48,644.56
142.3,842.21,294.75,645.01
142.4,842.76,295.02,645.47
142.5,843.31,295.29,645.93
142.6,843.85,295.56,646.39
142.7,844.4,295.83,646.85
142.8,844.95,296.1,647.3
142.9,845.5,296.36,647.76
143,846.05,296.63,648.22
143.1,846.59,296.9,648.68
143.2,847.14,297.17,649.13
143.3,847.69,297.44,649.59
143.4,848.23,297.71,650.04
143.5,848.78,297.97,650.5
143.6,849.32,298.24,650.96
143.7,849.87,298.51,651.41
143.8,850.41,298.78,651.87
143.9,850.96,299.04,652.32
144,851.5,299.31,652.78
144.1,852.05,299.58,653.23
144.2,852.59,299.85,653.68
144.3,853.13,300.11,654.14
144.4,853.68,300.38,654.59
144.5,854.22,300.65,655.04
144.6,854.76,300.91,655.5
144.7,855.31,301.18,655.95
144.8,855.85,301.45,656.4
144.9,856.39,301.71,656.86
145,856.93,301.98,657.31
145.1,857.47,302.25,657.76
145.2,858.02,302.51,658.21
145.3,858.56,302.78,658.66
145.4,859.1,303.05,659.11
145.5,859.64,303.31,659.56
145.6,860.18,303.58,660.02
145.7,860.72,303.84,660.47
145.8,861.26,304.11,660.92
145.9,861.8,304.37,661.37
146,862.34,304.64,661.82
146.1,862.88,304.9,662.27
146.2,863.41,305.17,662.71
146.3,863.95,305.43,663.16
146.4,864.49,305.7,663.61
146.5,865.03,305.96,664.06
146.6,865.57,306.23,664.51
146.7,866.11,306.49,664.96
146.8,866.64,306.76,665.41
146.9,867.18,307.02,665.85
147,867.72,307.29,666.3
147.1,868.25,307.55,666.75
147.2,868.79,307.82,667.19
147.3,869.33,308.08,667.64
147.4,869.86,308.34,668.09
147.5,870.4,308.61,668.53
147.6,870.93,308.87,668.98
147.7,871.47,309.13,669.43
147.8,872,309.4,669.87
147.9,872.54,309.66,670.32
148,873.07,309.92,670.76
148.1,873.61,310.19,671.21
148.2,874.14,310.45,671.65
148.3,874.67,310.71,672.09
148.4,875.21,310.98,672.54
148.5,875.74,311.24,672.98
148.6,876.27,311.5,673.43
148.7,876.81,311.76,673.87
148.8,877.34,312.03,674.31
148.9,877.87,312.29,674.76
149,878.4,312.55,675.2
149.1,878.94,312.81,675.64
149.2,879.47,313.08,676.08
149.3,880,313.34,676.52
149.4,880.53,313.6,676.97
149.5,881.06,313.86,677.41
149.6,881.59,314.12,677.85
149.7,882.12,314.38,678.29
149.8,882.65,314.65,678.73
149.9,883.18,314.91,679.17
150,883.71,315.17,679.61
150.1,884.24,315.43,680.05
150.2,884.77,315.69,680.49
150.3,885.3,315.95,680.93
150.4,885.83,316.21,681.37
150.5,886.36,316.47,681.81
150.6,886.89,316.73,682.25
150.7,887.42,316.99,682.69
150.8,887.95,317.26,683.13
150.9,888.47,317.52,683.57
151,889,317.78,684.01
151.1,889.53,318.04,684.44
151.2,890.06,318.3,684.88
151.3,890.58,318.56,685.32
151.4,891.11,318.82,685.76
151.5,891.64,319.08,686.19
151.6,892.16,319.34,686.63
151.7,892.69,319.6,687.07
151.8,893.22,319.85,687.5
151.9,893.74,320.11,687.94
152,894.27,320.37,688.38
152.1,894.79,320.63,688.81
152.2,895.32,320.89,689.25
152.3,895.84,321.15,689.68
152.4,896.37,321.41,690.12
152.5,896.89,321.67,690.55
152.6,897.42,321.93,690.99
152.7,897.94,322.19,691.42
152.8,898.47,322.44,691.86
152.9,898.99,322.7,692.29
153,899.51,322.96,692.73
153.1,900.04,323.22,693.16
153.2,900.56,323.48,693.59
153.3,901.08,323.73,694.03
153.4,901.6,323.99,694.46
153.5,902.13,324.25,694.89
153.6,902.65,324.51,695.33
153.7,903.17,324.77,695.76
153.8,903.69,325.02,696.19
153.9,904.21,325.28,696.62
154,904.74,325.54,697.05
154.1,905.26,325.8,697.49
154.2,905.78,326.05,697.92
154.3,906.3,326.31,698.35
154.4,906.82,326.57,698.78
154.5,907.34,326.82,699.21
154.6,907.86,327.08,699.64
154.7,908.38,327.34,700.07
154.8,908.9,327.59,700.5
154.9,909.42,327.85,700.93
155,909.94,328.11,701.36
155.1,910.46,328.36,701.79
155.2,910.98,328.62,702.22
155.3,911.49,328.88,702.65
155.4,912.01,329.13,703.08
155.5,912.53,329.39,703.51
155.6,913.05,329.64,703.93
155.7,913.57,329.9,704.36
155.8,914.09,330.15,704.79
155.9,914.6,330.41,705.22
156,915.12,330.67,705.65
156.1,915.64,330.92,706.07
156.2,916.15,331.18,706.5
156.3,916.67,331.43,706.93
156.4,917.19,331.69,707.36
156.5,917.7,331.94,707.78
156.6,918.22,332.2,708.21
156.7,918.74,332.45,708.63
156.8,919.25,332.71,709.06
156.9,919.77,332.96,709.49
157,920.28,333.21,709.91
157.1,920.8,333.47,710.34
157.2,921.31,333.72,710.76
157.3,921.83,333.98,711.19
157.4,922.34,334.23,711.61
157.5,922.86,334.49,712.04
157.6,923.37,334.74,712.46
157.7,923.89,334.99,712.89
157.8,924.4,335.25,713.31
157.9,924.92,335.5,713.73
158,925.43,335.75,714.16
158.1,925.94,336.01,714.58
158.2,926.46,336.26,715
158.3,926.97,336.51,715.43
158.4,927.48,336.77,715.85
158.5,927.99,337.02,716.27
158.6,928.51,337.27,716.69
158.7,929.02,337.53,717.12
158.8,929.53,337.78,717.54
158.9,930.04,338.03,717.96
159,930.56,338.28,718.38
159.1,931.07,338.54,718.8
159.2,931.58,338.79,719.22
159.3,932.09,339.04,719.64
159.4,932.6,339.29,720.07
159.5,933.11,339.55,720.49
159.6,933.62,339.8,720.91
159.7,934.13,340.05,721.33
159.8,934.64,340.3,721.75
159.9,935.15,340.55,722.17
160,935.66,340.81,722.59
160.1,936.17,341.06,723
160.2,936.68,341.31,723.42
160.3,937.19,341.56,723.84
160.4,937.7,341.81,724.26
160.5,938.21,342.06,724.68
160.6,938.72,342.31,725.1
160.7,939.23,342.56,725.52
160.8,939.74,342.82,725.93
160.9,940.24,343.07,726.35
161,940.75,343.32,726.77
161.1,941.26,343.57,727.19
161.2,941.77,343.82,727.6
161.3,942.28,344.07,728.02
161.4,942.78,344.32,728.44
161.5,943.29,344.57,728.85
161.6,943.8,344.82,729.27
161.7,944.3,345.07,729.69
161.8,944.81,345.32,730.1
161.9,945.32,345.57,730.52
162,945.82,345.82,730.93
162.1,946.33,346.07,731.35
162.2,946.84,346.32,731.76
162.3,947.34,346.57,732.18
162.4,947.85,346.82,732.59
162.5,948.35,347.07,733.01
162.6,948.86,347.32,733.42
162.7,949.36,347.57,733.84
162.8,949.87,347.82,734.25
162.9,950.37,348.07,734.66
163,950.88,348.31,735.08
163.1,951.38,348.56,735.49
163.2,951.88,348.81,735.9
163.3,952.39,349.06,736.32
163.4,952.89,349.31,736.73
163.5,953.4,349.56,737.14
163.6,953.9,349.81,737.56
163.7,954.4,350.05,737.97
163.8,954.91,350.3,738.38
163.9,955.41,350.55,738.79
164,955.91,350.8,739.2
164.1,956.41,351.05,739.61
164.2,956.92,351.29,740.03
164.3,957.42,351.54,740.44
164.4,957.92,351.79,740.85
164.5,958.42,352.04,741.26
164.6,958.93,352.29,741.67
164.7,959.43,352.53,742.08
164.8,959.93,352.78,742.49
164.9,960.43,353.03,742.9
165,960.93,353.27,743.31
165.1,961.43,353.52,743.72
165.2,961.93,353.77,744.13
165.3,962.43,354.02,744.54
165.4,962.93,354.26,744.95
165.5,963.43,354.51,745.35
165.6,963.93,354.76,745.76
165.7,964.43,355,746.17
165.8,964.93,355.25,746.58
165.9,965.43,355.5,746.99
166,965.93,355.74,747.39
166.1,966.43,355.99,747.8
166.2,966.93,356.23,748.21
166.3,967.43,356.48,748.62
166.4,967.93,356.73,749.02
166.5,968.43,356.97,749.43
166.6,968.93,357.22,749.84
166.7,969.42,357.46,750.24
166.8,969.92,357.71,750.65
166.9,970.42,357.95,751.05
167,970.92,358.2,751.46
167.1,971.41,358.44,751.87
167.2,971.91,358.69,752.27
167.3,972.41,358.93,752.68
167.4,972.91,359.18,753.08
167.5,973.4,359.42,753.49
167.6,973.9,359.67,753.89
167.7,974.4,359.91,754.3
167.8,974.89,360.16,754.7
167.9,975.39,360.4,755.1
168,975.89,360.65,755.51
168.1,976.38,360.89,755.91
168.2,976.88,361.14,756.31
168.3,977.37,361.38,756.72
168.4,977.87,361.63,757.12
168.5,978.36,361.87,757.52
168.6,978.86,362.11,757.93
168.7,979.35,362.36,758.33
168.8,979.85,362.6,758.73
168.9,980.34,362.84,759.13
169,980.84,363.09,759.54
169.1,981.33,363.33,759.94
169.2,981.83,363.58,760.34
169.3,982.32,363.82,760.74
169.4,982.81,364.06,761.14
169.5,983.31,364.3,761.54
169.6,983.8,364.55,761.94
169.7,984.3,364.79,762.34
169.8,984.79,365.03,762.74
169.9,985.28,365.28,763.14
170,985.77,365.52,763.54
170.1,986.27,365.76,763.94
170.2,986.76,366,764.34
170.3,987.25,366.25,764.74
170.4,987.74,366.49,765.14
170.5,988.24,366.73,765.54
170.6,988.73,366.97,765.94
170.7,989.22,367.22,766.34
170.8,989.71,367.46,766.74
170.9,990.2,367.7,767.14
171,990.69,367.94,767.53
171.1,991.19,368.18,767.93
171.2,991.68,368.42,768.33
171.3,992.17,368.67,768.73
171.4,992.66,368.91,769.12
171.5,993.15,369.15,769.52
171.6,993.64,369.39,769.92
171.7,994.13,369.63,770.32
171.8,994.62,369.87,770.71
171.9,995.11,370.11,771.11
172,995.6,370.35,771.5
172.1,996.09,370.6,771.9
172.2,996.58,370.84,772.3
172.3,997.07,371.08,772.69
172.4,997.56,371.32,773.09
172.5,998.04,371.56,773.48
172.6,998.53,371.8,773.88
172.7,999.02,372.04,774.27
172.8,999.51,372.28,774.67
172.9,1000,372.52,775.06
173,1000.5,372.76,775.46
173.1,1001,373,775.85
173.2,1001.5,373.24,776.24
173.3,1002,373.48,776.64
173.4,1002.4,373.72,777.03
173.5,1002.9,373.96,777.43
173.6,1003.4,374.2,777.82
173.7,1003.9,374.44,778.21
173.8,1004.4,374.68,778.6
173.9,1004.9,374.92,779
174,1005.4,375.16,779.39
174.1,1005.8,375.39,779.78
174.2,1006.3,375.63,780.17
174.3,1006.8,375.87,780.57
174.4,1007.3,376.11,780.96
174.5,1007.8,376.35,781.35
174.6,1008.3,376.59,781.74
174.7,1008.8,376.83,782.13
174.8,1009.2,377.07,782.52
174.9,1009.7,377.3,782.91
175,1010.2,377.54,783.3
175.1,1010.7,377.78,783.69
175.2,1011.2,378.02,784.08
175.3,1011.7,378.26,784.47
175.4,1012.2,378.49,784.86
175.5,1012.6,378.73,785.25
175.6,1013.1,378.97,785.64
175.7,1013.6,379.21,786.03
175.8,1014.1,379.45,786.42
175.9,1014.6,379.68,786.81
176,1015.1,379.92,787.2
176.1,1015.5,380.16,787.59
176.2,1016,380.39,787.98
176.3,1016.5,380.63,788.36
176.4,1017,380.87,788.75
176.5,1017.5,381.11,789.14
176.6,1018,381.34,789.53
176.7,1018.4,381.58,789.92
176.8,1018.9,381.82,790.3
176.9,1019.4,382.05,790.69
177,1019.9,382.29,791.08
177.1,1020.4,382.53,791.46
177.2,1020.9,382.76,791.85
177.3,1021.3,383,792.24
177.4,1021.8,383.23,792.62
177.5,1022.3,383.47,793.01
177.6,1022.8,383.71,793.39
177.7,1023.3,383.94,793.78
177.8,1023.7,384.18,794.16
177.9,1024.2,384.41,794.55
178,1024.7,384.65,794.94
178.1,1025.2,384.88,795.32
178.2,1025.7,385.12,795.7
178.3,1026.1,385.36,796.09
178.4,1026.6,385.59,796.47
178.5,1027.1,385.83,796.86
178.6,1027.6,386.06,797.24
178.7,1028.1,386.3,797.63
178.8,1028.5,386.53,798.01
178.9,1029,386.77,798.39
179,1029.5,387,798.78
179.1,1030,387.24,799.16
179.2,1030.5,387.47,799.54
179.3,1030.9,387.7,799.92
179.4,1031.4,387.94,800.31
179.5,1031.9,388.17,800.69
179.6,1032.4,388.41,801.07
179.7,1032.8,388.64,801.45
179.8,1033.3,388.87,801.83
179.9,1033.8,389.11,802.22
180,1034.3,389.34,802.6
180.1,1034.8,389.58,802.98
180.2,1035.2,389.81,803.36
180.3,1035.7,390.04,803.74
180.4,1036.2,390.28,804.12
180.5,1036.7,390.51,804.5
180.6,1037.1,390.74,804.88
180.7,1037.6,390.98,805.26
180.8,1038.1,391.21,805.64
180.9,1038.6,391.44,806.02
181,1039.1,391.68,806.4
181.1,1039.5,391.91,806.78
181.2,1040,392.14,807.16
181.3,1040.5,392.37,807.54
181.4,1041,392.61,807.92
181.5,1041.4,392.84,808.3
181.6,1041.9,393.07,808.67
181.7,1042.4,393.3,809.05
181.8,1042.9,393.53,809.43
181.9,1043.3,393.77,809.81
182,1043.8,394,810.19
182.1,1044.3,394.23,810.56
182.2,1044.8,394.46,810.94
182.3,1045.2,394.69,811.32
182.4,1045.7,394.93,811.7
182.5,1046.2,395.16,812.07
182.6,1046.7,395.39,812.45
182.7,1047.1,395.62,812.83
182.8,1047.6,395.85,813.2
182.9,1048.1,396.08,813.58
183,1048.6,396.31,813.95
183.1,1049,396.54,814.33
183.2,1049.5,396.78,814.71
183.3,1050,397.01,815.08
183.4,1050.5,397.24,815.46
183.5,1050.9,397.47,815.83
183.6,1051.4,397.7,816.21
183.7,1051.9,397.93,816.58
183.8,1052.3,398.16,816.96
183.9,1052.8,398.39,817.33
184,1053.3,398.62,817.7
184.1,1053.8,398.85,818.08
184.2,1054.2,399.08,818.45
184.3,1054.7,399.31,818.83
184.4,1055.2,399.54,819.2
184.5,1055.7,399.77,819.57
184.6,1056.1,400,819.95
184.7,1056.6,400.23,820.32
184.8,1057.1,400.46,820.69
184.9,1057.6,400.69,821.06
185,1058,400.91,821.44
185.1,1058.5,401.14,821.81
185.2,1059,401.37,822.18
185.3,1059.4,401.6,822.55
185.4,1059.9,401.83,822.92
185.5,1060.4,402.06,823.3
185.6,1060.9,402.29,823.67
185.7,1061.3,402.52,824.04
185.8,1061.8,402.74,824.41
185.9,1062.3,402.97,824.78
186,1062.7,403.2,825.15
186.1,1063.2,403.43,825.52
186.2,1063.7,403.66,825.89
186.3,1064.2,403.88,826.26
186.4,1064.6,404.11,826.63
186.5,1065.1,404.34,827
186.6,1065.6,404.57,827.37
186.7,1066,404.8,827.74
186.8,1066.5,405.02,828.11
186.9,1067,405.25,828.48
187,1067.5,405.48,828.85
187.1,1067.9,405.7,829.22
187.2,1068.4,405.93,829.59
187.3,1068.9,406.16,829.95
187.4,1069.3,406.39,830.32
187.5,1069.8,406.61,830.69
187.6,1070.3,406.84,831.06
187.7,1070.7,407.07,831.43
187.8,1071.2,407.29,831.79
187.9,1071.7,407.52,832.16
188,1072.2,407.75,832.53
188.1,1072.6,407.97,832.9
188.2,1073.1,408.2,833.26
188.3,1073.6,408.42,833.63
188.4,1074,408.65,834
188.5,1074.5,408.88,834.36
188.6,1075,409.1,834.73
188.7,1075.4,409.33,835.09
188.8,1075.9,409.55,835.46
188.9,1076.4,409.78,835.83
189,1076.8,410,836.19
189.1,1077.3,410.23,836.56
189.2,1077.8,410.45,836.92
189.3,1078.3,410.68,837.29
189.4,1078.7,410.9,837.65
189.5,1079.2,411.13,838.02
189.6,1079.7,411.35,838.38
189.7,1080.1,411.58,838.75
189.8,1080.6,411.8,839.11
189.9,1081.1,412.03,839.47
190,1081.5,412.25,839.84
190.1,1082,412.47,840.2
190.2,1082.5,412.7,840.56
190.3,1082.9,412.92,840.93
190.4,1083.4,413.15,841.29
190.5,1083.9,413.37,841.65
190.6,1084.4,413.59,842.02
190.7,1084.8,413.82,842.38
190.8,1085.3,414.04,842.74
190.9,1085.8,414.27,843.1
191,1086.2,414.49,843.47
191.1,1086.7,414.71,843.83
191.2,1087.2,414.94,844.19
191.3,1087.6,415.16,844.55
191.4,1088.1,415.38,844.91
191.5,1088.6,415.6,845.27
191.6,1089,415.83,845.63
191.7,1089.5,416.05,846
191.8,1090,416.27,846.36
191.9,1090.4,416.49,846.72
192,1090.9,416.72,847.08
192.1,1091.4,416.94,847.44
192.2,1091.8,417.16,847.8
192.3,1092.3,417.38,848.16
192.4,1092.8,417.61,848.52
192.5,1093.2,417.83,848.88
192.6,1093.7,418.05,849.24
192.7,1094.2,418.27,849.6
192.8,1094.6,418.49,849.96
192.9,1095.1,418.71,850.31
193,1095.6,418.93,850.67
193.1,1096.1,419.16,851.03
193.2,1096.5,419.38,851.39
193.3,1097,419.6,851.75
193.4,1097.5,419.82,852.11
193.5,1097.9,420.04,852.46
193.6,1098.4,420.26,852.82
193.7,1098.9,420.48,853.18
193.8,1099.3,420.7,853.54
193.9,1099.8,420.92,853.89
194,1100.3,421.14,854.25
194.1,1100.7,421.36,854.61
194.2,1101.2,421.58,854.97
194.3,1101.7,421.8,855.32
194.4,1102.1,422.02,855.68
194.5,1102.6,422.24,856.03
194.6,1103.1,422.46,856.39
194.7,1103.5,422.68,856.75
194.8,1104,422.9,857.1
194.9,1104.5,423.12,857.46
195,1104.9,423.34,857.81
195.1,1105.4,423.56,858.17
195.2,1105.9,423.78,858.52
195.3,1106.3,424,858.88
195.4,1106.8,424.22,859.23
195.5,1107.3,424.44,859.59
195.6,1107.7,424.65,859.94
195.7,1108.2,424.87,860.3
195.8,1108.7,425.09,860.65
195.9,1109.1,425.31,861.01
196,1109.6,425.53,861.36
196.1,1110.1,425.75,861.71
196.2,1110.5,425.96,862.07
196.3,1111,426.18,862.42
196.4,1111.5,426.4,862.77
196.5,1111.9,426.62,863.13
196.6,1112.4,426.84,863.48
196.7,1112.9,427.05,863.83
196.8,1113.3,427.27,864.18
196.9,1113.8,427.49,864.54
197,1114.3,427.7,864.89
197.1,1114.7,427.92,865.24
197.2,1115.2,428.14,865.59
197.3,1115.7,428.36,865.94
197.4,1116.1,428.57,866.3
197.5,1116.6,428.79,866.65
197.6,1117.1,429.01,867
197.7,1117.5,429.22,867.35
197.8,1118,429.44,867.7
197.9,1118.5,429.65,868.05
198,1118.9,429.87,868.4
198.1,1119.4,430.09,868.75
198.2,1119.9,430.3,869.1
198.3,1120.4,430.52,869.45
198.4,1120.8,430.73,869.8
198.5,1121.3,430.95,870.15
198.6,1121.8,431.17,870.5
198.7,1122.2,431.38,870.85
198.8,1122.7,431.6,871.2
198.9,1123.2,431.81,871.55
199,1123.6,432.03,871.9
199.1,1124.1,432.24,872.25
199.2,1124.6,432.46,872.6
199.3,1125,432.67,872.94
199.4,1125.5,432.89,873.29
199.5,1126,433.1,873.64
199.6,1126.4,433.31,873.99
199.7,1126.9,433.53,874.34
199.8,1127.4,433.74,874.68
199.9,1127.8,433.96,875.03
200,1128.3,434.17,875.38
200.1,1128.8,434.38,875.73
200.2,1129.2,434.6,876.07
200.3,1129.7,434.81,876.42
200.4,1130.2,435.03,876.77
200.5,1130.6,435.24,877.11
200.6,1131.1,435.45,877.46
200.7,1131.6,435.67,877.81
200.8,1132,435.88,878.15
200.9,1132.5,436.09,878.5
201,1133,436.3,878.84
201.1,1133.4,436.52,879.19
201.2,1133.9,436.73,879.53
201.3,1134.4,436.94,879.88
201.4,1134.8,437.16,880.22
201.5,1135.3,437.37,880.57
201.6,1135.8,437.58,880.91
201.7,1136.2,437.79,881.26
201.8,1136.7,438,881.6
201.9,1137.2,438.22,881.95
202,1137.6,438.43,882.29
202.1,1138.1,438.64,882.64
202.2,1138.6,438.85,882.98
202.3,1139.1,439.06,883.32
202.4,1139.5,439.27,883.67
202.5,1140,439.49,884.01
202.6,1140.5,439.7,884.35
202.7,1140.9,439.91,884.7
202.8,1141.4,440.12,885.04
202.9,1141.9,440.33,885.38
203,1142.3,440.54,885.72
203.1,1142.8,440.75,886.07
203.2,1143.3,440.96,886.41
203.3,1143.7,441.17,886.75
203.4,1144.2,441.38,887.09
203.5,1144.7,441.59,887.44
203.6,1145.1,441.8,887.78
203.7,1145.6,442.01,888.12
203.8,1146.1,442.22,888.46
203.9,1146.5,442.43,888.8
204,1147,442.64,889.14
204.1,1147.5,442.85,889.48
204.2,1147.9,443.06,889.82
204.3,1148.4,443.27,890.16
204.4,1148.9,443.48,890.5
204.5,1149.4,443.69,890.84
204.6,1149.8,443.9,891.18
204.7,1150.3,444.11,891.52
204.8,1150.8,444.32,891.86
204.9,1151.2,444.52,892.2
205,1151.7,444.73,892.54
205.1,1152.2,444.94,892.88
205.2,1152.6,445.15,893.22
205.3,1153.1,445.36,893.56
205.4,1153.6,445.57,893.9
205.5,1154,445.77,894.24
205.6,1154.5,445.98,894.57
205.7,1155,446.19,894.91
205.8,1155.4,446.4,895.25
205.9,1155.9,446.6,895.59
206,1156.4,446.81,895.93
206.1,1156.9,447.02,896.26
206.2,1157.3,447.23,896.6
206.3,1157.8,447.43,896.94
206.4,1158.3,447.64,897.28
206.5,1158.7,447.85,897.61
206.6,1159.2,448.05,897.95
206.7,1159.7,448.26,898.29
206.8,1160.1,448.47,898.62
206.9,1160.6,448.67,898.96
207,1161.1,448.88,899.3
207.1,1161.5,449.09,899.63
207.2,1162,449.29,899.97
207.3,1162.5,449.5,900.3
207.4,1163,449.71,900.64
207.5,1163.4,449.91,900.97
207.6,1163.9,450.12,901.31
207.7,1164.4,450.32,901.64
207.8,1164.8,450.53,901.98
207.9,1165.3,450.73,902.31
208,1165.8,450.94,902.65
208.1,1166.2,451.14,902.98
208.2,1166.7,451.35,903.32
208.3,1167.2,451.55,903.65
208.4,1167.7,451.76,903.99
208.5,1168.1,451.96,904.32
208.6,1168.6,452.17,904.65
208.7,1169.1,452.37,904.99
208.8,1169.5,452.58,905.32
208.9,1170,452.78,905.65
209,1170.5,452.98,905.99
209.1,1170.9,453.19,906.32
209.2,1171.4,453.39,906.65
209.3,1171.9,453.6,906.98
209.4,1172.4,453.8,907.32
209.5,1172.8,454,907.65
209.6,1173.3,454.21,907.98
209.7,1173.8,454.41,908.31
209.8,1174.2,454.61,908.64
209.9,1174.7,454.82,908.98
210,1175.2,455.02,909.31
210.1,1175.7,455.22,909.64
210.2,1176.1,455.42,909.97
210.3,1176.6,455.63,910.3
210.4,1177.1,455.83,910.63
210.5,1177.5,456.03,910.96
210.6,1178,456.23,911.29
210.7,1178.5,456.44,911.62
210.8,1178.9,456.64,911.95
210.9,1179.4,456.84,912.28
211,1179.9,457.04,912.61
211.1,1180.4,457.24,912.94
211.2,1180.8,457.45,913.27
211.3,1181.3,457.65,913.6
211.4,1181.8,457.85,913.93
211.5,1182.2,458.05,914.26
211.6,1182.7,458.25,914.59
211.7,1183.2,458.45,914.92
211.8,1183.7,458.65,915.25
211.9,1184.1,458.85,915.57
212,1184.6,459.05,915.9
212.1,1185.1,459.26,916.23
212.2,1185.5,459.46,916.56
212.3,1186,459.66,916.89
212.4,1186.5,459.86,917.21
212.5,1187,460.06,917.54
212.6,1187.4,460.26,917.87
212.7,1187.9,460.46,918.2
212.8,1188.4,460.66,918.52
212.9,1188.9,460.86,918.85
213,1189.3,461.06,919.18
213.1,1189.8,461.25,919.5
213.2,1190.3,461.45,919.83
213.3,1190.7,461.65,920.16
213.4,1191.2,461.85,920.48
213.5,1191.7,462.05,920.81
213.6,1192.2,462.25,921.13
213.7,1192.6,462.45,921.46
213.8,1193.1,462.65,921.79
213.9,1193.6,462.85,922.11
214,1194,463.04,922.44
214.1,1194.5,463.24,922.76
214.2,1195,463.44,923.09
214.3,1195.5,463.64,923.41
214.4,1195.9,463.84,923.74
214.5,1196.4,464.04,924.06
214.6,1196.9,464.23,924.38
214.7,1197.4,464.43,924.71
214.8,1197.8,464.63,925.03
214.9,1198.3,464.83,925.36
215,1198.8,465.02,925.68
215.1,1199.2,465.22,926
215.2,1199.7,465.42,926.33
215.3,1200.2,465.61,926.65
215.4,1200.7,465.81,926.97
215.5,1201.1,466.01,927.3
215.6,1201.6,466.2,927.62
215.7,1202.1,466.4,927.94
215.8,1202.6,466.6,928.26
215.9,1203,466.79,928.59
216,1203.5,466.99,928.91
216.1,1204,467.19,929.23
216.2,1204.5,467.38,929.55
216.3,1204.9,467.58,929.87
216.4,1205.4,467.77,930.2
216.5,1205.9,467.97,930.52
216.6,1206.3,468.16,930.84
216.7,1206.8,468.36,931.16
216.8,1207.3,468.55,931.48
216.9,1207.8,468.75,931.8
217,1208.2,468.94,932.12
217.1,1208.7,469.14,932.44
217.2,1209.2,469.33,932.76
217.3,1209.7,469.53,933.08
217.4,1210.1,469.72,933.4
217.5,1210.6,469.92,933.72
217.6,1211.1,470.11,934.04
217.7,1211.6,470.31,934.36
217.8,1212,470.5,934.68
217.9,1212.5,470.69,935
218,1213,470.89,935.32
218.1,1213.5,471.08,935.64
218.2,1213.9,471.28,935.96
218.3,1214.4,471.47,936.28
218.4,1214.9,471.66,936.59
218.5,1215.4,471.86,936.91
218.6,1215.8,472.05,937.23
218.7,1216.3,472.24,937.55
218.8,1216.8,472.43,937.87
218.9,1217.3,472.63,938.18
219,1217.7,472.82,938.5
219.1,1218.2,473.01,938.82
219.2,1218.7,473.21,939.14
219.3,1219.2,473.4,939.45
219.4,1219.6,473.59,939.77
219.5,1220.1,473.78,940.09
219.6,1220.6,473.97,940.4
219.7,1221.1,474.17,940.72
219.8,1221.5,474.36,941.04
219.9,1222,474.55,941.35
220,1222.5,474.74,941.67
220.1,1223,474.93,941.98
220.2,1223.4,475.12,942.3
220.3,1223.9,475.32,942.62
220.4,1224.4,475.51,942.93
220.5,1224.9,475.7,943.25
220.6,1225.3,475.89,943.56
220.7,1225.8,476.08,943.88
220.8,1226.3,476.27,944.19
220.9,1226.8,476.46,944.51
221,1227.3,476.65,944.82
221.1,1227.7,476.84,945.14
221.2,1228.2,477.03,945.45
221.3,1228.7,477.22,945.76
221.4,1229.2,477.41,946.08
221.5,1229.6,477.6,946.39
221.6,1230.1,477.79,946.7
221.7,1230.6,477.98,947.02
221.8,1231.1,478.17,947.33
221.9,1231.5,478.36,947.64
222,1232,478.55,947.96
222.1,1232.5,478.74,948.27
222.2,1233,478.93,948.58
222.3,1233.4,479.12,948.9
222.4,1233.9,479.3,949.21
222.5,1234.4,479.49,949.52
222.6,1234.9,479.68,949.83
222.7,1235.4,479.87,950.14
222.8,1235.8,480.06,950.46
222.9,1236.3,480.25,950.77
223,1236.8,480.43,951.08
223.1,1237.3,480.62,951.39
223.2,1237.7,480.81,951.7
223.3,1238.2,481,952.01
223.4,1238.7,481.19,952.32
223.5,1239.2,481.37,952.63
223.6,1239.6,481.56,952.94
223.7,1240.1,481.75,953.25
223.8,1240.6,481.94,953.56
223.9,1241.1,482.12,953.87
224,1241.6,482.31,954.18
224.1,1242,482.5,954.49
224.2,1242.5,482.68,954.8
224.3,1243,482.87,955.11
224.4,1243.5,483.06,955.42
224.5,1243.9,483.24,955.73
224.6,1244.4,483.43,956.04
224.7,1244.9,483.61,956.35
224.8,1245.4,483.8,956.66
224.9,1245.9,483.99,956.97
225,1246.3,484.17,957.27
225.1,1246.8,484.36,957.58
225.2,1247.3,484.54,957.89
225.3,1247.8,484.73,958.2
225.4,1248.3,484.91,958.51
225.5,1248.7,485.1,958.81
225.6,1249.2,485.29,959.12
225.7,1249.7,485.47,959.43
225.8,1250.2,485.65,959.74
225.9,1250.6,485.84,960.04
226,1251.1,486.02,960.35
226.1,1251.6,486.21,960.66
226.2,1252.1,486.39,960.96
226.3,1252.6,486.58,961.27
226.4,1253,486.76,961.58
226.5,1253.5,486.95,961.88
226.6,1254,487.13,962.19
226.7,1254.5,487.31,962.49
226.8,1255,487.5,962.8
226.9,1255.4,487.68,963.1
227,1255.9,487.86,963.41
227.1,1256.4,488.05,963.71
227.2,1256.9,488.23,964.02
227.3,1257.4,488.41,964.32
227.4,1257.8,488.6,964.63
227.5,1258.3,488.78,964.93
227.6,1258.8,488.96,965.24
227.7,1259.3,489.15,965.54
227.8,1259.8,489.33,965.85
227.9,1260.2,489.51,966.15
228,1260.7,489.69,966.45
228.1,1261.2,489.88,966.76
228.2,1261.7,490.06,967.06
228.3,1262.2,490.24,967.36
228.4,1262.6,490.42,967.67
228.5,1263.1,490.6,967.97
228.6,1263.6,490.79,968.27
228.7,1264.1,490.97,968.58
228.8,1264.6,491.15,968.88
228.9,1265,491.33,969.18
229,1265.5,491.51,969.48
229.1,1266,491.69,969.79
229.2,1266.5,491.87,970.09
229.3,1267,492.05,970.39
229.4,1267.4,492.23,970.69
229.5,1267.9,492.41,970.99
229.6,1268.4,492.6,971.29
229.7,1268.9,492.78,971.59
229.8,1269.4,492.96,971.9
229.9,1269.8,493.14,972.2
230,1270.3,493.32,972.5
230.1,1270.8,493.5,972.8
230.2,1271.3,493.68,973.1
230.3,1271.8,493.86,973.4
230.4,1272.2,494.04,973.7
230.5,1272.7,494.21,974
230.6,1273.2,494.39,974.3
230.7,1273.7,494.57,974.6
230.8,1274.2,494.75,974.9
230.9,1274.7,494.93,975.2
231,1275.1,495.11,975.5
231.1,1275.6,495.29,975.79
231.2,1276.1,495.47,976.09
231.3,1276.6,495.65,976.39
231.4,1277.1,495.82,976.69
231.5,1277.5,496,976.99
231.6,1278,496.18,977.29
231.7,1278.5,496.36,977.59
231.8,1279,496.54,977.88
231.9,1279.5,496.72,978.18
232,1280,496.89,978.48
232.1,1280.4,497.07,978.78
232.2,1280.9,497.25,979.07
232.3,1281.4,497.43,979.37
232.4,1281.9,497.6,979.67
232.5,1282.4,497.78,979.97
232.6,1282.9,497.96,980.26
232.7,1283.3,498.13,980.56
232.8,1283.8,498.31,980.86
232.9,1284.3,498.49,981.15
233,1284.8,498.66,981.45
233.1,1285.3,498.84,981.74
233.2,1285.7,499.02,982.04
233.3,1286.2,499.19,982.34
233.4,1286.7,499.37,982.63
233.5,1287.2,499.55,982.93
233.6,1287.7,499.72,983.22
233.7,1288.2,499.9,983.52
233.8,1288.6,500.07,983.81
233.9,1289.1,500.25,984.11
234,1289.6,500.42,984.4
234.1,1290.1,500.6,984.7
234.2,1290.6,500.77,984.99
234.3,1291.1,500.95,985.28
234.4,1291.5,501.12,985.58
234.5,1292,501.3,985.87
234.6,1292.5,501.47,986.17
234.7,1293,501.65,986.46
234.8,1293.5,501.82,986.75
234.9,1294,502,987.05
235,1294.4,502.17,987.34
235.1,1294.9,502.35,987.63
235.2,1295.4,502.52,987.93
235.3,1295.9,502.69,988.22
235.4,1296.4,502.87,988.51
235.5,1296.9,503.04,988.8
235.6,1297.4,503.22,989.1
235.7,1297.8,503.39,989.39
235.8,1298.3,503.56,989.68
235.9,1298.8,503.74,989.97
236,1299.3,503.91,990.26
236.1,1299.8,504.08,990.55
236.2,1300.3,504.25,990.85
236.3,1300.7,504.43,991.14
236.4,1301.2,504.6,991.43
236.5,1301.7,504.77,991.72
236.6,1302.2,504.95,992.01
236.7,1302.7,505.12,992.3
236.8,1303.2,505.29,992.59
236.9,1303.7,505.46,992.88
237,1304.1,505.63,993.17
237.1,1304.6,505.81,993.46
237.2,1305.1,505.98,993.75
237.3,1305.6,506.15,994.04
237.4,1306.1,506.32,994.33
237.5,1306.6,506.49,994.62
237.6,1307,506.66,994.91
237.7,1307.5,506.84,995.2
237.8,1308,507.01,995.49
237.9,1308.5,507.18,995.78
238,1309,507.35,996.06
238.1,1309.5,507.52,996.35
238.2,1310,507.69,996.64
238.3,1310.4,507.86,996.93
238.4,1310.9,508.03,997.22
238.5,1311.4,508.2,997.51
238.6,1311.9,508.37,997.79
238.7,1312.4,508.54,998.08
238.8,1312.9,508.71,998.37
238.9,1313.4,508.88,998.66
239,1313.8,509.05,998.94
239.1,1314.3,509.22,999.23
239.2,1314.8,509.39,999.52
239.3,1315.3,509.56,999.8
239.4,1315.8,509.73,1000.1
239.5,1316.3,509.9,1000.4
239.6,1316.8,510.07,1000.7
239.7,1317.3,510.24,1000.9
239.8,1317.7,510.4,1001.2
239.9,1318.2,510.57,1001.5
240,1318.7,510.74,1001.8
