0,0.0066667,0.0046592,0.0069989
0.1,0.013339,0.0093185,0.014002
0.2,0.020023,0.013978,0.021014
0.3,0.026726,0.018637,0.02804
0.4,0.033454,0.023297,0.035083
0.5,0.040212,0.027958,0.042149
0.6,0.047006,0.032618,0.049243
0.7,0.053844,0.03728,0.056368
0.8,0.060731,0.041941,0.063529
0.9,0.067674,0.046603,0.070731
1,0.074678,0.051266,0.077978
1.1,0.08175,0.055929,0.085276
1.2,0.088896,0.060592,0.092628
1.3,0.096122,0.065256,0.10004
1.4,0.10343,0.069921,0.10751
1.5,0.11084,0.074586,0.11506
1.6,0.11834,0.079253,0.12267
1.7,0.12595,0.08392,0.13036
1.8,0.13367,0.088587,0.13813
1.9,0.1415,0.093256,0.14599
2,0.14945,0.097925,0.15394
2.1,0.15754,0.1026,0.16198
2.2,0.16575,0.10727,0.17012
2.3,0.17411,0.11194,0.17836
2.4,0.18261,0.11661,0.18671
2.5,0.19126,0.12129,0.19517
2.6,0.20007,0.12596,0.20375
2.7,0.20904,0.13064,0.21244
2.8,0.21818,0.13531,0.22126
2.9,0.22749,0.13999,0.2302
3,0.23697,0.14467,0.23928
3.1,0.24665,0.14935,0.24849
3.2,0.25651,0.15403,0.25784
3.3,0.26656,0.15872,0.26734
3.4,0.27682,0.1634,0.27698
3.5,0.28728,0.16809,0.28677
3.6,0.29795,0.17277,0.29672
3.7,0.30884,0.17746,0.30682
3.8,0.31995,0.18215,0.31709
3.9,0.33128,0.18684,0.32753
4,0.34285,0.19153,0.33813
4.1,0.35465,0.19623,0.34891
4.2,0.36669,0.20092,0.35987
4.3,0.37897,0.20562,0.371
4.4,0.39151,0.21032,0.38232
4.5,0.40431,0.21502,0.39383
4.6,0.41736,0.21972,0.40554
4.7,0.43068,0.22442,0.41744
4.8,0.44427,0.22913,0.42953
4.9,0.45814,0.23383,0.44183
5,0.47228,0.23854,0.45434
5.1,0.48671,0.24325,0.46705
5.2,0.50143,0.24796,0.47998
5.3,0.51645,0.25267,0.49312
5.4,0.53176,0.25739,0.50649
5.5,0.54737,0.2621,0.52007
5.6,0.56329,0.26682,0.53389
5.7,0.57953,0.27154,0.54793
5.8,0.59608,0.27626,0.56221
5.9,0.61295,0.28099,0.57672
6,0.63014,0.28571,0.59147
6.1,0.64767,0.29044,0.60647
6.2,0.66552,0.29517,0.62171
6.3,0.68372,0.2999,0.63719
6.4,0.70226,0.30464,0.65294
6.5,0.72115,0.30937,0.66893
6.6,0.74038,0.31411,0.68519
6.7,0.75997,0.31885,0.7017
6.8,0.77992,0.32359,0.71849
6.9,0.80024,0.32834,0.73553
7,0.82092,0.33309,0.75285
7.1,0.84197,0.33784,0.77045
7.2,0.8634,0.34259,0.78831
7.3,0.88521,0.34734,0.80646
7.4,0.9074,0.3521,0.82489
7.5,0.92998,0.35686,0.84361
7.6,0.95295,0.36162,0.86261
7.7,0.97631,0.36638,0.88191
7.8,1.0001,0.37115,0.9015
7.9,1.0242,0.37591,0.92138
8,1.0488,0.38069,0.94157
8.1,1.0738,0.38546,0.96206
8.2,1.0992,0.39023,0.98285
8.3,1.125,0.39501,1.004
8.4,1.1512,0.39979,1.0254
8.5,1.1779,0.40457,1.0471
8.6,1.205,0.40936,1.0691
8.7,1.2325,0.41415,1.0915
8.8,1.2605,0.41894,1.1142
8.9,1.2889,0.42373,1.1372
9,1.3177,0.42853,1.1605
9.1,1.347,0.43333,1.1842
9.2,1.3767,0.43813,1.2081
9.3,1.4069,0.44293,1.2325
9.4,1.4376,0.44774,1.2571
9.5,1.4687,0.45255,1.2821
9.6,1.5003,0.45736,1.3075
9.7,1.5323,0.46217,1.3332
9.8,1.5648,0.46699,1.3592
9.9,1.5978,0.47181,1.3856
10,1.6312,0.47664,1.4123
10.1,1.6652,0.48146,1.4394
10.2,1.6996,0.48629,1.4668
10.3,1.7345,0.49113,1.4946
10.4,1.7699,0.49596,1.5228
10.5,1.8058,0.5008,1.5513
10.6,1.8422,0.50564,1.5802
10.7,1.8791,0.51049,1.6095
10.8,1.9165,0.51533,1.6391
10.9,1.9544,0.52018,1.6691
11,1.9928,0.52504,1.6995
11.1,2.0317,0.52989,1.7302
11.2,2.0711,0.53476,1.7613
11.3,2.1111,0.53962,1.7928
11.4,2.1516,0.54448,1.8247
11.5,2.1926,0.54935,1.857
11.6,2.2341,0.55423,1.8897
11.7,2.2761,0.5591,1.9227
11.8,2.3187,0.56398,1.9562
11.9,2.3618,0.56886,1.99
12,2.4055,0.57375,2.0243
12.1,2.4497,0.57864,2.0589
12.2,2.4944,0.58353,2.094
12.3,2.5397,0.58843,2.1294
12.4,2.5856,0.59333,2.1653
12.5,2.632,0.59823,2.2015
12.6,2.6789,0.60313,2.2382
12.7,2.7264,0.60804,2.2752
12.8,2.7745,0.61295,2.3127
12.9,2.8231,0.61787,2.3506
13,2.8723,0.62279,2.389
13.1,2.922,0.62771,2.4277
13.2,2.9724,0.63264,2.4668
13.3,3.0233,0.63756,2.5064
13.4,3.0748,0.6425,2.5464
13.5,3.1268,0.64743,2.5868
13.6,3.1795,0.65237,2.6277
13.7,3.2327,0.65732,2.669
13.8,3.2865,0.66226,2.7107
13.9,3.3409,0.66721,2.7529
14,3.3959,0.67217,2.7954
14.1,3.4515,0.67713,2.8385
14.2,3.5076,0.68209,2.8819
14.3,3.5644,0.68705,2.9258
14.4,3.6218,0.69202,2.9702
14.5,3.6798,0.69699,3.015
14.6,3.7384,0.70197,3.0602
14.7,3.7976,0.70695,3.1059
14.8,3.8574,0.71193,3.152
14.9,3.9178,0.71692,3.1986
15,3.9788,0.72191,3.2456
15.1,4.0405,0.72691,3.2931
15.2,4.1027,0.73191,3.3411
15.3,4.1656,0.73691,3.3895
15.4,4.2292,0.74192,3.4384
15.5,4.2933,0.74693,3.4877
15.6,4.3581,0.75194,3.5375
15.7,4.4235,0.75696,3.5877
15.8,4.4895,0.76198,3.6384
15.9,4.5562,0.767,3.6896
16,4.6235,0.77203,3.7413
16.1,4.6914,0.77707,3.7934
16.2,4.76,0.7821,3.846
16.3,4.8292,0.78714,3.8991
16.4,4.8991,0.79219,3.9526
16.5,4.9696,0.79724,4.0066
16.6,5.0408,0.80229,4.0612
16.7,5.1126,0.80735,4.1161
16.8,5.1851,0.81241,4.1716
16.9,5.2582,0.81747,4.2275
17,5.332,0.82254,4.284
17.1,5.4065,0.82761,4.3409
17.2,5.4816,0.83269,4.3983
17.3,5.5574,0.83777,4.4562
17.4,5.6338,0.84286,4.5146
17.5,5.7109,0.84795,4.5734
17.6,5.7887,0.85304,4.6328
17.7,5.8672,0.85814,4.6927
17.8,5.9463,0.86324,4.753
17.9,6.0261,0.86834,4.8139
18,6.1065,0.87345,4.8752
18.1,6.1877,0.87857,4.9371
18.2,6.2695,0.88368,4.9994
18.3,6.352,0.88881,5.0623
18.4,6.4352,0.89393,5.1257
18.5,6.5191,0.89906,5.1895
18.6,6.6037,0.9042,5.2539
18.7,6.689,0.90934,5.3188
18.8,6.7749,0.91448,5.3842
18.9,6.8616,0.91963,5.4501
19,6.9489,0.92478,5.5165
19.1,7.0369,0.92993,5.5834
19.2,7.1257,0.93509,5.6508
19.3,7.2151,0.94026,5.7188
19.4,7.3053,0.94543,5.7872
19.5,7.3961,0.9506,5.8562
19.6,7.4876,0.95578,5.9257
19.7,7.5799,0.96096,5.9957
19.8,7.6728,0.96615,6.0663
19.9,7.7665,0.97134,6.1374
20,7.8609,0.97653,6.209
20.1,7.956,0.98173,6.2811
20.2,8.0518,0.98694,6.3537
20.3,8.1483,0.99214,6.4269
20.4,8.2456,0.99736,6.5006
20.5,8.3435,1.0026,6.5748
20.6,8.4422,1.0078,6.6496
20.7,8.5416,1.013,6.7249
20.8,8.6417,1.0183,6.8007
20.9,8.7426,1.0235,6.877
21,8.8442,1.0287,6.9539
21.1,8.9465,1.034,7.0314
21.2,9.0495,1.0392,7.1093
21.3,9.1533,1.0445,7.1878
21.4,9.2578,1.0497,7.2669
21.5,9.363,1.055,7.3465
21.6,9.469,1.0603,7.4266
21.7,9.5757,1.0655,7.5073
21.8,9.6831,1.0708,7.5885
21.9,9.7913,1.0761,7.6702
22,9.9002,1.0814,7.7525
22.1,10.01,1.0867,7.8354
22.2,10.12,1.092,7.9188
22.3,10.231,1.0972,8.0027
22.4,10.343,1.1026,8.0872
22.5,10.456,1.1079,8.1723
22.6,10.569,1.1132,8.2579
22.7,10.684,1.1185,8.344
22.8,10.798,1.1238,8.4307
22.9,10.914,1.1291,8.518
23,11.03,1.1345,8.6058
23.1,11.148,1.1398,8.6941
23.2,11.266,1.1451,8.7831
23.3,11.384,1.1505,8.8726
23.4,11.504,1.1558,8.9626
23.5,11.624,1.1612,9.0532
23.6,11.745,1.1666,9.1444
23.7,11.867,1.1719,9.2361
23.8,11.989,1.1773,9.3284
23.9,12.112,1.1827,9.4212
24,12.236,1.188,9.5147
24.1,12.361,1.1934,9.6086
24.2,12.487,1.1988,9.7032
24.3,12.613,1.2042,9.7983
24.4,12.74,1.2096,9.894
24.5,12.868,1.215,9.9903
24.6,12.997,1.2204,10.087
24.7,13.126,1.2258,10.184
24.8,13.256,1.2312,10.282
24.9,13.387,1.2366,10.381
25,13.519,1.2421,10.48
25.1,13.651,1.2475,10.58
25.2,13.785,1.2529,10.68
25.3,13.919,1.2584,10.781
25.4,14.054,1.2638,10.882
25.5,14.189,1.2693,10.984
25.6,14.326,1.2747,11.087
25.7,14.463,1.2802,11.19
25.8,14.601,1.2856,11.294
25.9,14.74,1.2911,11.398
26,14.88,1.2966,11.503
26.1,15.02,1.3021,11.608
26.2,15.161,1.3075,11.714
26.3,15.303,1.313,11.821
26.4,15.446,1.3185,11.928
26.5,15.589,1.324,12.036
26.6,15.734,1.3295,12.144
26.7,15.879,1.335,12.253
26.8,16.025,1.3405,12.363
26.9,16.172,1.3461,12.473
27,16.319,1.3516,12.584
27.1,16.468,1.3571,12.695
27.2,16.617,1.3626,12.807
27.3,16.767,1.3682,12.92
27.4,16.918,1.3737,13.033
27.5,17.07,1.3793,13.146
27.6,17.222,1.3848,13.261
27.7,17.375,1.3904,13.376
27.8,17.529,1.3959,13.491
27.9,17.684,1.4015,13.607
28,17.84,1.4071,13.724
28.1,17.996,1.4126,13.841
28.2,18.154,1.4182,13.959
28.3,18.312,1.4238,14.078
28.4,18.471,1.4294,14.197
28.5,18.631,1.435,14.317
28.6,18.792,1.4406,14.437
28.7,18.953,1.4462,14.558
28.8,19.115,1.4518,14.679
28.9,19.278,1.4574,14.802
29,19.442,1.4631,14.925
29.1,19.607,1.4687,15.048
29.2,19.773,1.4743,15.172
29.3,19.939,1.4799,15.297
29.4,20.107,1.4856,15.422
29.5,20.275,1.4912,15.548
29.6,20.444,1.4969,15.675
29.7,20.614,1.5025,15.802
29.8,20.784,1.5082,15.93
29.9,20.956,1.5139,16.058
30,21.128,1.5196,16.187
30.1,21.302,1.5253,16.317
30.2,21.476,1.531,16.447
30.3,21.651,1.5368,16.578
30.4,21.826,1.5425,16.71
30.5,22.003,1.5483,16.842
30.6,22.18,1.5542,16.975
30.7,22.359,1.5601,17.109
30.8,22.538,1.566,17.243
30.9,22.718,1.572,17.378
31,22.899,1.578,17.513
31.1,23.081,1.5842,17.649
31.2,23.263,1.5903,17.786
31.3,23.447,1.5966,17.924
31.4,23.632,1.603,18.062
31.5,23.817,1.6094,18.2
31.6,24.003,1.616,18.34
31.7,24.19,1.6226,18.48
31.8,24.378,1.6294,18.621
31.9,24.567,1.6363,18.762
32,24.757,1.6433,18.904
32.1,24.948,1.6504,19.047
32.2,25.14,1.6577,19.191
32.3,25.332,1.6651,19.335
32.4,25.526,1.6726,19.48
32.5,25.72,1.6803,19.625
32.6,25.916,1.6882,19.771
32.7,26.112,1.6962,19.918
32.8,26.309,1.7044,20.066
32.9,26.508,1.7127,20.214
33,26.707,1.7213,20.363
33.1,26.907,1.73,20.513
33.2,27.108,1.7389,20.663
33.3,27.31,1.748,20.814
33.4,27.513,1.7573,20.966
33.5,27.717,1.7667,21.118
33.6,27.922,1.7764,21.272
33.7,28.128,1.7864,21.425
33.8,28.335,1.7965,21.58
33.9,28.543,1.8068,21.735
34,28.752,1.8174,21.891
34.1,28.962,1.8282,22.048
34.2,29.173,1.8393,22.206
34.3,29.385,1.8505,22.364
34.4,29.598,1.8621,22.523
34.5,29.812,1.8739,22.682
34.6,30.027,1.8859,22.843
34.7,30.244,1.8982,23.004
34.8,30.461,1.9108,23.166
34.9,30.679,1.9236,23.329
35,30.898,1.9367,23.492
35.1,31.118,1.9501,23.656
35.2,31.34,1.9637,23.821
35.3,31.562,1.9777,23.987
35.4,31.786,1.9919,24.153
35.5,32.01,2.0065,24.32
35.6,32.236,2.0213,24.488
35.7,32.462,2.0364,24.657
35.8,32.69,2.0519,24.826
35.9,32.919,2.0676,24.997
36,33.149,2.0837,25.168
36.1,33.38,2.1001,25.34
36.2,33.612,2.1168,25.512
36.3,33.845,2.1339,25.686
36.4,34.079,2.1513,25.86
36.5,34.314,2.169,26.035
36.6,34.551,2.1871,26.211
36.7,34.788,2.2055,26.387
36.8,35.027,2.2243,26.565
36.9,35.267,2.2434,26.743
37,35.508,2.2629,26.922
37.1,35.75,2.2827,27.102
37.2,35.993,2.3029,27.282
37.3,36.237,2.3235,27.464
37.4,36.482,2.3444,27.646
37.5,36.729,2.3658,27.829
37.6,36.977,2.3875,28.013
37.7,37.225,2.4095,28.198
37.8,37.475,2.432,28.383
37.9,37.726,2.4549,28.569
38,37.979,2.4782,28.756
38.1,38.232,2.5018,28.944
38.2,38.486,2.5259,29.133
38.3,38.742,2.5504,29.323
38.4,38.999,2.5753,29.513
38.5,39.257,2.6006,29.705
38.6,39.516,2.6263,29.897
38.7,39.776,2.6524,30.09
38.8,40.038,2.679,30.283
38.9,40.3,2.706,30.478
39,40.564,2.7334,30.674
39.1,40.829,2.7613,30.87
39.2,41.095,2.7895,31.067
39.3,41.363,2.8183,31.265
39.4,41.631,2.8474,31.464
39.5,41.901,2.8771,31.664
39.6,42.172,2.9071,31.865
39.7,42.444,2.9377,32.066
39.8,42.717,2.9687,32.268
39.9,42.992,3.0001,32.472
40,43.267,3.032,32.676
40.1,43.544,3.0644,32.881
40.2,43.822,3.0972,33.087
40.3,44.102,3.1305,33.294
40.4,44.382,3.1643,33.501
40.5,44.664,3.1986,33.71
40.6,44.947,3.2334,33.919
40.7,45.231,3.2686,34.13
40.8,45.516,3.3044,34.341
40.9,45.803,3.3406,34.553
41,46.09,3.3773,34.766
41.1,46.379,3.4145,34.98
41.2,46.67,3.4522,35.195
41.3,46.961,3.4905,35.41
41.4,47.254,3.5292,35.627
41.5,47.548,3.5684,35.844
41.6,47.843,3.6082,36.063
41.7,48.139,3.6484,36.282
41.8,48.437,3.6892,36.502
41.9,48.736,3.7305,36.723
42,49.036,3.7723,36.945
42.1,49.337,3.8146,37.168
42.2,49.64,3.8575,37.392
42.3,49.944,3.9009,37.617
42.4,50.249,3.9449,37.843
42.5,50.555,3.9893,38.069
42.6,50.863,4.0343,38.297
42.7,51.172,4.0799,38.525
42.8,51.482,4.126,38.755
42.9,51.793,4.1726,38.985
43,52.106,4.2198,39.216
43.1,52.42,4.2675,39.448
43.2,52.735,4.3158,39.681
43.3,53.051,4.3646,39.915
43.4,53.369,4.414,40.15
43.5,53.688,4.464,40.386
43.6,54.009,4.5145,40.623
43.7,54.33,4.5656,40.861
43.8,54.653,4.6173,41.099
43.9,54.977,4.6695,41.339
44,55.303,4.7223,41.58
44.1,55.629,4.7757,41.821
44.2,55.957,4.8296,42.064
44.3,56.287,4.8842,42.307
44.4,56.617,4.9393,42.551
44.5,56.949,4.995,42.797
44.6,57.282,5.0513,43.043
44.7,57.617,5.1082,43.29
44.8,57.953,5.1656,43.538
44.9,58.29,5.2237,43.788
45,58.628,5.2824,44.038
45.1,58.968,5.3416,44.289
45.2,59.309,5.4015,44.541
45.3,59.651,5.462,44.794
45.4,59.995,5.523,45.048
45.5,60.34,5.5847,45.302
45.6,60.686,5.647,45.558
45.7,61.034,5.7099,45.815
45.8,61.383,5.7734,46.073
45.9,61.733,5.8375,46.332
46,62.085,5.9022,46.591
46.1,62.438,5.9676,46.852
46.2,62.792,6.0335,47.114
46.3,63.147,6.1001,47.376
46.4,63.504,6.1673,47.64
46.5,63.862,6.2352,47.905
46.6,64.222,6.3036,48.17
46.7,64.583,6.3727,48.437
46.8,64.945,6.4425,48.704
46.9,65.309,6.5128,48.973
47,65.673,6.5838,49.242
47.1,66.04,6.6555,49.513
47.2,66.407,6.7278,49.784
47.3,66.776,6.8007,50.057
47.4,67.146,6.8743,50.33
47.5,67.518,6.9485,50.604
47.6,67.891,7.0234,50.88
47.7,68.265,7.0989,51.156
47.8,68.641,7.175,51.434
47.9,69.018,7.2518,51.712
48,69.396,7.3293,51.991
48.1,69.776,7.4074,52.272
48.2,70.157,7.4862,52.553
48.3,70.54,7.5657,52.835
48.4,70.923,7.6458,53.118
48.5,71.309,7.7266,53.403
48.6,71.695,7.808,53.688
48.7,72.083,7.8901,53.974
48.8,72.472,7.9729,54.262
48.9,72.863,8.0563,54.55
49,73.255,8.1404,54.839
49.1,73.648,8.2252,55.129
49.2,74.043,8.3107,55.421
49.3,74.439,8.3968,55.713
49.4,74.836,8.4836,56.006
49.5,75.235,8.5711,56.301
49.6,75.635,8.6593,56.596
49.7,76.037,8.7481,56.892
49.8,76.44,8.8377,57.19
49.9,76.844,8.9279,57.488
50,77.25,9.0188,57.787
50.1,77.657,9.1104,58.088
50.2,78.066,9.2027,58.389
50.3,78.476,9.2957,58.691
50.4,78.887,9.3893,58.995
50.5,79.3,9.4837,59.299
50.6,79.714,9.5788,59.604
50.7,80.129,9.6745,59.911
50.8,80.546,9.771,60.218
50.9,80.964,9.8682,60.527
51,81.384,9.9661,60.836
51.1,81.805,10.065,61.147
51.2,82.227,10.164,61.458
51.3,82.651,10.264,61.771
51.4,83.076,10.365,62.084
51.5,83.503,10.466,62.399
51.6,83.931,10.568,62.714
51.7,84.36,10.671,63.031
51.8,84.791,10.774,63.349
51.9,85.223,10.879,63.667
52,85.657,10.984,63.987
52.1,86.092,11.089,64.308
52.2,86.529,11.196,64.629
52.3,86.966,11.303,64.952
52.4,87.406,11.411,65.276
52.5,87.846,11.519,65.601
52.6,88.288,11.629,65.926
52.7,88.732,11.739,66.253
52.8,89.177,11.849,66.581
52.9,89.623,11.961,66.91
53,90.071,12.073,67.24
53.1,90.52,12.186,67.571
53.2,90.97,12.3,67.903
53.3,91.422,12.414,68.236
53.4,91.876,12.529,68.57
53.5,92.331,12.645,68.905
53.6,92.787,12.762,69.241
53.7,93.245,12.879,69.579
53.8,93.704,12.997,69.917
53.9,94.164,13.116,70.256
54,94.626,13.235,70.596
54.1,95.09,13.356,70.938
54.2,95.554,13.477,71.28
54.3,96.021,13.598,71.623
54.4,96.488,13.721,71.968
54.5,96.957,13.844,72.313
54.6,97.428,13.968,72.66
54.7,97.9,14.093,73.007
54.8,98.373,14.219,73.356
54.9,98.848,14.345,73.706
55,99.324,14.472,74.056
55.1,99.802,14.6,74.408
55.2,100.28,14.728,74.761
55.3,100.76,14.858,75.115
55.4,101.24,14.988,75.47
55.5,101.73,15.118,75.826
55.6,102.21,15.25,76.183
55.7,102.7,15.382,76.541
55.8,103.19,15.515,76.9
55.9,103.67,15.649,77.26
56,104.17,15.784,77.621
56.1,104.66,15.919,77.983
56.2,105.15,16.055,78.346
56.3,105.65,16.192,78.711
56.4,106.14,16.33,79.076
56.5,106.64,16.468,79.442
56.6,107.14,16.608,79.81
56.7,107.64,16.748,80.178
56.8,108.14,16.888,80.548
56.9,108.65,17.03,80.919
57,109.15,17.172,81.29
57.1,109.66,17.315,81.663
57.2,110.17,17.459,82.037
57.3,110.68,17.604,82.412
57.4,111.19,17.749,82.788
57.5,111.7,17.895,83.165
57.6,112.21,18.042,83.543
57.7,112.73,18.19,83.922
57.8,113.24,18.338,84.302
57.9,113.76,18.488,84.683
58,114.28,18.638,85.065
58.1,114.8,18.788,85.449
58.2,115.33,18.94,85.833
58.3,115.85,19.092,86.219
58.4,116.38,19.245,86.605
58.5,116.9,19.399,86.993
58.6,117.43,19.554,87.381
58.7,117.96,19.709,87.771
58.8,118.49,19.865,88.162
58.9,119.02,20.022,88.554
59,119.56,20.18,88.947
59.1,120.09,20.338,89.34
59.2,120.63,20.497,89.736
59.3,121.17,20.657,90.132
59.4,121.71,20.818,90.529
59.5,122.25,20.979,90.927
59.6,122.79,21.141,91.326
59.7,123.34,21.304,91.726
59.8,123.88,21.468,92.127
59.9,124.43,21.632,92.53
60,124.98,21.798,92.933
60.1,125.53,21.964,93.337
60.2,126.08,22.13,93.742
60.3,126.63,22.298,94.149
60.4,127.18,22.466,94.556
60.5,127.74,22.635,94.964
60.6,128.3,22.805,95.374
60.7,128.85,22.975,95.784
60.8,129.41,23.146,96.195
60.9,129.97,23.318,96.607
61,130.54,23.491,97.02
61.1,131.1,23.664,97.435
61.2,131.66,23.838,97.85
61.3,132.23,24.013,98.266
61.4,132.8,24.189,98.683
61.5,133.37,24.365,99.101
61.6,133.93,24.542,99.519
61.7,134.51,24.719,99.939
61.8,135.08,24.898,100.36
61.9,135.65,25.077,100.78
62,136.23,25.257,101.2
62.1,136.8,25.437,101.63
62.2,137.38,25.618,102.05
62.3,137.96,25.8,102.48
62.4,138.54,25.982,102.9
62.5,139.12,26.165,103.33
62.6,139.7,26.349,103.76
62.7,140.28,26.533,104.19
62.8,140.87,26.718,104.62
62.9,141.45,26.904,105.05
63,142.04,27.09,105.48
63.1,142.63,27.277,105.91
63.2,143.21,27.464,106.34
63.3,143.8,27.653,106.77
63.4,144.39,27.841,107.21
63.5,144.99,28.031,107.64
63.6,145.58,28.221,108.08
63.7,146.17,28.411,108.52
63.8,146.77,28.602,108.95
63.9,147.36,28.794,109.39
64,147.96,28.986,109.83
64.1,148.56,29.179,110.27
64.2,149.16,29.372,110.71
64.3,149.75,29.566,111.15
64.4,150.35,29.761,111.59
64.5,150.96,29.956,112.03
64.6,151.56,30.152,112.48
64.7,152.16,30.348,112.92
64.8,152.77,30.545,113.37
64.9,153.37,30.742,113.81
65,153.98,30.94,114.26
65.1,154.58,31.138,114.7
65.2,155.19,31.337,115.15
65.3,155.8,31.537,115.6
65.4,156.41,31.737,116.04
65.5,157.02,31.937,116.49
65.6,157.63,32.138,116.94
65.7,158.24,32.339,117.39
65.8,158.85,32.541,117.84
65.9,159.46,32.744,118.29
66,160.08,32.946,118.74
66.1,160.69,33.15,119.2
66.2,161.31,33.353,119.65
66.3,161.92,33.558,120.1
66.4,162.54,33.762,120.56
66.5,163.16,33.967,121.01
66.6,163.77,34.173,121.46
66.7,164.39,34.379,121.92
66.8,165.01,34.585,122.38
66.9,165.63,34.792,122.83
67,166.25,34.999,123.29
67.1,166.87,35.207,123.75
67.2,167.49,35.415,124.2
67.3,168.11,35.624,124.66
67.4,168.74,35.833,125.12
67.5,169.36,36.042,125.58
67.6,169.98,36.252,126.04
67.7,170.61,36.462,126.5
67.8,171.23,36.673,126.96
67.9,171.86,36.884,127.42
68,172.48,37.095,127.88
68.1,173.11,37.307,128.34
68.2,173.74,37.519,128.8
68.3,174.36,37.731,129.26
68.4,174.99,37.944,129.73
68.5,175.62,38.157,130.19
68.6,176.25,38.371,130.65
68.7,176.88,38.585,131.12
68.8,177.51,38.799,131.58
68.9,178.14,39.013,132.05
69,178.77,39.228,132.51
69.1,179.4,39.444,132.98
69.2,180.03,39.659,133.44
69.3,180.66,39.875,133.91
69.4,181.3,40.091,134.37
69.5,181.93,40.308,134.84
69.6,182.56,40.525,135.31
69.7,183.2,40.742,135.77
69.8,183.83,40.959,136.24
69.9,184.46,41.177,136.71
70,185.1,41.395,137.18
70.1,185.73,41.614,137.65
70.2,186.37,41.833,138.11
70.3,187,42.052,138.58
70.4,187.64,42.271,139.05
70.5,188.28,42.49,139.52
70.6,188.91,42.71,139.99
70.7,189.55,42.93,140.46
70.8,190.19,43.151,140.93
70.9,190.83,43.372,141.4
71,191.46,43.593,141.87
71.1,192.1,43.814,142.35
71.2,192.74,44.035,142.82
71.3,193.38,44.257,143.29
71.4,194.02,44.479,143.76
71.5,194.66,44.702,144.23
71.6,195.3,44.924,144.7
71.7,195.94,45.147,145.18
71.8,196.58,45.37,145.65
71.9,197.22,45.593,146.12
72,197.86,45.817,146.6
72.1,198.5,46.041,147.07
72.2,199.14,46.265,147.54
72.3,199.78,46.489,148.02
72.4,200.42,46.713,148.49
72.5,201.06,46.938,148.97
72.6,201.71,47.163,149.44
72.7,202.35,47.388,149.91
72.8,202.99,47.614,150.39
72.9,203.63,47.839,150.86
73,204.28,48.065,151.34
73.1,204.92,48.291,151.81
73.2,205.56,48.517,152.29
73.3,206.21,48.744,152.77
73.4,206.85,48.971,153.24
73.5,207.49,49.197,153.72
73.6,208.14,49.425,154.19
73.7,208.78,49.652,154.67
73.8,209.42,49.879,155.15
73.9,210.07,50.107,155.62
74,210.71,50.335,156.1
74.1,211.36,50.563,156.58
74.2,212,50.791,157.05
74.3,212.65,51.019,157.53
74.4,213.29,51.248,158.01
74.5,213.94,51.477,158.48
74.6,214.58,51.706,158.96
74.7,215.23,51.935,159.44
74.8,215.87,52.164,159.92
74.9,216.52,52.393,160.39
75,217.16,52.623,160.87
75.1,217.81,52.853,161.35
75.2,218.45,53.083,161.83
75.3,219.1,53.313,162.31
75.4,219.74,53.543,162.78
75.5,220.39,53.774,163.26
75.6,221.03,54.004,163.74
75.7,221.68,54.235,164.22
75.8,222.32,54.466,164.7
75.9,222.97,54.697,165.17
76,223.61,54.928,165.65
76.1,224.26,55.159,166.13
76.2,224.91,55.39,166.61
76.3,225.55,55.622,167.09
76.4,226.2,55.853,167.57
76.5,226.84,56.085,168.05
76.6,227.49,56.317,168.53
76.7,228.13,56.549,169
76.8,228.78,56.781,169.48
76.9,229.43,57.014,169.96
77,230.07,57.246,170.44
77.1,230.72,57.479,170.92
77.2,231.36,57.711,171.4
77.3,232.01,57.944,171.88
77.4,232.65,58.177,172.36
77.5,233.3,58.41,172.84
77.6,233.94,58.643,173.32
77.7,234.59,58.876,173.79
77.8,235.23,59.109,174.27
77.9,235.88,59.343,174.75
78,236.52,59.576,175.23
78.1,237.17,59.81,175.71
78.2,237.81,60.044,176.19
78.3,238.46,60.278,176.67
78.4,239.1,60.511,177.15
78.5,239.75,60.746,177.63
78.6,240.39,60.98,178.11
78.7,241.04,61.214,178.59
78.8,241.68,61.448,179.07
78.9,242.33,61.682,179.54
79,242.97,61.917,180.02
79.1,243.61,62.151,180.5
79.2,244.26,62.386,180.98
79.3,244.9,62.621,181.46
79.4,245.55,62.856,181.94
79.5,246.19,63.091,182.42
79.6,246.83,63.326,182.9
79.7,247.48,63.561,183.38
79.8,248.12,63.796,183.85
79.9,248.76,64.031,184.33
80,249.41,64.266,184.81
80.1,250.05,64.501,185.29
80.2,250.69,64.737,185.77
80.3,251.33,64.972,186.25
80.4,251.98,65.208,186.73
80.5,252.62,65.443,187.2
80.6,253.26,65.679,187.68
80.7,253.9,65.915,188.16
80.8,254.54,66.15,188.64
80.9,255.18,66.386,189.12
81,255.83,66.622,189.59
81.1,256.47,66.858,190.07
81.2,257.11,67.094,190.55
81.3,257.75,67.33,191.03
81.4,258.39,67.566,191.51
81.5,259.03,67.802,191.98
81.6,259.67,68.038,192.46
81.7,260.31,68.274,192.94
81.8,260.95,68.51,193.41
81.9,261.59,68.747,193.89
82,262.23,68.983,194.37
82.1,262.86,69.219,194.85
82.2,263.5,69.455,195.32
82.3,264.14,69.692,195.8
82.4,264.78,69.928,196.28
82.5,265.42,70.165,196.75
82.6,266.06,70.401,197.23
82.7,266.69,70.638,197.71
82.8,267.33,70.874,198.18
82.9,267.97,71.111,198.66
83,268.6,71.347,199.13
83.1,269.24,71.584,199.61
83.2,269.88,71.821,200.09
83.3,270.51,72.057,200.56
83.4,271.15,72.294,201.04
83.5,271.78,72.531,201.51
83.6,272.42,72.767,201.99
83.7,273.05,73.004,202.46
83.8,273.69,73.241,202.94
83.9,274.32,73.478,203.41
84,274.96,73.715,203.89
84.1,275.59,73.951,204.36
84.2,276.23,74.188,204.84
84.3,276.86,74.425,205.31
84.4,277.49,74.662,205.78
84.5,278.12,74.899,206.26
84.6,278.76,75.136,206.73
84.7,279.39,75.373,207.21
84.8,280.02,75.609,207.68
84.9,280.65,75.846,208.15
85,281.28,76.083,208.63
85.1,281.91,76.32,209.1
85.2,282.54,76.557,209.57
85.3,283.18,76.794,210.04
85.4,283.81,77.031,210.52
85.5,284.43,77.268,210.99
85.6,285.06,77.504,211.46
85.7,285.69,77.741,211.93
85.8,286.32,77.978,212.41
85.9,286.95,78.215,212.88
86,287.58,78.452,213.35
86.1,288.21,78.689,213.82
86.2,288.83,78.925,214.29
86.3,289.46,79.162,214.76
86.4,290.09,79.399,215.23
86.5,290.71,79.636,215.7
86.6,291.34,79.873,216.17
86.7,291.96,80.109,216.64
86.8,292.59,80.346,217.11
86.9,293.22,80.583,217.58
87,293.84,80.819,218.05
87.1,294.46,81.056,218.52
87.2,295.09,81.293,218.99
87.3,295.71,81.529,219.46
87.4,296.33,81.766,219.93
87.5,296.96,82.003,220.4
87.6,297.58,82.239,220.87
87.7,298.2,82.476,221.34
87.8,298.82,82.712,221.8
87.9,299.44,82.949,222.27
88,300.07,83.185,222.74
88.1,300.69,83.421,223.21
88.2,301.31,83.658,223.67
88.3,301.93,83.894,224.14
88.4,302.55,84.13,224.61
88.5,303.17,84.367,225.07
88.6,303.78,84.603,225.54
88.7,304.4,84.839,226.01
88.8,305.02,85.075,226.47
88.9,305.64,85.312,226.94
89,306.25,85.548,227.4
89.1,306.87,85.784,227.87
89.2,307.49,86.02,228.34
89.3,308.1,86.256,228.8
89.4,308.72,86.492,229.26
89.5,309.33,86.728,229.73
89.6,309.95,86.963,230.19
89.7,310.56,87.199,230.66
89.8,311.18,87.435,231.12
89.9,311.79,87.671,231.58
90,312.4,87.907,232.05
90.1,313.02,88.142,232.51
90.2,313.63,88.378,232.97
90.3,314.24,88.613,233.44
90.4,314.85,88.849,233.9
90.5,315.46,89.084,234.36
90.6,316.07,89.32,234.82
90.7,316.68,89.555,235.28
90.8,317.29,89.79,235.75
90.9,317.9,90.026,236.21
91,318.51,90.261,236.67
91.1,319.12,90.496,237.13
91.2,319.73,90.731,237.59
91.3,320.34,90.966,238.05
91.4,320.94,91.201,238.51
91.5,321.55,91.436,238.97
91.6,322.16,91.671,239.43
91.7,322.76,91.905,239.89
91.8,323.37,92.14,240.35
91.9,323.97,92.375,240.8
92,324.58,92.61,241.26
92.1,325.18,92.844,241.72
92.2,325.78,93.079,242.18
92.3,326.39,93.313,242.64
92.4,326.99,93.547,243.09
92.5,327.59,93.782,243.55
92.6,328.19,94.016,244.01
92.7,328.8,94.25,244.46
92.8,329.4,94.484,244.92
92.9,330,94.718,245.38
93,330.6,94.952,245.83
93.1,331.2,95.186,246.29
93.2,331.8,95.42,246.74
93.3,332.39,95.654,247.2
93.4,332.99,95.887,247.65
93.5,333.59,96.121,248.11
93.6,334.19,96.354,248.56
93.7,334.78,96.588,249.01
93.8,335.38,96.821,249.47
93.9,335.98,97.055,249.92
94,336.57,97.288,250.37
94.1,337.17,97.521,250.83
94.2,337.76,97.754,251.28
94.3,338.35,97.987,251.73
94.4,338.95,98.22,252.18
94.5,339.54,98.453,252.63
94.6,340.13,98.686,253.08
94.7,340.72,98.919,253.54
94.8,341.32,99.151,253.99
94.9,341.91,99.384,254.44
95,342.5,99.616,254.89
95.1,343.09,99.849,255.34
95.2,343.68,100.08,255.79
95.3,344.27,100.31,256.24
95.4,344.85,100.55,256.68
95.5,345.44,100.78,257.13
95.6,346.03,101.01,257.58
95.7,346.62,101.24,258.03
95.8,347.2,101.47,258.48
95.9,347.79,101.71,258.92
96,348.37,101.94,259.37
96.1,348.96,102.17,259.82
96.2,349.54,102.4,260.27
96.3,350.13,102.63,260.71
96.4,350.71,102.86,261.16
96.5,351.29,103.09,261.6
96.6,351.88,103.32,262.05
96.7,352.46,103.56,262.49
96.8,353.04,103.79,262.94
96.9,353.62,104.02,263.38
97,354.2,104.25,263.83
97.1,354.78,104.48,264.27
97.2,355.36,104.71,264.71
97.3,355.94,104.94,265.16
97.4,356.52,105.17,265.6
97.5,357.1,105.4,266.04
97.6,357.67,105.63,266.49
97.7,358.25,105.86,266.93
97.8,358.83,106.09,267.37
97.9,359.4,106.32,267.81
98,359.98,106.55,268.25
98.1,360.55,106.78,268.69
98.2,361.13,107.01,269.13
98.3,361.7,107.24,269.57
98.4,362.27,107.47,270.01
98.5,362.85,107.7,270.45
98.6,363.42,107.93,270.89
98.7,363.99,108.16,271.33
98.8,364.56,108.39,271.77
98.9,365.13,108.62,272.21
99,365.7,108.84,272.65
99.1,366.27,109.07,273.08
99.2,366.84,109.3,273.52
99.3,367.41,109.53,273.96
99.4,367.98,109.76,274.39
99.5,368.54,109.99,274.83
99.6,369.11,110.22,275.27
99.7,369.68,110.44,275.7
99.8,370.24,110.67,276.14
99.9,370.81,110.9,276.57
100,371.37,111.13,277.01
100.1,371.94,111.36,277.44
100.2,372.5,111.58,277.88
100.3,373.06,111.81,278.31
100.4,373.63,112.04,278.74
100.5,374.19,112.27,279.18
100.6,374.75,112.49,279.61
100.7,375.31,112.72,280.04
100.8,375.87,112.95,280.47
100.9,376.43,113.17,280.91
101,376.99,113.4,281.34
101.1,377.55,113.63,281.77
101.2,378.11,113.85,282.2
101.3,378.66,114.08,282.63
101.4,379.22,114.31,283.06
101.5,379.78,114.53,283.49
101.6,380.33,114.76,283.92
101.7,380.89,114.98,284.35
101.8,381.44,115.21,284.78
101.9,382,115.44,285.21
102,382.55,115.66,285.64
102.1,383.11,115.89,286.06
102.2,383.66,116.11,286.49
102.3,384.21,116.34,286.92
102.4,384.76,116.56,287.34
102.5,385.31,116.79,287.77
102.6,385.86,117.01,288.2
102.7,386.41,117.24,288.62
102.8,386.96,117.46,289.05
102.9,387.51,117.69,289.47
103,388.06,117.91,289.9
103.1,388.61,118.14,290.32
103.2,389.15,118.36,290.75
103.3,389.7,118.59,291.17
103.4,390.25,118.81,291.59
103.5,390.79,119.03,292.02
103.6,391.34,119.26,292.44
103.7,391.88,119.48,292.86
103.8,392.42,119.71,293.29
103.9,392.97,119.93,293.71
104,393.51,120.15,294.13
104.1,394.05,120.38,294.55
104.2,394.59,120.6,294.97
104.3,395.13,120.82,295.39
104.4,395.67,121.04,295.81
104.5,396.21,121.27,296.23
104.6,396.75,121.49,296.65
104.7,397.29,121.71,297.07
104.8,397.83,121.93,297.49
104.9,398.37,122.16,297.91
105,398.9,122.38,298.32
105.1,399.44,122.6,298.74
105.2,399.97,122.82,299.16
105.3,400.51,123.05,299.58
105.4,401.04,123.27,299.99
105.5,401.58,123.49,300.41
105.6,402.11,123.71,300.82
105.7,402.64,123.93,301.24
105.8,403.18,124.15,301.65
105.9,403.71,124.37,302.07
106,404.24,124.59,302.48
106.1,404.77,124.82,302.9
106.2,405.3,125.04,303.31
106.3,405.83,125.26,303.73
106.4,406.36,125.48,304.14
106.5,406.89,125.7,304.55
106.6,407.41,125.92,304.96
106.7,407.94,126.14,305.38
106.8,408.47,126.36,305.79
106.9,408.99,126.58,306.2
107,409.52,126.8,306.61
107.1,410.04,127.02,307.02
107.2,410.57,127.24,307.43
107.3,411.09,127.46,307.84
107.4,411.61,127.68,308.25
107.5,412.13,127.89,308.66
107.6,412.66,128.11,309.07
107.7,413.18,128.33,309.48
107.8,413.7,128.55,309.88
107.9,414.22,128.77,310.29
108,414.74,128.99,310.7
108.1,415.26,129.21,311.11
108.2,415.77,129.43,311.51
108.3,416.29,129.64,311.92
108.4,416.81,129.86,312.33
108.5,417.33,130.08,312.73
108.6,417.84,130.3,313.14
108.7,418.36,130.51,313.54
108.8,418.87,130.73,313.95
108.9,419.38,130.95,314.35
109,419.9,131.17,314.75
109.1,420.41,131.38,315.16
109.2,420.92,131.6,315.56
109.3,421.44,131.82,315.96
109.4,421.95,132.03,316.37
109.5,422.46,132.25,316.77
109.6,422.97,132.47,317.17
109.7,423.48,132.68,317.57
109.8,423.98,132.9,317.97
109.9,424.49,133.12,318.37
110,425,133.33,318.77
110.1,425.51,133.55,319.17
110.2,426.01,133.76,319.57
110.3,426.52,133.98,319.97
110.4,427.02,134.19,320.37
110.5,427.53,134.41,320.77
110.6,428.03,134.62,321.17
110.7,428.54,134.84,321.56
110.8,429.04,135.05,321.96
110.9,429.54,135.27,322.36
111,430.04,135.48,322.75
111.1,430.54,135.7,323.15
111.2,431.04,135.91,323.55
111.3,431.54,136.13,323.94
111.4,432.04,136.34,324.34
111.5,432.54,136.55,324.73
111.6,433.04,136.77,325.13
111.7,433.53,136.98,325.52
111.8,434.03,137.19,325.91
111.9,434.53,137.41,326.31
112,435.02,137.62,326.7
112.1,435.52,137.83,327.09
112.2,436.01,138.05,327.48
112.3,436.51,138.26,327.88
112.4,437,138.47,328.27
112.5,437.49,138.69,328.66
112.6,437.98,138.9,329.05
112.7,438.47,139.11,329.44
112.8,438.96,139.32,329.83
112.9,439.45,139.53,330.22
113,439.94,139.75,330.61
113.1,440.43,139.96,331
113.2,440.92,140.17,331.39
113.3,441.41,140.38,331.77
113.4,441.9,140.59,332.16
113.5,442.38,140.8,332.55
113.6,442.87,141.01,332.94
113.7,443.35,141.23,333.32
113.8,443.84,141.44,333.71
113.9,444.32,141.65,334.09
114,444.8,141.86,334.48
114.1,445.29,142.07,334.86
114.2,445.77,142.28,335.25
114.3,446.25,142.49,335.63
114.4,446.73,142.7,336.02
114.5,447.21,142.91,336.4
114.6,447.69,143.12,336.78
114.7,448.17,143.33,337.17
114.8,448.65,143.54,337.55
114.9,449.13,143.75,337.93
115,449.6,143.95,338.31
115.1,450.08,144.16,338.69
115.2,450.56,144.37,339.08
115.3,451.03,144.58,339.46
115.4,451.51,144.79,339.84
115.5,451.98,145,340.22
115.6,452.45,145.21,340.6
115.7,452.93,145.41,340.98
115.8,453.4,145.62,341.35
115.9,453.87,145.83,341.73
116,454.34,146.04,342.11
116.1,454.81,146.25,342.49
116.2,455.28,146.45,342.87
116.3,455.75,146.66,343.24
116.4,456.22,146.87,343.62
116.5,456.69,147.08,343.99
116.6,457.15,147.28,344.37
116.7,457.62,147.49,344.75
116.8,458.09,147.7,345.12
116.9,458.55,147.9,345.5
117,459.02,148.11,345.87
117.1,459.48,148.32,346.24
117.2,459.94,148.52,346.62
117.3,460.41,148.73,346.99
117.4,460.87,148.93,347.36
117.5,461.33,149.14,347.74
117.6,461.79,149.34,348.11
117.7,462.25,149.55,348.48
117.8,462.71,149.75,348.85
117.9,463.17,149.96,349.22
118,463.63,150.17,349.59
118.1,464.09,150.37,349.96
118.2,464.54,150.57,350.33
118.3,465,150.78,350.7
118.4,465.46,150.98,351.07
118.5,465.91,151.19,351.44
118.6,466.37,151.39,351.81
118.7,466.82,151.6,352.18
118.8,467.27,151.8,352.55
118.9,467.73,152,352.91
119,468.18,152.21,353.28
119.1,468.63,152.41,353.65
119.2,469.08,152.61,354.01
119.3,469.53,152.82,354.38
119.4,469.98,153.02,354.75
119.5,470.43,153.22,355.11
119.6,470.88,153.43,355.48
119.7,471.33,153.63,355.84
119.8,471.78,153.83,356.21
119.9,472.22,154.03,356.57
120,472.67,154.24,356.93
120.1,473.12,154.44,357.3
120.2,473.56,154.64,357.66
120.3,474.01,154.84,358.02
120.4,474.45,155.04,358.38
120.5,474.89,155.25,358.75
120.6,475.34,155.45,359.11
120.7,475.78,155.65,359.47
120.8,476.22,155.85,359.83
120.9,476.66,156.05,360.19
121,477.1,156.25,360.55
121.1,477.54,156.45,360.91
121.2,477.98,156.65,361.27
121.3,478.42,156.85,361.63
121.4,478.86,157.05,361.99
121.5,479.3,157.25,362.34
121.6,479.73,157.45,362.7
121.7,480.17,157.65,363.06
121.8,480.61,157.85,363.42
121.9,481.04,158.05,363.77
122,481.48,158.25,364.13
122.1,481.91,158.45,364.49
122.2,482.35,158.65,364.84
122.3,482.78,158.85,365.2
122.4,483.21,159.05,365.55
122.5,483.64,159.25,365.91
122.6,484.08,159.45,366.26
122.7,484.51,159.65,366.62
122.8,484.94,159.84,366.97
122.9,485.37,160.04,367.32
123,485.8,160.24,367.68
123.1,486.23,160.44,368.03
123.2,486.66,160.64,368.38
123.3,487.08,160.83,368.73
123.4,487.51,161.03,369.09
123.5,487.94,161.23,369.44
123.6,488.36,161.43,369.79
123.7,488.79,161.62,370.14
123.8,489.22,161.82,370.49
123.9,489.64,162.02,370.84
124,490.07,162.22,371.19
124.1,490.49,162.41,371.54
124.2,490.91,162.61,371.89
124.3,491.34,162.81,372.24
124.4,491.76,163,372.58
124.5,492.18,163.2,372.93
124.6,492.6,163.4,373.28
124.7,493.02,163.59,373.63
124.8,493.44,163.79,373.98
124.9,493.86,163.98,374.32
125,494.28,164.18,374.67
125.1,494.7,164.37,375.02
125.2,495.12,164.57,375.36
125.3,495.54,164.77,375.71
125.4,495.95,164.96,376.05
125.5,496.37,165.16,376.4
125.6,496.79,165.35,376.74
125.7,497.2,165.55,377.09
125.8,497.62,165.74,377.43
125.9,498.03,165.93,377.77
126,498.45,166.13,378.12
126.1,498.86,166.32,378.46
126.2,499.28,166.52,378.8
126.3,499.69,166.71,379.15
126.4,500.1,166.91,379.49
126.5,500.52,167.1,379.83
126.6,500.93,167.29,380.17
126.7,501.34,167.49,380.51
126.8,501.75,167.68,380.85
126.9,502.16,167.87,381.19
127,502.57,168.07,381.54
127.1,502.98,168.26,381.88
127.2,503.39,168.45,382.22
127.3,503.8,168.65,382.55
127.4,504.21,168.84,382.89
127.5,504.61,169.03,383.23
127.6,505.02,169.23,383.57
127.7,505.43,169.42,383.91
127.8,505.84,169.61,384.25
127.9,506.24,169.8,384.59
128,506.65,170,384.92
128.1,507.05,170.19,385.26
128.2,507.46,170.38,385.6
128.3,507.86,170.57,385.93
128.4,508.27,170.76,386.27
128.5,508.67,170.95,386.61
128.6,509.08,171.15,386.94
128.7,509.48,171.34,387.28
128.8,509.88,171.53,387.61
128.9,510.28,171.72,387.95
129,510.69,171.91,388.28
129.1,511.09,172.1,388.62
129.2,511.49,172.29,388.95
129.3,511.89,172.48,389.29
129.4,512.29,172.68,389.62
129.5,512.69,172.87,389.95
129.6,513.09,173.06,390.29
129.7,513.49,173.25,390.62
129.8,513.89,173.44,390.95
129.9,514.29,173.63,391.28
130,514.69,173.82,391.62
130.1,515.08,174.01,391.95
130.2,515.48,174.2,392.28
130.3,515.88,174.39,392.61
130.4,516.28,174.58,392.94
130.5,516.67,174.77,393.27
130.6,517.07,174.96,393.6
130.7,517.46,175.15,393.93
130.8,517.86,175.33,394.26
130.9,518.26,175.52,394.59
131,518.65,175.71,394.92
131.1,519.04,175.9,395.25
131.2,519.44,176.09,395.58
131.3,519.83,176.28,395.91
131.4,520.23,176.47,396.24
131.5,520.62,176.66,396.57
131.6,521.01,176.84,396.89
131.7,521.4,177.03,397.22
131.8,521.8,177.22,397.55
131.9,522.19,177.41,397.88
132,522.58,177.6,398.2
132.1,522.97,177.79,398.53
132.2,523.36,177.97,398.86
132.3,523.75,178.16,399.18
132.4,524.14,178.35,399.51
132.5,524.53,178.54,399.83
132.6,524.92,178.72,400.16
132.7,525.31,178.91,400.48
132.8,525.7,179.1,400.81
132.9,526.09,179.29,401.13
133,526.48,179.47,401.46
133.1,526.86,179.66,401.78
133.2,527.25,179.85,402.1
133.3,527.64,180.03,402.43
133.4,528.03,180.22,402.75
133.5,528.41,180.41,403.07
133.6,528.8,180.59,403.39
133.7,529.19,180.78,403.72
133.8,529.57,180.97,404.04
133.9,529.96,181.15,404.36
134,530.34,181.34,404.68
134.1,530.73,181.52,405
134.2,531.11,181.71,405.32
134.3,531.5,181.9,405.64
134.4,531.88,182.08,405.96
134.5,532.27,182.27,406.28
134.6,532.65,182.45,406.6
134.7,533.03,182.64,406.92
134.8,533.42,182.82,407.24
134.9,533.8,183.01,407.56
135,534.18,183.2,407.88
135.1,534.56,183.38,408.2
135.2,534.95,183.57,408.51
135.3,535.33,183.75,408.83
135.4,535.71,183.94,409.15
135.5,536.09,184.12,409.47
135.6,536.47,184.3,409.78
135.7,536.85,184.49,410.1
135.8,537.23,184.67,410.42
135.9,537.61,184.86,410.73
136,537.99,185.04,411.05
136.1,538.37,185.23,411.36
136.2,538.75,185.41,411.68
136.3,539.13,185.6,412
136.4,539.51,185.78,412.31
136.5,539.89,185.96,412.63
136.6,540.27,186.15,412.94
136.7,540.65,186.33,413.25
136.8,541.03,186.52,413.57
136.9,541.4,186.7,413.88
137,541.78,186.88,414.2
137.1,542.16,187.07,414.51
137.2,542.54,187.25,414.82
137.3,542.91,187.43,415.13
137.4,543.29,187.62,415.45
137.5,543.66,187.8,415.76
137.6,544.04,187.98,416.07
137.7,544.42,188.17,416.38
137.8,544.79,188.35,416.69
137.9,545.17,188.53,417.01
138,545.54,188.71,417.32
138.1,545.92,188.9,417.63
138.2,546.29,189.08,417.94
138.3,546.67,189.26,418.25
138.4,547.04,189.44,418.56
138.5,547.42,189.63,418.87
138.6,547.79,189.81,419.18
138.7,548.16,189.99,419.49
138.8,548.54,190.17,419.8
138.9,548.91,190.36,420.11
139,549.28,190.54,420.42
139.1,549.66,190.72,420.72
139.2,550.03,190.9,421.03
139.3,550.4,191.08,421.34
139.4,550.77,191.27,421.65
139.5,551.14,191.45,421.96
139.6,551.52,191.63,422.26
139.7,551.89,191.81,422.57
139.8,552.26,191.99,422.88
139.9,552.63,192.17,423.18
140,553,192.35,423.49
140.1,553.37,192.53,423.8
140.2,553.74,192.72,424.1
140.3,554.11,192.9,424.41
140.4,554.48,193.08,424.72
140.5,554.85,193.26,425.02
140.6,555.22,193.44,425.33
140.7,555.59,193.62,425.63
140.8,555.96,193.8,425.94
140.9,556.33,193.98,426.24
141,556.7,194.16,426.55
141.1,557.07,194.34,426.85
141.2,557.43,194.52,427.15
141.3,557.8,194.7,427.46
141.4,558.17,194.88,427.76
141.5,558.54,195.06,428.06
141.6,558.9,195.24,428.37
141.7,559.27,195.42,428.67
141.8,559.64,195.6,428.97
141.9,560.01,195.78,429.28
142,560.37,195.96,429.58
142.1,560.74,196.14,429.88
142.2,561.11,196.32,430.18
142.3,561.47,196.5,430.48
142.4,561.84,196.68,430.79
142.5,562.2,196.86,431.09
142.6,562.57,197.04,431.39
142.7,562.94,197.22,431.69
142.8,563.3,197.4,431.99
142.9,563.67,197.58,432.29
143,564.03,197.76,432.59
143.1,564.39,197.93,432.89
143.2,564.76,198.11,433.19
143.3,565.12,198.29,433.49
143.4,565.49,198.47,433.79
143.5,565.85,198.65,434.09
143.6,566.22,198.83,434.39
143.7,566.58,199.01,434.69
143.8,566.94,199.18,434.99
143.9,567.31,199.36,435.29
144,567.67,199.54,435.59
144.1,568.03,199.72,435.89
144.2,568.39,199.9,436.18
144.3,568.76,200.08,436.48
144.4,569.12,200.25,436.78
144.5,569.48,200.43,437.08
144.6,569.84,200.61,437.37
144.7,570.2,200.79,437.67
144.8,570.57,200.97,437.97
144.9,570.93,201.14,438.27
145,571.29,201.32,438.56
145.1,571.65,201.5,438.86
145.2,572.01,201.68,439.16
145.3,572.37,201.85,439.45
145.4,572.73,202.03,439.75
145.5,573.09,202.21,440.05
145.6,573.45,202.38,440.34
145.7,573.81,202.56,440.64
145.8,574.17,202.74,440.93
145.9,574.53,202.92,441.23
146,574.89,203.09,441.52
146.1,575.25,203.27,441.82
146.2,575.61,203.45,442.11
146.3,575.97,203.62,442.41
146.4,576.33,203.8,442.7
146.5,576.69,203.98,443
146.6,577.05,204.15,443.29
146.7,577.4,204.33,443.59
146.8,577.76,204.51,443.88
146.9,578.12,204.68,444.18
147,578.48,204.86,444.47
147.1,578.84,205.03,444.76
147.2,579.19,205.21,445.06
147.3,579.55,205.39,445.35
147.4,579.91,205.56,445.64
147.5,580.26,205.74,445.94
147.6,580.62,205.91,446.23
147.7,580.98,206.09,446.52
147.8,581.34,206.27,446.82
147.9,581.69,206.44,447.11
148,582.05,206.62,447.4
148.1,582.4,206.79,447.69
148.2,582.76,206.97,447.99
148.3,583.12,207.14,448.28
148.4,583.47,207.32,448.57
148.5,583.83,207.49,448.86
148.6,584.18,207.67,449.15
148.7,584.54,207.84,449.44
148.8,584.89,208.02,449.74
148.9,585.25,208.19,450.03
149,585.6,208.37,450.32
149.1,585.96,208.54,450.61
149.2,586.31,208.72,450.9
149.3,586.67,208.89,451.19
149.4,587.02,209.07,451.48
149.5,587.37,209.24,451.77
149.6,587.73,209.42,452.06
149.7,588.08,209.59,452.35
149.8,588.44,209.76,452.64
149.9,588.79,209.94,452.93
150,589.14,210.11,453.22
150.1,589.5,210.29,453.51
150.2,589.85,210.46,453.8
150.3,590.2,210.63,454.09
150.4,590.55,210.81,454.38
150.5,590.91,210.98,454.67
150.6,591.26,211.16,454.96
150.7,591.61,211.33,455.25
150.8,591.96,211.5,455.53
150.9,592.32,211.68,455.82
151,592.67,211.85,456.11
151.1,593.02,212.02,456.4
151.2,593.37,212.2,456.69
151.3,593.72,212.37,456.97
151.4,594.07,212.54,457.26
151.5,594.43,212.72,457.55
151.6,594.78,212.89,457.84
151.7,595.13,213.06,458.12
151.8,595.48,213.24,458.41
151.9,595.83,213.41,458.7
152,596.18,213.58,458.98
152.1,596.53,213.75,459.27
152.2,596.88,213.93,459.56
152.3,597.23,214.1,459.84
152.4,597.58,214.27,460.13
152.5,597.93,214.45,460.41
152.6,598.28,214.62,460.7
152.7,598.63,214.79,460.99
152.8,598.98,214.96,461.27
152.9,599.33,215.13,461.56
153,599.67,215.31,461.84
153.1,600.02,215.48,462.13
153.2,600.37,215.65,462.41
153.3,600.72,215.82,462.7
153.4,601.07,216,462.98
153.5,601.42,216.17,463.27
153.6,601.77,216.34,463.55
153.7,602.11,216.51,463.84
153.8,602.46,216.68,464.12
153.9,602.81,216.85,464.4
154,603.16,217.03,464.69
154.1,603.5,217.2,464.97
154.2,603.85,217.37,465.25
154.3,604.2,217.54,465.54
154.4,604.55,217.71,465.82
154.5,604.89,217.88,466.1
154.6,605.24,218.05,466.39
154.7,605.59,218.22,466.67
154.8,605.93,218.4,466.95
154.9,606.28,218.57,467.24
155,606.63,218.74,467.52
155.1,606.97,218.91,467.8
155.2,607.32,219.08,468.08
155.3,607.66,219.25,468.37
155.4,608.01,219.42,468.65
155.5,608.35,219.59,468.93
155.6,608.7,219.76,469.21
155.7,609.05,219.93,469.49
155.8,609.39,220.1,469.78
155.9,609.74,220.27,470.06
156,610.08,220.44,470.34
156.1,610.43,220.61,470.62
156.2,610.77,220.78,470.9
156.3,611.11,220.95,471.18
156.4,611.46,221.12,471.46
156.5,611.8,221.29,471.74
156.6,612.15,221.46,472.02
156.7,612.49,221.63,472.3
156.8,612.84,221.8,472.58
156.9,613.18,221.97,472.86
157,613.52,222.14,473.14
157.1,613.87,222.31,473.42
157.2,614.21,222.48,473.7
157.3,614.55,222.65,473.98
157.4,614.9,222.82,474.26
157.5,615.24,222.99,474.54
157.6,615.58,223.16,474.82
157.7,615.93,223.33,475.1
157.8,616.27,223.5,475.38
157.9,616.61,223.67,475.66
158,616.95,223.84,475.94
158.1,617.3,224,476.22
158.2,617.64,224.17,476.5
158.3,617.98,224.34,476.78
158.4,618.32,224.51,477.05
158.5,618.66,224.68,477.33
158.6,619,224.85,477.61
158.7,619.35,225.02,477.89
158.8,619.69,225.19,478.17
158.9,620.03,225.35,478.45
159,620.37,225.52,478.72
159.1,620.71,225.69,479
159.2,621.05,225.86,479.28
159.3,621.39,226.03,479.56
159.4,621.73,226.2,479.83
159.5,622.07,226.36,480.11
159.6,622.41,226.53,480.39
159.7,622.76,226.7,480.67
159.8,623.1,226.87,480.94
159.9,623.44,227.04,481.22
160,623.78,227.2,481.5
160.1,624.12,227.37,481.77
160.2,624.45,227.54,482.05
160.3,624.79,227.71,482.32
160.4,625.13,227.87,482.6
160.5,625.47,228.04,482.88
160.6,625.81,228.21,483.15
160.7,626.15,228.38,483.43
160.8,626.49,228.54,483.7
160.9,626.83,228.71,483.98
161,627.17,228.88,484.26
161.1,627.51,229.05,484.53
161.2,627.85,229.21,484.81
161.3,628.18,229.38,485.08
161.4,628.52,229.55,485.36
161.5,628.86,229.71,485.63
161.6,629.2,229.88,485.91
161.7,629.54,230.05,486.18
161.8,629.87,230.21,486.45
161.9,630.21,230.38,486.73
162,630.55,230.55,487
162.1,630.89,230.71,487.28
162.2,631.22,230.88,487.55
162.3,631.56,231.05,487.83
162.4,631.9,231.21,488.1
162.5,632.23,231.38,488.37
162.6,632.57,231.55,488.65
162.7,632.91,231.71,488.92
162.8,633.24,231.88,489.19
162.9,633.58,232.04,489.47
163,633.92,232.21,489.74
163.1,634.25,232.38,490.01
163.2,634.59,232.54,490.29
163.3,634.93,232.71,490.56
163.4,635.26,232.87,490.83
163.5,635.6,233.04,491.1
163.6,635.93,233.2,491.38
163.7,636.27,233.37,491.65
163.8,636.6,233.54,491.92
163.9,636.94,233.7,492.19
164,637.27,233.87,492.47
164.1,637.61,234.03,492.74
164.2,637.94,234.2,493.01
164.3,638.28,234.36,493.28
164.4,638.61,234.53,493.55
164.5,638.95,234.69,493.82
164.6,639.28,234.86,494.1
164.7,639.62,235.02,494.37
164.8,639.95,235.19,494.64
164.9,640.29,235.35,494.91
165,640.62,235.52,495.18
165.1,640.95,235.68,495.45
165.2,641.29,235.85,495.72
165.3,641.62,236.01,495.99
165.4,641.96,236.18,496.26
165.5,642.29,236.34,496.53
165.6,642.62,236.5,496.8
165.7,642.96,236.67,497.07
165.8,643.29,236.83,497.34
165.9,643.62,237,497.61
166,643.95,237.16,497.88
166.1,644.29,237.33,498.15
166.2,644.62,237.49,498.42
166.3,644.95,237.65,498.69
166.4,645.29,237.82,498.96
166.5,645.62,237.98,499.23
166.6,645.95,238.14,499.5
166.7,646.28,238.31,499.77
166.8,646.61,238.47,500.04
166.9,646.95,238.64,500.31
167,647.28,238.8,500.58
167.1,647.61,238.96,500.84
167.2,647.94,239.13,501.11
167.3,648.27,239.29,501.38
167.4,648.6,239.45,501.65
167.5,648.94,239.62,501.92
167.6,649.27,239.78,502.18
167.7,649.6,239.94,502.45
167.8,649.93,240.11,502.72
167.9,650.26,240.27,502.99
168,650.59,240.43,503.26
168.1,650.92,240.6,503.52
168.2,651.25,240.76,503.79
168.3,651.58,240.92,504.06
168.4,651.91,241.08,504.32
168.5,652.24,241.25,504.59
168.6,652.57,241.41,504.86
168.7,652.9,241.57,505.12
168.8,653.23,241.73,505.39
168.9,653.56,241.9,505.66
169,653.89,242.06,505.92
169.1,654.22,242.22,506.19
169.2,654.55,242.38,506.46
169.3,654.88,242.55,506.72
169.4,655.21,242.71,506.99
169.5,655.54,242.87,507.25
169.6,655.87,243.03,507.52
169.7,656.2,243.19,507.78
169.8,656.53,243.36,508.05
169.9,656.85,243.52,508.32
170,657.18,243.68,508.58
170.1,657.51,243.84,508.85
170.2,657.84,244,509.11
170.3,658.17,244.16,509.38
170.4,658.5,244.33,509.64
170.5,658.82,244.49,509.91
170.6,659.15,244.65,510.17
170.7,659.48,244.81,510.43
170.8,659.81,244.97,510.7
170.9,660.14,245.13,510.96
171,660.46,245.29,511.23
171.1,660.79,245.46,511.49
171.2,661.12,245.62,511.75
171.3,661.44,245.78,512.02
171.4,661.77,245.94,512.28
171.5,662.1,246.1,512.54
171.6,662.43,246.26,512.81
171.7,662.75,246.42,513.07
171.8,663.08,246.58,513.33
171.9,663.41,246.74,513.6
172,663.73,246.9,513.86
172.1,664.06,247.06,514.12
172.2,664.39,247.22,514.39
172.3,664.71,247.38,514.65
172.4,665.04,247.55,514.91
172.5,665.36,247.71,515.17
172.6,665.69,247.87,515.44
172.7,666.01,248.03,515.7
172.8,666.34,248.19,515.96
172.9,666.67,248.35,516.22
173,666.99,248.51,516.48
173.1,667.32,248.67,516.74
173.2,667.64,248.83,517.01
173.3,667.97,248.99,517.27
173.4,668.29,249.15,517.53
173.5,668.62,249.31,517.79
173.6,668.94,249.47,518.05
173.7,669.27,249.63,518.31
173.8,669.59,249.78,518.57
173.9,669.92,249.94,518.83
174,670.24,250.1,519.09
174.1,670.56,250.26,519.35
174.2,670.89,250.42,519.61
174.3,671.21,250.58,519.87
174.4,671.54,250.74,520.13
174.5,671.86,250.9,520.39
174.6,672.18,251.06,520.65
174.7,672.51,251.22,520.91
174.8,672.83,251.38,521.17
174.9,673.16,251.54,521.43
175,673.48,251.69,521.69
175.1,673.8,251.85,521.95
175.2,674.13,252.01,522.21
175.3,674.45,252.17,522.47
175.4,674.77,252.33,522.73
175.5,675.09,252.49,522.99
175.6,675.42,252.65,523.25
175.7,675.74,252.81,523.51
175.8,676.06,252.96,523.76
175.9,676.38,253.12,524.02
176,676.71,253.28,524.28
176.1,677.03,253.44,524.54
176.2,677.35,253.6,524.8
176.3,677.67,253.75,525.05
176.4,678,253.91,525.31
176.5,678.32,254.07,525.57
176.6,678.64,254.23,525.83
176.7,678.96,254.39,526.08
176.8,679.28,254.54,526.34
176.9,679.6,254.7,526.6
177,679.93,254.86,526.86
177.1,680.25,255.02,527.11
177.2,680.57,255.17,527.37
177.3,680.89,255.33,527.63
177.4,681.21,255.49,527.88
177.5,681.53,255.65,528.14
177.6,681.85,255.8,528.4
177.7,682.17,255.96,528.65
177.8,682.49,256.12,528.91
177.9,682.81,256.28,529.16
178,683.13,256.43,529.42
178.1,683.45,256.59,529.68
178.2,683.77,256.75,529.93
178.3,684.09,256.9,530.19
178.4,684.41,257.06,530.44
178.5,684.73,257.22,530.7
178.6,685.05,257.37,530.95
178.7,685.37,257.53,531.21
178.8,685.69,257.69,531.46
178.9,686.01,257.84,531.72
179,686.33,258,531.97
179.1,686.65,258.16,532.23
179.2,686.97,258.31,532.48
179.3,687.29,258.47,532.74
179.4,687.61,258.63,532.99
179.5,687.93,258.78,533.24
179.6,688.25,258.94,533.5
179.7,688.57,259.09,533.75
179.8,688.88,259.25,534.01
179.9,689.2,259.41,534.26
180,689.52,259.56,534.51
180.1,689.84,259.72,534.77
180.2,690.16,259.87,535.02
180.3,690.48,260.03,535.27
180.4,690.79,260.18,535.53
180.5,691.11,260.34,535.78
180.6,691.43,260.5,536.03
180.7,691.75,260.65,536.29
180.8,692.07,260.81,536.54
180.9,692.38,260.96,536.79
181,692.7,261.12,537.04
181.1,693.02,261.27,537.29
181.2,693.34,261.43,537.55
181.3,693.65,261.58,537.8
181.4,693.97,261.74,538.05
181.5,694.29,261.89,538.3
181.6,694.61,262.05,538.55
181.7,694.92,262.2,538.81
181.8,695.24,262.36,539.06
181.9,695.56,262.51,539.31
182,695.87,262.67,539.56
182.1,696.19,262.82,539.81
182.2,696.51,262.98,540.06
182.3,696.82,263.13,540.31
182.4,697.14,263.28,540.56
182.5,697.46,263.44,540.81
182.6,697.77,263.59,541.07
182.7,698.09,263.75,541.32
182.8,698.41,263.9,541.57
182.9,698.72,264.05,541.82
183,699.04,264.21,542.07
183.1,699.36,264.36,542.32
183.2,699.67,264.52,542.57
183.3,699.99,264.67,542.82
183.4,700.3,264.82,543.07
183.5,700.62,264.98,543.31
183.6,700.93,265.13,543.56
183.7,701.25,265.29,543.81
183.8,701.57,265.44,544.06
183.9,701.88,265.59,544.31
184,702.2,265.75,544.56
184.1,702.51,265.9,544.81
184.2,702.83,266.05,545.06
184.3,703.14,266.21,545.31
184.4,703.46,266.36,545.56
184.5,703.77,266.51,545.8
184.6,704.09,266.66,546.05
184.7,704.4,266.82,546.3
184.8,704.72,266.97,546.55
184.9,705.03,267.12,546.8
185,705.35,267.28,547.04
185.1,705.66,267.43,547.29
185.2,705.98,267.58,547.54
185.3,706.29,267.73,547.79
185.4,706.61,267.89,548.03
185.5,706.92,268.04,548.28
185.6,707.24,268.19,548.53
185.7,707.55,268.34,548.78
185.8,707.86,268.5,549.02
185.9,708.18,268.65,549.27
186,708.49,268.8,549.52
186.1,708.81,268.95,549.76
186.2,709.12,269.1,550.01
186.3,709.44,269.26,550.26
186.4,709.75,269.41,550.5
186.5,710.06,269.56,550.75
186.6,710.38,269.71,550.99
186.7,710.69,269.86,551.24
186.8,711.01,270.02,551.49
186.9,711.32,270.17,551.73
187,711.63,270.32,551.98
187.1,711.95,270.47,552.22
187.2,712.26,270.62,552.47
187.3,712.57,270.77,552.71
187.4,712.89,270.92,552.96
187.5,713.2,271.08,553.2
187.6,713.52,271.23,553.45
187.7,713.83,271.38,553.69
187.8,714.14,271.53,553.94
187.9,714.46,271.68,554.18
188,714.77,271.83,554.43
188.1,715.08,271.98,554.67
188.2,715.4,272.13,554.92
188.3,715.71,272.28,555.16
188.4,716.02,272.43,555.41
188.5,716.33,272.58,555.65
188.6,716.65,272.73,555.89
188.7,716.96,272.88,556.14
188.8,717.27,273.03,556.38
188.9,717.59,273.18,556.62
189,717.9,273.34,556.87
189.1,718.21,273.49,557.11
189.2,718.53,273.64,557.35
189.3,718.84,273.79,557.6
189.4,719.15,273.94,557.84
189.5,719.46,274.09,558.08
189.6,719.78,274.24,558.33
189.7,720.09,274.38,558.57
189.8,720.4,274.53,558.81
189.9,720.71,274.68,559.05
190,721.03,274.83,559.3
190.1,721.34,274.98,559.54
190.2,721.65,275.13,559.78
190.3,721.96,275.28,560.02
190.4,722.28,275.43,560.26
190.5,722.59,275.58,560.51
190.6,722.9,275.73,560.75
190.7,723.21,275.88,560.99
190.8,723.53,276.03,561.23
190.9,723.84,276.18,561.47
191,724.15,276.33,561.71
191.1,724.46,276.47,561.95
191.2,724.77,276.62,562.2
191.3,725.09,276.77,562.44
191.4,725.4,276.92,562.68
191.5,725.71,277.07,562.92
191.6,726.02,277.22,563.16
191.7,726.33,277.37,563.4
191.8,726.65,277.51,563.64
191.9,726.96,277.66,563.88
192,727.27,277.81,564.12
192.1,727.58,277.96,564.36
192.2,727.89,278.11,564.6
192.3,728.21,278.26,564.84
192.4,728.52,278.4,565.08
192.5,728.83,278.55,565.32
192.6,729.14,278.7,565.56
192.7,729.45,278.85,565.8
192.8,729.76,278.99,566.04
192.9,730.08,279.14,566.28
193,730.39,279.29,566.52
193.1,730.7,279.44,566.76
193.2,731.01,279.58,566.99
193.3,731.32,279.73,567.23
193.4,731.64,279.88,567.47
193.5,731.95,280.03,567.71
193.6,732.26,280.17,567.95
193.7,732.57,280.32,568.19
193.8,732.88,280.47,568.42
193.9,733.19,280.62,568.66
194,733.51,280.76,568.9
194.1,733.82,280.91,569.14
194.2,734.13,281.06,569.38
194.3,734.44,281.2,569.61
194.4,734.75,281.35,569.85
194.5,735.06,281.5,570.09
194.6,735.37,281.64,570.33
194.7,735.69,281.79,570.56
194.8,736,281.93,570.8
194.9,736.31,282.08,571.04
195,736.62,282.23,571.27
195.1,736.93,282.37,571.51
195.2,737.24,282.52,571.75
195.3,737.56,282.67,571.98
195.4,737.87,282.81,572.22
195.5,738.18,282.96,572.46
195.6,738.49,283.1,572.69
195.7,738.8,283.25,572.93
195.8,739.11,283.39,573.17
195.9,739.42,283.54,573.4
196,739.74,283.69,573.64
196.1,740.05,283.83,573.87
196.2,740.36,283.98,574.11
196.3,740.67,284.12,574.34
196.4,740.98,284.27,574.58
196.5,741.29,284.41,574.82
196.6,741.6,284.56,575.05
196.7,741.92,284.7,575.29
196.8,742.23,284.85,575.52
196.9,742.54,284.99,575.76
197,742.85,285.14,575.99
197.1,743.16,285.28,576.23
197.2,743.47,285.43,576.46
197.3,743.79,285.57,576.69
197.4,744.1,285.71,576.93
197.5,744.41,285.86,577.16
197.6,744.72,286,577.4
197.7,745.03,286.15,577.63
197.8,745.34,286.29,577.87
197.9,745.65,286.44,578.1
198,745.97,286.58,578.33
198.1,746.28,286.72,578.57
198.2,746.59,286.87,578.8
198.3,746.9,287.01,579.03
198.4,747.21,287.16,579.27
198.5,747.52,287.3,579.5
198.6,747.84,287.44,579.73
198.7,748.15,287.59,579.97
198.8,748.46,287.73,580.2
198.9,748.77,287.87,580.43
199,749.08,288.02,580.66
199.1,749.39,288.16,580.9
199.2,749.7,288.3,581.13
199.3,750.02,288.45,581.36
199.4,750.33,288.59,581.59
199.5,750.64,288.73,581.83
199.6,750.95,288.88,582.06
199.7,751.26,289.02,582.29
199.8,751.57,289.16,582.52
199.9,751.89,289.3,582.75
200,752.2,289.45,582.99
200.1,752.51,289.59,583.22
200.2,752.82,289.73,583.45
200.3,753.13,289.87,583.68
200.4,753.44,290.02,583.91
200.5,753.76,290.16,584.14
200.6,754.07,290.3,584.37
200.7,754.38,290.44,584.6
200.8,754.69,290.59,584.83
200.9,755,290.73,585.06
201,755.31,290.87,585.3
201.1,755.63,291.01,585.53
201.2,755.94,291.15,585.76
201.3,756.25,291.3,585.99
201.4,756.56,291.44,586.22
201.5,756.87,291.58,586.45
201.6,757.18,291.72,586.68
201.7,757.5,291.86,586.91
201.8,757.81,292,587.14
201.9,758.12,292.14,587.37
202,758.43,292.29,587.6
202.1,758.74,292.43,587.82
202.2,759.06,292.57,588.05
202.3,759.37,292.71,588.28
202.4,759.68,292.85,588.51
202.5,759.99,292.99,588.74
202.6,760.3,293.13,588.97
202.7,760.62,293.27,589.2
202.8,760.93,293.41,589.43
202.9,761.24,293.55,589.66
203,761.55,293.69,589.88
203.1,761.86,293.83,590.11
203.2,762.18,293.97,590.34
203.3,762.49,294.11,590.57
203.4,762.8,294.26,590.8
203.5,763.11,294.4,591.03
203.6,763.42,294.54,591.25
203.7,763.74,294.68,591.48
203.8,764.05,294.82,591.71
203.9,764.36,294.96,591.94
204,764.67,295.09,592.16
204.1,764.99,295.23,592.39
204.2,765.3,295.37,592.62
204.3,765.61,295.51,592.84
204.4,765.92,295.65,593.07
204.5,766.23,295.79,593.3
204.6,766.55,295.93,593.53
204.7,766.86,296.07,593.75
204.8,767.17,296.21,593.98
204.9,767.48,296.35,594.21
205,767.8,296.49,594.43
205.1,768.11,296.63,594.66
205.2,768.42,296.77,594.88
205.3,768.73,296.91,595.11
205.4,769.05,297.04,595.34
205.5,769.36,297.18,595.56
205.6,769.67,297.32,595.79
205.7,769.99,297.46,596.01
205.8,770.3,297.6,596.24
205.9,770.61,297.74,596.46
206,770.92,297.87,596.69
206.1,771.24,298.01,596.91
206.2,771.55,298.15,597.14
206.3,771.86,298.29,597.36
206.4,772.17,298.43,597.59
206.5,772.49,298.57,597.81
206.6,772.8,298.7,598.04
206.7,773.11,298.84,598.26
206.8,773.43,298.98,598.49
206.9,773.74,299.12,598.71
207,774.05,299.25,598.94
207.1,774.36,299.39,599.16
207.2,774.68,299.53,599.38
207.3,774.99,299.67,599.61
207.4,775.3,299.8,599.83
207.5,775.62,299.94,600.06
207.6,775.93,300.08,600.28
207.7,776.24,300.21,600.5
207.8,776.56,300.35,600.73
207.9,776.87,300.49,600.95
208,777.18,300.63,601.17
208.1,777.5,300.76,601.4
208.2,777.81,300.9,601.62
208.3,778.12,301.04,601.84
208.4,778.44,301.17,602.07
208.5,778.75,301.31,602.29
208.6,779.06,301.44,602.51
208.7,779.38,301.58,602.73
208.8,779.69,301.72,602.96
208.9,780,301.85,603.18
209,780.32,301.99,603.4
209.1,780.63,302.13,603.62
209.2,780.94,302.26,603.84
209.3,781.26,302.4,604.07
209.4,781.57,302.53,604.29
209.5,781.88,302.67,604.51
209.6,782.2,302.8,604.73
209.7,782.51,302.94,604.95
209.8,782.83,303.08,605.17
209.9,783.14,303.21,605.39
210,783.45,303.35,605.62
210.1,783.77,303.48,605.84
210.2,784.08,303.62,606.06
210.3,784.4,303.75,606.28
210.4,784.71,303.89,606.5
210.5,785.02,304.02,606.72
210.6,785.34,304.16,606.94
210.7,785.65,304.29,607.16
210.8,785.97,304.43,607.38
210.9,786.28,304.56,607.6
211,786.59,304.7,607.82
211.1,786.91,304.83,608.04
211.2,787.22,304.96,608.26
211.3,787.54,305.1,608.48
211.4,787.85,305.23,608.7
211.5,788.16,305.37,608.92
211.6,788.48,305.5,609.14
211.7,788.79,305.63,609.36
211.8,789.11,305.77,609.58
211.9,789.42,305.9,609.8
212,789.74,306.04,610.02
212.1,790.05,306.17,610.24
212.2,790.36,306.3,610.46
212.3,790.68,306.44,610.67
212.4,790.99,306.57,610.89
212.5,791.31,306.7,611.11
212.6,791.62,306.84,611.33
212.7,791.94,306.97,611.55
212.8,792.25,307.1,611.77
212.9,792.57,307.24,611.98
213,792.88,307.37,612.2
213.1,793.2,307.5,612.42
213.2,793.51,307.64,612.64
213.3,793.83,307.77,612.86
213.4,794.14,307.9,613.07
213.5,794.46,308.03,613.29
213.6,794.77,308.17,613.51
213.7,795.09,308.3,613.73
213.8,795.4,308.43,613.94
213.9,795.72,308.56,614.16
214,796.03,308.7,614.38
214.1,796.35,308.83,614.59
214.2,796.66,308.96,614.81
214.3,796.98,309.09,615.03
214.4,797.29,309.22,615.24
214.5,797.61,309.36,615.46
214.6,797.92,309.49,615.68
214.7,798.24,309.62,615.89
214.8,798.55,309.75,616.11
214.9,798.87,309.88,616.33
215,799.18,310.02,616.54
215.1,799.5,310.15,616.76
215.2,799.81,310.28,616.97
215.3,800.13,310.41,617.19
215.4,800.44,310.54,617.41
215.5,800.76,310.67,617.62
215.6,801.08,310.8,617.84
215.7,801.39,310.93,618.05
215.8,801.71,311.06,618.27
215.9,802.02,311.2,618.48
216,802.34,311.33,618.7
216.1,802.65,311.46,618.91
216.2,802.97,311.59,619.13
216.3,803.29,311.72,619.34
216.4,803.6,311.85,619.56
216.5,803.92,311.98,619.77
216.6,804.23,312.11,619.98
216.7,804.55,312.24,620.2
216.8,804.87,312.37,620.41
216.9,805.18,312.5,620.63
217,805.5,312.63,620.84
217.1,805.81,312.76,621.05
217.2,806.13,312.89,621.27
217.3,806.45,313.02,621.48
217.4,806.76,313.15,621.69
217.5,807.08,313.28,621.91
217.6,807.39,313.41,622.12
217.7,807.71,313.54,622.33
217.8,808.03,313.67,622.55
217.9,808.34,313.8,622.76
218,808.66,313.93,622.97
218.1,808.98,314.05,623.19
218.2,809.29,314.18,623.4
218.3,809.61,314.31,623.61
218.4,809.93,314.44,623.82
218.5,810.24,314.57,624.04
218.6,810.56,314.7,624.25
218.7,810.88,314.83,624.46
218.8,811.19,314.96,624.67
218.9,811.51,315.09,624.89
219,811.83,315.21,625.1
219.1,812.14,315.34,625.31
219.2,812.46,315.47,625.52
219.3,812.78,315.6,625.73
219.4,813.09,315.73,625.94
219.5,813.41,315.85,626.16
219.6,813.73,315.98,626.37
219.7,814.04,316.11,626.58
219.8,814.36,316.24,626.79
219.9,814.68,316.37,627
220,814.99,316.49,627.21
220.1,815.31,316.62,627.42
220.2,815.63,316.75,627.63
220.3,815.95,316.88,627.84
220.4,816.26,317,628.05
220.5,816.58,317.13,628.26
220.6,816.9,317.26,628.47
220.7,817.22,317.39,628.68
220.8,817.53,317.51,628.89
220.9,817.85,317.64,629.1
221,818.17,317.77,629.31
221.1,818.48,317.89,629.52
221.2,818.8,318.02,629.73
221.3,819.12,318.15,629.94
221.4,819.44,318.27,630.15
221.5,819.76,318.4,630.36
221.6,820.07,318.53,630.57
221.7,820.39,318.65,630.78
221.8,820.71,318.78,630.99
221.9,821.03,318.91,631.2
222,821.34,319.03,631.41
222.1,821.66,319.16,631.61
222.2,821.98,319.28,631.82
222.3,822.3,319.41,632.03
222.4,822.62,319.54,632.24
222.5,822.93,319.66,632.45
222.6,823.25,319.79,632.66
222.7,823.57,319.91,632.86
222.8,823.89,320.04,633.07
222.9,824.21,320.16,633.28
223,824.52,320.29,633.49
223.1,824.84,320.41,633.7
223.2,825.16,320.54,633.9
223.3,825.48,320.67,634.11
223.4,825.8,320.79,634.32
223.5,826.11,320.92,634.53
223.6,826.43,321.04,634.73
223.7,826.75,321.17,634.94
223.8,827.07,321.29,635.15
223.9,827.39,321.41,635.35
224,827.71,321.54,635.56
224.1,828.03,321.66,635.77
224.2,828.34,321.79,635.97
224.3,828.66,321.91,636.18
224.4,828.98,322.04,636.39
224.5,829.3,322.16,636.59
224.6,829.62,322.29,636.8
224.7,829.94,322.41,637.01
224.8,830.26,322.53,637.21
224.9,830.57,322.66,637.42
225,830.89,322.78,637.62
225.1,831.21,322.91,637.83
225.2,831.53,323.03,638.03
225.3,831.85,323.15,638.24
225.4,832.17,323.28,638.45
225.5,832.49,323.4,638.65
225.6,832.81,323.52,638.86
225.7,833.13,323.65,639.06
225.8,833.45,323.77,639.27
225.9,833.76,323.89,639.47
226,834.08,324.02,639.68
226.1,834.4,324.14,639.88
226.2,834.72,324.26,640.08
226.3,835.04,324.39,640.29
226.4,835.36,324.51,640.49
226.5,835.68,324.63,640.7
226.6,836,324.75,640.9
226.7,836.32,324.88,641.11
226.8,836.64,325,641.31
226.9,836.96,325.12,641.51
227,837.28,325.24,641.72
227.1,837.6,325.37,641.92
227.2,837.92,325.49,642.12
227.3,838.24,325.61,642.33
227.4,838.56,325.73,642.53
227.5,838.88,325.85,642.73
227.6,839.2,325.98,642.94
227.7,839.52,326.1,643.14
227.8,839.84,326.22,643.34
227.9,840.16,326.34,643.55
228,840.48,326.46,643.75
228.1,840.8,326.58,643.95
228.2,841.12,326.71,644.15
228.3,841.44,326.83,644.36
228.4,841.76,326.95,644.56
228.5,842.08,327.07,644.76
228.6,842.4,327.19,644.96
228.7,842.72,327.31,645.16
228.8,843.04,327.43,645.37
228.9,843.36,327.55,645.57
229,843.68,327.67,645.77
229.1,844,327.79,645.97
229.2,844.32,327.92,646.17
229.3,844.64,328.04,646.37
229.4,844.96,328.16,646.58
229.5,845.28,328.28,646.78
229.6,845.6,328.4,646.98
229.7,845.92,328.52,647.18
229.8,846.24,328.64,647.38
229.9,846.56,328.76,647.58
230,846.88,328.88,647.78
230.1,847.2,329,647.98
230.2,847.52,329.12,648.18
230.3,847.85,329.24,648.38
230.4,848.17,329.36,648.58
230.5,848.49,329.48,648.78
230.6,848.81,329.6,648.98
230.7,849.13,329.72,649.18
230.8,849.45,329.84,649.38
230.9,849.77,329.95,649.58
231,850.09,330.07,649.78
231.1,850.41,330.19,649.98
231.2,850.73,330.31,650.18
231.3,851.06,330.43,650.38
231.4,851.38,330.55,650.58
231.5,851.7,330.67,650.78
231.6,852.02,330.79,650.98
231.7,852.34,330.91,651.18
231.8,852.66,331.02,651.38
231.9,852.98,331.14,651.57
232,853.3,331.26,651.77
232.1,853.63,331.38,651.97
232.2,853.95,331.5,652.17
232.3,854.27,331.62,652.37
232.4,854.59,331.74,652.57
232.5,854.91,331.85,652.76
232.6,855.23,331.97,652.96
232.7,855.56,332.09,653.16
232.8,855.88,332.21,653.36
232.9,856.2,332.33,653.56
233,856.52,332.44,653.75
233.1,856.84,332.56,653.95
233.2,857.16,332.68,654.15
233.3,857.49,332.8,654.35
233.4,857.81,332.91,654.54
233.5,858.13,333.03,654.74
233.6,858.45,333.15,654.94
233.7,858.77,333.26,655.13
233.8,859.1,333.38,655.33
233.9,859.42,333.5,655.53
234,859.74,333.62,655.72
234.1,860.06,333.73,655.92
234.2,860.39,333.85,656.12
234.3,860.71,333.97,656.31
234.4,861.03,334.08,656.51
234.5,861.35,334.2,656.7
234.6,861.68,334.32,656.9
234.7,862,334.43,657.1
234.8,862.32,334.55,657.29
234.9,862.64,334.67,657.49
235,862.97,334.78,657.68
235.1,863.29,334.9,657.88
235.2,863.61,335.01,658.07
235.3,863.93,335.13,658.27
235.4,864.26,335.25,658.46
235.5,864.58,335.36,658.66
235.6,864.9,335.48,658.85
235.7,865.22,335.59,659.05
235.8,865.55,335.71,659.24
235.9,865.87,335.82,659.44
236,866.19,335.94,659.63
236.1,866.52,336.05,659.83
236.2,866.84,336.17,660.02
236.3,867.16,336.29,660.22
236.4,867.49,336.4,660.41
236.5,867.81,336.52,660.6
236.6,868.13,336.63,660.8
236.7,868.45,336.75,660.99
236.8,868.78,336.86,661.19
236.9,869.1,336.97,661.38
237,869.42,337.09,661.57
237.1,869.75,337.2,661.77
237.2,870.07,337.32,661.96
237.3,870.39,337.43,662.15
237.4,870.72,337.55,662.35
237.5,871.04,337.66,662.54
237.6,871.37,337.78,662.73
237.7,871.69,337.89,662.92
237.8,872.01,338,663.12
237.9,872.34,338.12,663.31
238,872.66,338.23,663.5
238.1,872.98,338.35,663.7
238.2,873.31,338.46,663.89
238.3,873.63,338.57,664.08
238.4,873.96,338.69,664.27
238.5,874.28,338.8,664.46
238.6,874.6,338.91,664.66
238.7,874.93,339.03,664.85
238.8,875.25,339.14,665.04
238.9,875.58,339.25,665.23
239,875.9,339.37,665.42
239.1,876.22,339.48,665.61
239.2,876.55,339.59,665.8
239.3,876.87,339.71,666
239.4,877.2,339.82,666.19
239.5,877.52,339.93,666.38
239.6,877.85,340.04,666.57
239.7,878.17,340.16,666.76
239.8,878.49,340.27,666.95
239.9,878.82,340.38,667.14
240,879.14,340.49,667.33
