0,0.00010666,0.00015999,2e-05
0.1,0.00014454,0.00018536,2.7387e-05
0.2,0.00021736,0.00021487,4.5285e-05
0.3,0.00034195,0.000249,7.9098e-05
0.4,0.00053731,0.00028825,0.00013873
0.5,0.00082459,0.00033296,0.00023387
0.6,0.0012269,0.00038396,0.00037652
0.7,0.0017698,0.00044148,0.00057989
0.8,0.002481,0.00050603,0.00085899
0.9,0.0033896,0.00057825,0.0012299
1,0.0045268,0.00065858,0.00171
1.1,0.0059251,0.00074752,0.002318
1.2,0.0076184,0.00084555,0.0030737
1.3,0.0096423,0.00095331,0.0039982
1.4,0.012033,0.0010714,0.0051135
1.5,0.014828,0.0012002,0.0064427
1.6,0.018065,0.0013403,0.0080098
1.7,0.021784,0.0014923,0.0098397
1.8,0.026025,0.001657,0.011958
1.9,0.030826,0.0018348,0.014392
2,0.036228,0.0020262,0.017167
2.1,0.042273,0.0022318,0.020313
2.2,0.048999,0.0024525,0.023857
2.3,0.056449,0.0026887,0.027828
2.4,0.064661,0.0029411,0.032256
2.5,0.073676,0.0032102,0.037169
2.6,0.083532,0.0034967,0.042599
2.7,0.094268,0.0038014,0.048576
2.8,0.10592,0.0041248,0.055129
2.9,0.11853,0.0044675,0.06229
3,0.13213,0.0048302,0.070088
3.1,0.14675,0.0052139,0.078555
3.2,0.16242,0.005619,0.087721
3.3,0.17919,0.006046,0.097616
3.4,0.19707,0.0064957,0.10827
3.5,0.2161,0.0069687,0.11971
3.6,0.2363,0.0074657,0.13197
3.7,0.25769,0.0079872,0.14508
3.8,0.2803,0.0085343,0.15906
3.9,0.30415,0.0091076,0.17395
4,0.32925,0.0097078,0.18976
4.1,0.35562,0.010335,0.20653
4.2,0.38327,0.010991,0.22428
4.3,0.41221,0.011675,0.24304
4.4,0.44245,0.012389,0.26282
4.5,0.47399,0.013133,0.28366
4.6,0.50684,0.013909,0.30557
4.7,0.54099,0.014715,0.32857
4.8,0.57645,0.015555,0.35269
4.9,0.6132,0.016427,0.37794
5,0.65125,0.017333,0.40433
5.1,0.69057,0.018274,0.43189
5.2,0.73115,0.019249,0.46062
5.3,0.77298,0.020261,0.49054
5.4,0.81605,0.021309,0.52167
5.5,0.86033,0.022395,0.554
5.6,0.9058,0.023519,0.58756
5.7,0.95243,0.024681,0.62234
5.8,1.0002,0.025883,0.65835
5.9,1.0491,0.027125,0.6956
6,1.099,0.028408,0.73409
6.1,1.15,0.029732,0.7738
6.2,1.202,0.031099,0.81476
6.3,1.255,0.032509,0.85694
6.4,1.3089,0.033963,0.90034
6.5,1.3637,0.035461,0.94498
6.6,1.4194,0.037004,0.99084
6.7,1.4759,0.038593,1.0379
6.8,1.5331,0.040229,1.0862
6.9,1.5911,0.041912,1.1356
7,1.6498,0.043641,1.1862
7.1,1.7091,0.04542,1.238
7.2,1.769,0.047247,1.2909
7.3,1.8295,0.049125,1.3449
7.4,1.8904,0.051053,1.4
7.5,1.9518,0.053033,1.4562
7.6,2.0136,0.055065,1.5134
7.7,2.0758,0.05715,1.5717
7.8,2.1384,0.059288,1.631
7.9,2.2012,0.06148,1.6913
8,2.2643,0.063728,1.7526
8.1,2.3275,0.066031,1.8147
8.2,2.3909,0.06839,1.8778
8.3,2.4544,0.070807,1.9417
8.4,2.5178,0.073281,2.0065
8.5,2.5814,0.075814,2.0721
8.6,2.645,0.078406,2.1386
8.7,2.7086,0.081057,2.2057
8.8,2.772,0.08377,2.2736
8.9,2.8353,0.086543,2.3422
9,2.8985,0.089379,2.4114
9.1,2.9614,0.092277,2.4812
9.2,3.0241,0.095239,2.5517
9.3,3.0866,0.098265,2.6227
9.4,3.1488,0.10135,2.6942
9.5,3.2107,0.1045,2.7662
9.6,3.2722,0.10771,2.8387
9.7,3.3334,0.11099,2.9116
9.8,3.3942,0.11434,2.9849
9.9,3.4545,0.11775,3.0585
10,3.5144,0.12123,3.1325
10.1,3.5739,0.12479,3.2067
10.2,3.6329,0.1284,3.2812
10.3,3.6914,0.13209,3.356
10.4,3.7494,0.13585,3.4309
10.5,3.8068,0.13969,3.506
10.6,3.8637,0.14359,3.5813
10.7,3.9201,0.14757,3.6566
10.8,3.9758,0.15162,3.732
10.9,4.031,0.15574,3.8075
11,4.0855,0.15994,3.8829
11.1,4.1394,0.16421,3.9584
11.2,4.1928,0.16856,4.0338
11.3,4.2454,0.17299,4.1092
11.4,4.2975,0.17749,4.1844
11.5,4.3489,0.18207,4.2595
11.6,4.3997,0.18673,4.3345
11.7,4.4498,0.19147,4.4093
11.8,4.4992,0.1963,4.4839
11.9,4.548,0.20119,4.5583
12,4.5962,0.20615,4.6325
12.1,4.6436,0.21119,4.7063
12.2,4.6904,0.21632,4.7799
12.3,4.7366,0.22152,4.8531
12.4,4.782,0.22681,4.926
12.5,4.8268,0.23217,4.9986
12.6,4.8709,0.23762,5.0708
12.7,4.9143,0.24316,5.1426
12.8,4.9571,0.24877,5.214
12.9,4.9993,0.25447,5.285
13,5.0408,0.26026,5.3556
13.1,5.0817,0.26613,5.4258
13.2,5.1219,0.27209,5.4955
13.3,5.1615,0.27814,5.5648
13.4,5.2005,0.28427,5.6336
13.5,5.2387,0.29049,5.7018
13.6,5.2764,0.2968,5.7695
13.7,5.3134,0.3032,5.8366
13.8,5.3499,0.30968,5.9033
13.9,5.3857,0.31626,5.9693
14,5.4209,0.32293,6.0349
14.1,5.4556,0.32969,6.0999
14.2,5.4897,0.33654,6.1643
14.3,5.5232,0.34349,6.2282
14.4,5.556,0.35053,6.2916
14.5,5.5878,0.35765,6.3543
14.6,5.6189,0.36487,6.4165
14.7,5.6492,0.37217,6.4782
14.8,5.6789,0.37957,6.5391
14.9,5.7077,0.38714,6.599
15,5.7358,0.39513,6.6578
15.1,5.7631,0.40345,6.7155
15.2,5.7896,0.41215,6.7717
15.3,5.8153,0.42131,6.8263
15.4,5.8401,0.43106,6.8797
15.5,5.8641,0.44141,6.9314
15.6,5.8872,0.45243,6.9813
15.7,5.9095,0.46411,7.0293
15.8,5.9309,0.47636,7.0752
15.9,5.9514,0.4893,7.1197
16,5.9709,0.50297,7.1624
16.1,5.9895,0.5173,7.2034
16.2,6.0072,0.53223,7.243
16.3,6.0238,0.54781,7.2813
16.4,6.0394,0.56406,7.3178
16.5,6.0539,0.58094,7.353
16.6,6.0686,0.59843,7.387
16.7,6.0831,0.61654,7.4201
16.8,6.0969,0.63526,7.4523
16.9,6.11,0.65457,7.4834
17,6.1224,0.67447,7.5135
17.1,6.1343,0.69497,7.5427
17.2,6.1454,0.71609,7.5712
17.3,6.156,0.73781,7.5988
17.4,6.1659,0.76014,7.6258
17.5,6.1752,0.78308,7.652
17.6,6.184,0.80656,7.6776
17.7,6.1921,0.83063,7.7023
17.8,6.2,0.85529,7.7261
17.9,6.208,0.88054,7.7493
18,6.2155,0.90639,7.772
18.1,6.2227,0.93282,7.7939
18.2,6.2296,0.95979,7.8151
18.3,6.2363,0.9873,7.8355
18.4,6.2426,1.0154,7.8556
18.5,6.2488,1.044,7.8752
18.6,6.2547,1.0733,7.8943
18.7,6.2605,1.103,7.9129
18.8,6.266,1.1334,7.9308
18.9,6.2715,1.1642,7.9483
19,6.2768,1.1955,7.9651
19.1,6.2817,1.2274,7.9813
19.2,6.2866,1.2598,7.997
19.3,6.2913,1.2928,8.0125
19.4,6.296,1.3263,8.0276
19.5,6.3005,1.3602,8.0422
19.6,6.305,1.3946,8.0565
19.7,6.3095,1.4295,8.0704
19.8,6.314,1.4649,8.0839
19.9,6.3185,1.5008,8.097
20,6.323,1.5371,8.1098
20.1,6.3276,1.5739,8.1223
20.2,6.3322,1.6112,8.1345
20.3,6.3363,1.6489,8.1464
20.4,6.3404,1.6871,8.158
20.5,6.3444,1.7257,8.1694
20.6,6.3484,1.7648,8.1805
20.7,6.3524,1.8042,8.1915
20.8,6.3563,1.8441,8.2022
20.9,6.3603,1.8843,8.2127
21,6.3643,1.9249,8.223
21.1,6.3682,1.9659,8.2331
21.2,6.3722,2.0073,8.243
21.3,6.3763,2.0491,8.2527
21.4,6.3804,2.0912,8.2623
21.5,6.3842,2.1337,8.2717
21.6,6.3879,2.1765,8.2809
21.7,6.3917,2.2197,8.2901
21.8,6.3953,2.2632,8.299
21.9,6.399,2.3069,8.3078
22,6.4026,2.351,8.3165
22.1,6.4062,2.3953,8.3251
22.2,6.4098,2.44,8.3335
22.3,6.4134,2.4849,8.3418
22.4,6.4169,2.5301,8.3499
22.5,6.4204,2.5755,8.3579
22.6,6.4239,2.6212,8.3658
22.7,6.4274,2.6672,8.3736
22.8,6.4308,2.7133,8.3813
22.9,6.4342,2.7597,8.3889
23,6.4376,2.8063,8.3964
23.1,6.4409,2.8531,8.4038
23.2,6.4442,2.9,8.4111
23.3,6.4475,2.9472,8.4183
23.4,6.4508,2.9945,8.4254
23.5,6.454,3.0419,8.4324
23.6,6.4572,3.0896,8.4393
23.7,6.4604,3.1373,8.4461
23.8,6.4635,3.1852,8.4529
23.9,6.4666,3.2332,8.4595
24,6.4697,3.2813,8.4661
24.1,6.4728,3.3296,8.4726
24.2,6.4758,3.3779,8.479
24.3,6.4788,3.4263,8.4854
24.4,6.4817,3.4748,8.4917
24.5,6.4847,3.5233,8.498
24.6,6.4876,3.5719,8.5042
24.7,6.4905,3.6206,8.5103
24.8,6.4933,3.6693,8.5164
24.9,6.4961,3.718,8.5224
25,6.499,3.7668,8.5285
25.1,6.5019,3.8155,8.5344
25.2,6.5048,3.8643,8.5404
25.3,6.5077,3.9131,8.5463
25.4,6.5105,3.962,8.552
25.5,6.5134,4.011,8.5577
25.6,6.5162,4.0601,8.5634
25.7,6.519,4.1091,8.569
25.8,6.5217,4.1581,8.5746
25.9,6.5245,4.2071,8.5802
26,6.5272,4.256,8.5857
26.1,6.53,4.3049,8.5912
26.2,6.5327,4.3537,8.5967
26.3,6.5354,4.4025,8.6022
26.4,6.538,4.4512,8.6076
26.5,6.5407,4.4998,8.613
26.6,6.5433,4.5483,8.6184
26.7,6.5459,4.5967,8.6237
26.8,6.5485,4.645,8.6291
26.9,6.5511,4.6931,8.6344
27,6.5537,4.7412,8.6397
27.1,6.5562,4.7891,8.645
27.2,6.5588,4.8368,8.6501
27.3,6.5614,4.8845,8.6553
27.4,6.5639,4.9319,8.6604
27.5,6.5665,4.9792,8.6655
27.6,6.5691,5.0263,8.6706
27.7,6.5716,5.0732,8.6757
27.8,6.5742,5.1199,8.6808
27.9,6.5767,5.1664,8.6858
28,6.5792,5.2127,8.6908
28.1,6.5817,5.2587,8.6958
28.2,6.5842,5.3046,8.7008
28.3,6.5867,5.3502,8.7058
28.4,6.5892,5.3955,8.7108
28.5,6.5917,5.4406,8.7157
28.6,6.5941,5.4854,8.7207
28.7,6.5966,5.53,8.7256
28.8,6.599,5.5743,8.7302
28.9,6.6014,5.6182,8.7344
29,6.6038,5.662,8.7385
29.1,6.6062,5.7058,8.7424
29.2,6.6086,5.7493,8.7463
29.3,6.611,5.7925,8.7499
29.4,6.6134,5.8354,8.7535
29.5,6.6156,5.878,8.7569
29.6,6.6171,5.9203,8.7601
29.7,6.6185,5.9623,8.7632
29.8,6.6199,6.0039,8.7662
29.9,6.6211,6.0452,8.7689
30,6.6223,6.0862,8.7715
30.1,6.6234,6.1268,8.774
30.2,6.6244,6.167,8.7762
30.3,6.6254,6.2069,8.7782
30.4,6.6262,6.2464,8.7801
30.5,6.627,6.2855,8.7814
30.6,6.6277,6.3242,8.7814
30.7,6.6283,6.3625,8.781
30.8,6.6289,6.4005,8.78
30.9,6.6293,6.438,8.7786
31,6.6297,6.475,8.7768
31.1,6.63,6.5117,8.7743
31.2,6.6302,6.5479,8.7714
31.3,6.6303,6.5837,8.7679
31.4,6.6304,6.619,8.7638
31.5,6.6304,6.6539,8.7591
31.6,6.6302,6.6882,8.7539
31.7,6.6301,6.7221,8.748
31.8,6.6297,6.7556,8.7414
31.9,6.6293,6.7885,8.7342
32,6.6287,6.8209,8.7263
32.1,6.6281,6.8529,8.7177
32.2,6.6273,6.8843,8.7084
32.3,6.6265,6.9152,8.6997
32.4,6.6256,6.9455,8.6904
32.5,6.6246,6.9754,8.6806
32.6,6.6235,7.0047,8.6702
32.7,6.6223,7.0357,8.6593
32.8,6.6211,7.0663,8.6478
32.9,6.6197,7.0964,8.6357
33,6.6182,7.1261,8.6231
33.1,6.6167,7.1553,8.6099
33.2,6.6151,7.1841,8.5962
33.3,6.6133,7.2124,8.5818
33.4,6.6115,7.2403,8.5668
33.5,6.6096,7.2677,8.5513
33.6,6.6076,7.2947,8.5351
33.7,6.6055,7.3212,8.5183
33.8,6.6034,7.3472,8.5009
33.9,6.6011,7.3736,8.4829
34,6.5987,7.3996,8.4651
34.1,6.5967,7.4254,8.4473
34.2,6.5947,7.4508,8.429
34.3,6.5927,7.4759,8.4103
34.4,6.5906,7.5007,8.3912
34.5,6.5885,7.5251,8.3717
34.6,6.5863,7.5492,8.3518
34.7,6.5841,7.573,8.3315
34.8,6.5818,7.5964,8.3109
34.9,6.5795,7.6196,8.2898
35,6.5771,7.6423,8.2684
35.1,6.5747,7.6654,8.2466
35.2,6.5722,7.6883,8.2245
35.3,6.5696,7.711,8.202
35.4,6.5671,7.7335,8.1791
35.5,6.5644,7.7558,8.1559
35.6,6.5617,7.7779,8.1324
35.7,6.5589,7.7997,8.1088
35.8,6.5561,7.8213,8.0851
35.9,6.5533,7.8427,8.0612
36,6.5504,7.8639,8.037
36.1,6.5474,7.8849,8.0126
36.2,6.5444,7.9056,7.9878
36.3,6.5413,7.9264,7.9628
36.4,6.5382,7.9471,7.9376
36.5,6.535,7.9677,7.912
36.6,6.5318,7.9881,7.8862
36.7,6.5285,8.0083,7.8601
36.8,6.5252,8.0283,7.8338
36.9,6.5218,8.0482,7.8072
37,6.5188,8.068,7.7803
37.1,6.5158,8.0875,7.7531
37.2,6.5127,8.107,7.7256
37.3,6.5096,8.1262,7.6979
37.4,6.5066,8.1453,7.6698
37.5,6.5034,8.1644,7.6414
37.6,6.5003,8.1834,7.6128
37.7,6.4971,8.2023,7.5838
37.8,6.494,8.221,7.5545
37.9,6.4908,8.2396,7.525
38,6.4875,8.2581,7.4953
38.1,6.4843,8.2764,7.4653
38.2,6.481,8.2946,7.4349
38.3,6.4777,8.3127,7.4043
38.4,6.4744,8.3306,7.3734
38.5,6.471,8.3483,7.3422
38.6,6.4677,8.366,7.3107
38.7,6.4643,8.3835,7.2789
38.8,6.4608,8.4009,7.2469
38.9,6.4574,8.4181,7.2145
39,6.4539,8.4352,7.1819
39.1,6.4505,8.4521,7.149
39.2,6.447,8.469,7.1159
39.3,6.4434,8.4857,7.0824
39.4,6.4399,8.5024,7.0487
39.5,6.4363,8.5191,7.0148
39.6,6.4327,8.5356,6.9805
39.7,6.4291,8.5519,6.946
39.8,6.4255,8.5682,6.9112
39.9,6.422,8.5843,6.8762
40,6.4184,8.6004,6.8409
40.1,6.4149,8.6163,6.8053
40.2,6.4113,8.6321,6.7694
40.3,6.4078,8.6477,6.7333
40.4,6.4042,8.6633,6.697
40.5,6.4006,8.6787,6.6603
40.6,6.397,8.694,6.6235
40.7,6.3933,8.7092,6.5863
40.8,6.3897,8.7243,6.5489
40.9,6.3861,8.7393,6.5113
41,6.3824,8.7541,6.4734
41.1,6.3787,8.7689,6.4353
41.2,6.375,8.7836,6.3969
41.3,6.3713,8.7983,6.3582
41.4,6.3676,8.8128,6.3193
41.5,6.3639,8.8273,6.2802
41.6,6.3601,8.8416,6.2408
41.7,6.3564,8.8559,6.2012
41.8,6.3526,8.87,6.1613
41.9,6.3488,8.8841,6.1212
42,6.345,8.898,6.0808
42.1,6.3412,8.9119,6.0403
42.2,6.3374,8.9256,5.9995
42.3,6.3336,8.9392,5.9586
42.4,6.3297,8.9527,5.9174
42.5,6.3258,8.9662,5.876
42.6,6.322,8.9795,5.8343
42.7,6.3182,8.9927,5.7925
42.8,6.3144,9.0058,5.7504
42.9,6.3106,9.0188,5.7082
43,6.3068,9.0319,5.6657
43.1,6.303,9.0448,5.623
43.2,6.2992,9.0577,5.5801
43.3,6.2954,9.0704,5.5369
43.4,6.2915,9.0831,5.4936
43.5,6.2877,9.0957,5.4501
43.6,6.2839,9.1082,5.4064
43.7,6.28,9.1206,5.3624
43.8,6.2762,9.1329,5.3183
43.9,6.2724,9.1451,5.274
44,6.2685,9.1573,5.2295
44.1,6.2646,9.1693,5.1847
44.2,6.2608,9.1813,5.1398
44.3,6.2569,9.1932,5.0947
44.4,6.253,9.2049,5.0495
44.5,6.2491,9.2166,5.0041
44.6,6.2453,9.2282,4.9589
44.7,6.2414,9.2397,4.9138
44.8,6.2375,9.2505,4.8686
44.9,6.2336,9.2607,4.8235
45,6.2296,9.2705,4.7786
45.1,6.2257,9.28,4.7338
45.2,6.2218,9.2892,4.691
45.3,6.2179,9.2979,4.6491
45.4,6.2139,9.3063,4.6084
45.5,6.2101,9.3143,4.569
45.6,6.2065,9.3218,4.5309
45.7,6.203,9.3289,4.4944
45.8,6.1995,9.3356,4.4589
45.9,6.1961,9.3417,4.4245
46,6.1926,9.3474,4.3915
46.1,6.1892,9.3528,4.3601
46.2,6.1858,9.3578,4.3303
46.3,6.1824,9.3624,4.3022
46.4,6.1791,9.3665,4.2752
46.5,6.1758,9.3701,4.2488
46.6,6.1725,9.3732,4.2237
46.7,6.1693,9.3758,4.1997
46.8,6.166,9.3778,4.1769
46.9,6.1629,9.3794,4.1552
47,6.1597,9.3804,4.1346
47.1,6.1566,9.3808,4.1146
47.2,6.1535,9.3807,4.0954
47.3,6.1504,9.3801,4.077
47.4,6.1474,9.3794,4.0594
47.5,6.1444,9.3786,4.0424
47.6,6.1414,9.3775,4.0261
47.7,6.1385,9.376,4.0106
47.8,6.1356,9.3741,3.9957
47.9,6.1328,9.3718,3.9813
48,6.1299,9.3692,3.9675
48.1,6.1272,9.3662,3.9542
48.2,6.1244,9.3628,3.9413
48.3,6.1217,9.3591,3.9288
48.4,6.1191,9.3551,3.9168
48.5,6.1165,9.3507,3.9054
48.6,6.1139,9.3459,3.8945
48.7,6.1114,9.3411,3.8839
48.8,6.1089,9.3361,3.8737
48.9,6.1064,9.3309,3.8639
49,6.104,9.3255,3.8544
49.1,6.1017,9.3199,3.8452
49.2,6.0994,9.3141,3.8363
49.3,6.0971,9.308,3.8279
49.4,6.0949,9.3018,3.8198
49.5,6.0927,9.2954,3.812
49.6,6.0906,9.2889,3.8045
49.7,6.0886,9.2822,3.7973
49.8,6.0865,9.2754,3.7904
49.9,6.0846,9.2684,3.7836
50,6.0827,9.2612,3.7772
50.1,6.0808,9.2538,3.771
50.2,6.079,9.2463,3.7651
50.3,6.0772,9.2386,3.7595
50.4,6.0752,9.2309,3.754
50.5,6.0728,9.223,3.7488
50.6,6.0704,9.215,3.7437
50.7,6.068,9.2069,3.7388
50.8,6.0657,9.1987,3.7342
50.9,6.0634,9.1904,3.7297
51,6.061,9.182,3.7255
51.1,6.0587,9.1736,3.7214
51.2,6.0565,9.1651,3.7174
51.3,6.0542,9.1563,3.7136
51.4,6.0519,9.1472,3.71
51.5,6.0497,9.1379,3.7065
51.6,6.0474,9.1285,3.7032
51.7,6.0452,9.1191,3.7001
51.8,6.043,9.1095,3.6971
51.9,6.0408,9.0998,3.6942
52,6.0387,9.0901,3.6915
52.1,6.0365,9.0802,3.6888
52.2,6.0344,9.0703,3.6863
52.3,6.0322,9.0603,3.6838
52.4,6.0301,9.0503,3.6815
52.5,6.028,9.0402,3.6792
52.6,6.0259,9.03,3.677
52.7,6.0239,9.0197,3.6749
52.8,6.0218,9.0095,3.6729
52.9,6.0198,8.9991,3.6709
53,6.0178,8.9887,3.6689
53.1,6.0157,8.9783,3.667
53.2,6.0137,8.9679,3.6653
53.3,6.0118,8.9574,3.6637
53.4,6.0098,8.9469,3.6622
53.5,6.0078,8.9359,3.6607
53.6,6.0059,8.9248,3.6593
53.7,6.004,8.9136,3.658
53.8,6.0021,8.9023,3.6567
53.9,6.0002,8.8909,3.6554
54,5.9983,8.8795,3.6542
54.1,5.9964,8.868,3.653
54.2,5.9946,8.8564,3.6518
54.3,5.9927,8.8447,3.6507
54.4,5.9909,8.833,3.6496
54.5,5.9891,8.8212,3.6484
54.6,5.9873,8.8093,3.6473
54.7,5.9855,8.7973,3.6462
54.8,5.9838,8.7853,3.6452
54.9,5.982,8.7732,3.6444
55,5.9803,8.7611,3.6435
55.1,5.9786,8.7489,3.6427
55.2,5.9769,8.7366,3.6419
55.3,5.9748,8.7243,3.6412
55.4,5.9726,8.7119,3.6405
55.5,5.9705,8.6995,3.6398
55.6,5.9684,8.6869,3.6391
55.7,5.9662,8.6741,3.6384
55.8,5.9641,8.6612,3.6377
55.9,5.962,8.6482,3.6371
56,5.9598,8.6352,3.6364
56.1,5.9577,8.622,3.6358
56.2,5.9555,8.6088,3.6352
56.3,5.9534,8.5955,3.6346
56.4,5.9513,8.5821,3.6339
56.5,5.9491,8.5686,3.6334
56.6,5.947,8.555,3.6329
56.7,5.9448,8.5413,3.6325
56.8,5.9427,8.5276,3.632
56.9,5.9406,8.5137,3.6316
57,5.9384,8.4998,3.6312
57.1,5.9363,8.4858,3.6308
57.2,5.9341,8.4717,3.6304
57.3,5.932,8.4575,3.63
57.4,5.9299,8.4432,3.6296
57.5,5.9277,8.4289,3.6292
57.6,5.9256,8.4144,3.6289
57.7,5.9234,8.3999,3.6285
57.8,5.9213,8.3852,3.6282
57.9,5.9192,8.3705,3.6279
58,5.917,8.3556,3.6275
58.1,5.9149,8.3407,3.6272
58.2,5.9127,8.3257,3.627
58.3,5.9106,8.3105,3.6267
58.4,5.9085,8.2953,3.6265
58.5,5.9063,8.28,3.6262
58.6,5.9042,8.2646,3.626
58.7,5.9021,8.2491,3.6258
58.8,5.8999,8.2335,3.6256
58.9,5.8978,8.2178,3.6254
59,5.8956,8.202,3.6252
59.1,5.8935,8.1861,3.625
59.2,5.8914,8.1701,3.6248
59.3,5.8892,8.154,3.6246
59.4,5.8871,8.1378,3.6244
59.5,5.8849,8.1215,3.6243
59.6,5.8828,8.1051,3.6241
59.7,5.8807,8.0887,3.6238
59.8,5.8785,8.0721,3.6233
59.9,5.8764,8.0557,3.6228
60,5.8742,8.0406,3.6222
60.1,5.8722,8.0257,3.6216
60.2,5.8705,8.0109,3.621
60.3,5.8689,7.9965,3.6204
60.4,5.8672,7.9822,3.6198
60.5,5.8655,7.9682,3.6191
60.6,5.8639,7.9545,3.6184
60.7,5.8622,7.9411,3.6177
60.8,5.8605,7.928,3.6169
60.9,5.8589,7.9152,3.6162
61,5.8572,7.9028,3.6154
61.1,5.8556,7.8907,3.6146
61.2,5.8539,7.879,3.6137
61.3,5.8522,7.8677,3.6129
61.4,5.8506,7.8567,3.612
61.5,5.8489,7.8462,3.6111
61.6,5.8472,7.8355,3.6102
61.7,5.8456,7.8251,3.6092
61.8,5.8439,7.8149,3.6082
61.9,5.8422,7.8052,3.6072
62,5.8406,7.7957,3.6061
62.1,5.8389,7.7867,3.6049
62.2,5.8372,7.7779,3.6038
62.3,5.8356,7.7696,3.6026
62.4,5.8339,7.7617,3.6013
62.5,5.8323,7.7541,3.6001
62.6,5.8306,7.747,3.5988
62.7,5.8289,7.7403,3.5974
62.8,5.8273,7.734,3.5961
62.9,5.8256,7.7281,3.5947
63,5.8239,7.7227,3.5932
63.1,5.8223,7.7177,3.5918
63.2,5.8206,7.7123,3.5903
63.3,5.8189,7.7069,3.5888
63.4,5.8173,7.7016,3.5872
63.5,5.8156,7.6966,3.5856
63.6,5.8141,7.6919,3.584
63.7,5.8126,7.6873,3.5824
63.8,5.8111,7.683,3.5807
63.9,5.8096,7.6789,3.579
64,5.8081,7.675,3.5773
64.1,5.8066,7.6713,3.5755
64.2,5.8051,7.6678,3.5739
64.3,5.8036,7.6646,3.5722
64.4,5.8021,7.6615,3.5704
64.5,5.8007,7.6586,3.5687
64.6,5.7992,7.6559,3.5669
64.7,5.7977,7.6534,3.5652
64.8,5.7962,7.6509,3.5634
64.9,5.7947,7.6483,3.5615
65,5.7932,7.6459,3.5597
65.1,5.7917,7.6435,3.5578
65.2,5.7902,7.6413,3.5559
65.3,5.7887,7.6391,3.554
65.4,5.7873,7.637,3.5521
65.5,5.7858,7.6349,3.5502
65.6,5.7843,7.6329,3.5482
65.7,5.7828,7.631,3.5462
65.8,5.7813,7.6291,3.5442
65.9,5.7798,7.6272,3.5422
66,5.7783,7.6253,3.5401
66.1,5.7768,7.6235,3.538
66.2,5.7753,7.6217,3.5359
66.3,5.7739,7.6198,3.5339
66.4,5.7724,7.618,3.5319
66.5,5.7709,7.6165,3.5299
66.6,5.7694,7.6149,3.5279
66.7,5.7679,7.6134,3.5258
66.8,5.7664,7.612,3.5238
66.9,5.7649,7.6105,3.5217
67,5.7634,7.609,3.5197
67.1,5.762,7.6076,3.5176
67.2,5.7605,7.6062,3.5155
67.3,5.759,7.6047,3.5134
67.4,5.7576,7.6032,3.5113
67.5,5.7561,7.6018,3.5092
67.6,5.7546,7.6003,3.5071
67.7,5.7531,7.5987,3.505
67.8,5.7517,7.5972,3.5028
67.9,5.7502,7.5956,3.5007
68,5.7487,7.594,3.4985
68.1,5.7472,7.5927,3.4964
68.2,5.7458,7.5915,3.4942
68.3,5.7443,7.5903,3.492
68.4,5.7428,7.5891,3.4898
68.5,5.7414,7.5879,3.4876
68.6,5.7399,7.5867,3.4854
68.7,5.7384,7.5855,3.4831
68.8,5.7369,7.5844,3.4809
68.9,5.7355,7.5832,3.4786
69,5.734,7.582,3.4764
69.1,5.7325,7.5808,3.4741
69.2,5.7311,7.5796,3.4718
69.3,5.7296,7.5784,3.4696
69.4,5.7281,7.5772,3.4673
69.5,5.7266,7.576,3.465
69.6,5.7252,7.5748,3.4628
69.7,5.7237,7.5735,3.4605
69.8,5.7222,7.5722,3.4582
69.9,5.7208,7.5709,3.4559
70,5.7193,7.5696,3.4537
70.1,5.7178,7.5683,3.4514
70.2,5.7163,7.5672,3.4491
70.3,5.7149,7.5661,3.4468
70.4,5.7134,7.565,3.4446
70.5,5.7119,7.5639,3.4423
70.6,5.7103,7.5628,3.44
70.7,5.7087,7.5617,3.4378
70.8,5.7072,7.5606,3.4355
70.9,5.7056,7.5596,3.4333
71,5.704,7.5585,3.431
71.1,5.7025,7.5574,3.4288
71.2,5.7009,7.5564,3.4265
71.3,5.6993,7.5553,3.4243
71.4,5.6977,7.5543,3.422
71.5,5.6962,7.5532,3.4198
71.6,5.6946,7.5522,3.4176
71.7,5.693,7.5511,3.4154
71.8,5.6915,7.5501,3.4131
71.9,5.6899,7.549,3.4109
72,5.6883,7.548,3.4087
72.1,5.6867,7.547,3.4066
72.2,5.6852,7.5459,3.4044
72.3,5.6836,7.5449,3.4022
72.4,5.682,7.544,3.4
72.5,5.6805,7.543,3.3979
72.6,5.6789,7.542,3.3957
72.7,5.6773,7.5411,3.3936
72.8,5.6757,7.5401,3.3915
72.9,5.6742,7.5392,3.3894
73,5.6726,7.5382,3.3873
73.1,5.671,7.5373,3.3852
73.2,5.6695,7.5364,3.3831
73.3,5.6679,7.5355,3.381
73.4,5.6663,7.5345,3.3788
73.5,5.6647,7.5336,3.3765
73.6,5.6632,7.5327,3.3743
73.7,5.6616,7.5319,3.372
73.8,5.66,7.531,3.3698
73.9,5.6585,7.5301,3.3676
74,5.6569,7.5292,3.3653
74.1,5.6553,7.5284,3.3631
74.2,5.6537,7.5275,3.3608
74.3,5.6522,7.5267,3.3586
74.4,5.6506,7.5258,3.3564
74.5,5.649,7.5249,3.3541
74.6,5.6475,7.5241,3.3519
74.7,5.6459,7.5232,3.3497
74.8,5.6443,7.5224,3.3475
74.9,5.6427,7.5216,3.3452
75,5.6412,7.5207,3.343
75.1,5.6396,7.5199,3.3408
75.2,5.638,7.5191,3.3386
75.3,5.6365,7.5182,3.3364
75.4,5.6349,7.5174,3.3342
75.5,5.6333,7.5166,3.332
75.6,5.6318,7.5158,3.3298
75.7,5.6302,7.515,3.3276
75.8,5.6286,7.5142,3.3254
75.9,5.627,7.5134,3.3232
76,5.6255,7.5125,3.3211
76.1,5.6239,7.5117,3.3189
76.2,5.6223,7.5109,3.3167
76.3,5.6208,7.5101,3.3146
76.4,5.6192,7.5094,3.3124
76.5,5.6176,7.5086,3.3102
76.6,5.616,7.5078,3.3081
76.7,5.6145,7.507,3.3059
76.8,5.6129,7.5062,3.3038
76.9,5.6113,7.5054,3.3017
77,5.6098,7.5046,3.2995
77.1,5.6082,7.5038,3.2974
77.2,5.6066,7.503,3.2953
77.3,5.605,7.5022,3.2932
77.4,5.6035,7.5014,3.2911
77.5,5.6019,7.5006,3.289
77.6,5.6003,7.4998,3.2869
77.7,5.5988,7.499,3.2848
77.8,5.5972,7.4982,3.2827
77.9,5.5956,7.4975,3.2807
78,5.594,7.4967,3.2786
78.1,5.5925,7.4959,3.2765
78.2,5.5909,7.4951,3.2745
78.3,5.5893,7.4943,3.2723
78.4,5.5878,7.4935,3.2701
78.5,5.5862,7.4927,3.268
78.6,5.5846,7.492,3.2658
78.7,5.583,7.4912,3.2637
78.8,5.5815,7.4905,3.2615
78.9,5.5799,7.4898,3.2594
79,5.5783,7.489,3.2572
79.1,5.5768,7.4883,3.255
79.2,5.5752,7.4876,3.2529
79.3,5.5736,7.4869,3.2507
79.4,5.572,7.4861,3.2486
79.5,5.5705,7.4854,3.2464
79.6,5.5689,7.4847,3.2443
79.7,5.5673,7.484,3.2421
79.8,5.5658,7.4832,3.24
79.9,5.5642,7.4825,3.2378
80,5.5626,7.4818,3.2357
80.1,5.561,7.4811,3.2335
80.2,5.5595,7.4803,3.2314
80.3,5.5579,7.4796,3.2292
80.4,5.5563,7.4789,3.2271
80.5,5.5548,7.4782,3.2249
80.6,5.5532,7.4774,3.2228
80.7,5.5516,7.4767,3.2206
80.8,5.55,7.476,3.2185
80.9,5.5485,7.4752,3.2164
81,5.5469,7.4745,3.2142
81.1,5.5453,7.4738,3.2121
81.2,5.5438,7.473,3.2099
81.3,5.5422,7.4723,3.2078
81.4,5.5406,7.4716,3.2056
81.5,5.539,7.4708,3.2035
81.6,5.5375,7.4701,3.2013
81.7,5.5359,7.4693,3.1992
81.8,5.5343,7.4686,3.197
81.9,5.5328,7.4678,3.1949
82,5.5312,7.4671,3.1928
82.1,5.5296,7.4663,3.1906
82.2,5.528,7.4656,3.1885
82.3,5.5265,7.4648,3.1863
82.4,5.5249,7.464,3.1842
82.5,5.5233,7.4633,3.182
82.6,5.5216,7.4625,3.1799
82.7,5.5198,7.4617,3.1778
82.8,5.5181,7.4609,3.1756
82.9,5.5164,7.4602,3.1735
83,5.5147,7.4594,3.1713
83.1,5.513,7.4586,3.1692
83.2,5.5112,7.4578,3.167
83.3,5.5095,7.457,3.1649
83.4,5.5078,7.4562,3.1627
83.5,5.5061,7.4554,3.1606
83.6,5.5044,7.4546,3.1584
83.7,5.5026,7.4538,3.1563
83.8,5.5009,7.453,3.1541
83.9,5.4992,7.4522,3.152
84,5.4975,7.4513,3.1498
84.1,5.4957,7.4505,3.1477
84.2,5.494,7.4497,3.1455
84.3,5.4923,7.4488,3.1434
84.4,5.4906,7.448,3.1412
84.5,5.4889,7.4471,3.1391
84.6,5.4871,7.4463,3.1369
84.7,5.4854,7.4454,3.1347
84.8,5.4837,7.4446,3.1326
84.9,5.482,7.4437,3.1304
85,5.4803,7.4428,3.1283
85.1,5.4785,7.4419,3.1261
85.2,5.4768,7.4411,3.1239
85.3,5.4751,7.4402,3.1218
85.4,5.4734,7.4393,3.1196
85.5,5.4717,7.4384,3.1175
85.6,5.4699,7.4375,3.1153
85.7,5.4682,7.4367,3.1131
85.8,5.4665,7.4359,3.111
85.9,5.4648,7.4351,3.1088
86,5.4631,7.4343,3.1066
86.1,5.4613,7.4335,3.1045
86.2,5.4596,7.4328,3.1023
86.3,5.4579,7.432,3.1001
86.4,5.4562,7.4312,3.098
86.5,5.4545,7.4304,3.0958
86.6,5.4527,7.4296,3.0936
86.7,5.451,7.4288,3.0914
86.8,5.4493,7.428,3.0893
86.9,5.4476,7.4272,3.0871
87,5.4459,7.4264,3.0849
87.1,5.4441,7.4257,3.0827
87.2,5.4424,7.4249,3.0806
87.3,5.4407,7.4241,3.0784
87.4,5.439,7.4233,3.0762
87.5,5.4373,7.4225,3.074
87.6,5.4355,7.4217,3.0718
87.7,5.4338,7.4209,3.0696
87.8,5.4321,7.4201,3.0675
87.9,5.4304,7.4193,3.0653
88,5.4287,7.4184,3.0631
88.1,5.4269,7.4176,3.0609
88.2,5.4252,7.4168,3.0588
88.3,5.4235,7.416,3.0566
88.4,5.4218,7.4152,3.0544
88.5,5.4201,7.4144,3.0523
88.6,5.4183,7.4136,3.0501
88.7,5.4166,7.4128,3.0479
88.8,5.4149,7.4119,3.0457
88.9,5.4132,7.4111,3.0436
89,5.4115,7.4103,3.0414
89.1,5.4097,7.4095,3.0392
89.2,5.408,7.4087,3.0371
89.3,5.4063,7.4078,3.0349
89.4,5.4046,7.407,3.0327
89.5,5.4029,7.4062,3.0306
89.6,5.4011,7.4053,3.0284
89.7,5.3994,7.4045,3.0262
89.8,5.3977,7.4037,3.0241
89.9,5.396,7.4028,3.0219
90,5.3943,7.402,3.0197
90.1,5.3925,7.4012,3.0175
90.2,5.3908,7.4003,3.0154
90.3,5.3891,7.3995,3.0132
90.4,5.3874,7.3986,3.011
90.5,5.3857,7.3978,3.0089
90.6,5.3839,7.3969,3.0067
90.7,5.3822,7.3961,3.0045
90.8,5.3805,7.3952,3.0024
90.9,5.3788,7.3943,3.0002
91,5.3771,7.3935,2.998
91.1,5.3753,7.3926,2.9959
91.2,5.3736,7.3918,2.9937
91.3,5.3719,7.3909,2.9915
91.4,5.3702,7.39,2.9893
91.5,5.3685,7.3891,2.9872
91.6,5.3667,7.3883,2.985
91.7,5.3649,7.3874,2.9828
91.8,5.363,7.3865,2.9807
91.9,5.3611,7.3856,2.9785
92,5.3593,7.3847,2.9763
92.1,5.3574,7.3839,2.9742
92.2,5.3555,7.383,2.972
92.3,5.3537,7.3821,2.9698
92.4,5.3518,7.3812,2.9677
92.5,5.3499,7.3803,2.9655
92.6,5.348,7.3794,2.9633
92.7,5.3462,7.3785,2.9612
92.8,5.3443,7.3776,2.959
92.9,5.3424,7.3768,2.9569
93,5.3406,7.3759,2.9547
93.1,5.3387,7.3751,2.9526
93.2,5.3368,7.3743,2.9504
93.3,5.335,7.3734,2.9483
93.4,5.3331,7.3726,2.9461
93.5,5.3312,7.3717,2.944
93.6,5.3293,7.3709,2.9418
93.7,5.3275,7.37,2.9397
93.8,5.3256,7.3692,2.9375
93.9,5.3237,7.3683,2.9354
94,5.3219,7.3675,2.9332
94.1,5.32,7.3666,2.9311
94.2,5.3181,7.3658,2.9289
94.3,5.3162,7.365,2.9268
94.4,5.3144,7.3641,2.9246
94.5,5.3125,7.3633,2.9225
94.6,5.3106,7.3624,2.9204
94.7,5.3088,7.3616,2.9182
94.8,5.3069,7.3607,2.9161
94.9,5.305,7.3599,2.9139
95,5.3031,7.359,2.9118
95.1,5.3013,7.3582,2.9096
95.2,5.2994,7.3573,2.9075
95.3,5.2975,7.3565,2.9053
95.4,5.2957,7.3557,2.9032
95.5,5.2938,7.3548,2.9011
95.6,5.2919,7.354,2.8989
95.7,5.2901,7.3531,2.8968
95.8,5.2882,7.3523,2.8946
95.9,5.2863,7.3514,2.8925
96,5.2844,7.3506,2.8904
96.1,5.2826,7.3497,2.8882
96.2,5.2807,7.3489,2.8861
96.3,5.2788,7.3481,2.8839
96.4,5.277,7.3472,2.8818
96.5,5.2751,7.3464,2.8797
96.6,5.2732,7.3455,2.8775
96.7,5.2713,7.3447,2.8754
96.8,5.2695,7.3438,2.8732
96.9,5.2676,7.343,2.8711
97,5.2657,7.3421,2.869
97.1,5.2639,7.3413,2.8668
97.2,5.262,7.3405,2.8647
97.3,5.2601,7.3396,2.8625
97.4,5.2583,7.3388,2.8604
97.5,5.2564,7.3379,2.8583
97.6,5.2545,7.3371,2.8561
97.7,5.2526,7.3362,2.854
97.8,5.2508,7.3354,2.8519
97.9,5.2489,7.3346,2.8497
98,5.247,7.3337,2.8476
98.1,5.2452,7.3329,2.8455
98.2,5.2433,7.332,2.8433
98.3,5.2414,7.3312,2.8412
98.4,5.2395,7.3304,2.839
98.5,5.2377,7.3295,2.8369
98.6,5.2358,7.3287,2.8348
98.7,5.2339,7.3278,2.8326
98.8,5.2321,7.327,2.8305
98.9,5.2302,7.3262,2.8284
99,5.2283,7.3253,2.8262
99.1,5.2265,7.3245,2.8241
99.2,5.2246,7.3236,2.822
99.3,5.2227,7.3228,2.8198
99.4,5.2208,7.322,2.8177
99.5,5.219,7.3211,2.8156
99.6,5.2171,7.3203,2.8135
99.7,5.2152,7.3195,2.8113
99.8,5.2134,7.3186,2.8092
99.9,5.2115,7.3178,2.8071
100,5.2096,7.317,2.8049
100.1,5.2077,7.3161,2.8028
100.2,5.2059,7.3153,2.8007
100.3,5.204,7.3144,2.7985
100.4,5.2021,7.3136,2.7964
100.5,5.2003,7.3127,2.7943
100.6,5.1984,7.3119,2.7922
100.7,5.1965,7.3111,2.79
100.8,5.1946,7.3102,2.7879
100.9,5.1926,7.3094,2.7858
101,5.1905,7.3085,2.7836
101.1,5.1885,7.3077,2.7815
101.2,5.1865,7.3069,2.7794
101.3,5.1844,7.306,2.7773
101.4,5.1824,7.3052,2.7751
101.5,5.1804,7.3043,2.773
101.6,5.1784,7.3035,2.7709
101.7,5.1763,7.3027,2.7688
101.8,5.1743,7.3018,2.7666
101.9,5.1723,7.301,2.7645
102,5.1703,7.3001,2.7624
102.1,5.1682,7.2993,2.7603
102.2,5.1662,7.2985,2.7581
102.3,5.1642,7.2976,2.756
102.4,5.1621,7.2968,2.7539
102.5,5.1601,7.2959,2.7518
102.6,5.1581,7.2951,2.7496
102.7,5.1561,7.2943,2.7475
102.8,5.154,7.2934,2.7454
102.9,5.152,7.2926,2.7433
103,5.15,7.2918,2.7412
103.1,5.148,7.2909,2.739
103.2,5.1459,7.2901,2.7369
103.3,5.1439,7.2893,2.7348
103.4,5.1419,7.2884,2.7327
103.5,5.1399,7.2876,2.7305
103.6,5.1378,7.2867,2.7284
103.7,5.1358,7.2859,2.7263
103.8,5.1338,7.2851,2.7242
103.9,5.1317,7.2842,2.7221
104,5.1297,7.2834,2.7199
104.1,5.1277,7.2826,2.7178
104.2,5.1257,7.2817,2.7157
104.3,5.1236,7.2809,2.7136
104.4,5.1216,7.2801,2.7115
104.5,5.1196,7.2792,2.7094
104.6,5.1176,7.2784,2.7073
104.7,5.1155,7.2776,2.7051
104.8,5.1135,7.2767,2.703
104.9,5.1115,7.2759,2.7009
105,5.1094,7.2751,2.6988
105.1,5.1074,7.2742,2.6967
105.2,5.1054,7.2734,2.6946
105.3,5.1034,7.2726,2.6925
105.4,5.1013,7.2718,2.6904
105.5,5.0993,7.2709,2.6883
105.6,5.0973,7.2701,2.6862
105.7,5.0953,7.2693,2.6841
105.8,5.0932,7.2684,2.682
105.9,5.0912,7.2676,2.6799
106,5.0892,7.2668,2.6778
106.1,5.0871,7.266,2.6757
106.2,5.0851,7.2651,2.6736
106.3,5.0831,7.2643,2.6715
106.4,5.0811,7.2635,2.6694
106.5,5.079,7.2626,2.6673
106.6,5.077,7.2618,2.6652
106.7,5.075,7.261,2.6631
106.8,5.073,7.2602,2.661
106.9,5.0709,7.2593,2.6589
107,5.0689,7.2585,2.6568
107.1,5.0669,7.2577,2.6547
107.2,5.0648,7.2568,2.6526
107.3,5.0628,7.256,2.6505
107.4,5.0608,7.2552,2.6484
107.5,5.0588,7.2543,2.6463
107.6,5.0567,7.2535,2.6442
107.7,5.0547,7.2527,2.6421
107.8,5.0527,7.2518,2.64
107.9,5.0507,7.251,2.6379
108,5.0486,7.2501,2.6358
108.1,5.0466,7.2493,2.6337
108.2,5.0446,7.2485,2.6316
108.3,5.0426,7.2476,2.6295
108.4,5.0405,7.2468,2.6274
108.5,5.0385,7.246,2.6253
108.6,5.0365,7.2451,2.6232
108.7,5.0344,7.2443,2.6211
108.8,5.0324,7.2434,2.619
108.9,5.0304,7.2426,2.6169
109,5.0284,7.2418,2.6149
109.1,5.0263,7.2409,2.6128
109.2,5.0243,7.2401,2.6107
109.3,5.0223,7.2392,2.6086
109.4,5.0203,7.2384,2.6065
109.5,5.0182,7.2376,2.6044
109.6,5.0162,7.2367,2.6023
109.7,5.0142,7.2359,2.6002
109.8,5.0121,7.235,2.5981
109.9,5.0101,7.2342,2.5961
110,5.008,7.2334,2.594
110.1,5.0059,7.2325,2.5919
110.2,5.0038,7.2317,2.5898
110.3,5.0017,7.2308,2.5877
110.4,4.9996,7.23,2.5856
110.5,4.9975,7.2291,2.5835
110.6,4.9953,7.2283,2.5815
110.7,4.9932,7.2275,2.5794
110.8,4.9911,7.2266,2.5773
110.9,4.989,7.2258,2.5752
111,4.9869,7.2249,2.5731
111.1,4.9847,7.2241,2.571
111.2,4.9826,7.2232,2.569
111.3,4.9805,7.2224,2.5669
111.4,4.9783,7.2216,2.5648
111.5,4.9762,7.2207,2.5627
111.6,4.9741,7.2199,2.5606
111.7,4.9719,7.219,2.5586
111.8,4.9698,7.2182,2.5565
111.9,4.9677,7.2173,2.5544
112,4.9655,7.2165,2.5523
112.1,4.9634,7.2156,2.5502
112.2,4.9612,7.2148,2.5482
112.3,4.9591,7.2139,2.5461
112.4,4.9569,7.2131,2.544
112.5,4.9548,7.2122,2.5419
112.6,4.9526,7.2114,2.5399
112.7,4.9505,7.2105,2.5378
112.8,4.9483,7.2097,2.5357
112.9,4.9462,7.2088,2.5336
113,4.944,7.208,2.5316
113.1,4.9419,7.2072,2.5295
113.2,4.9397,7.2063,2.5274
113.3,4.9375,7.2054,2.5253
113.4,4.9354,7.2046,2.5233
113.5,4.9332,7.2037,2.5212
113.6,4.931,7.2029,2.5191
113.7,4.9289,7.202,2.517
113.8,4.9267,7.2012,2.515
113.9,4.9245,7.2003,2.5129
114,4.9224,7.1995,2.5108
114.1,4.9202,7.1986,2.5088
114.2,4.918,7.1978,2.5067
114.3,4.9158,7.1969,2.5046
114.4,4.9136,7.1961,2.5026
114.5,4.9115,7.1952,2.5005
114.6,4.9093,7.1944,2.4984
114.7,4.9071,7.1935,2.4963
114.8,4.9049,7.1927,2.4943
114.9,4.9027,7.1918,2.4922
115,4.9005,7.191,2.4901
115.1,4.8983,7.1901,2.4881
115.2,4.8961,7.1892,2.486
115.3,4.8939,7.1884,2.484
115.4,4.8917,7.1875,2.4819
115.5,4.8895,7.1867,2.4798
115.6,4.8873,7.1858,2.4778
115.7,4.8851,7.185,2.4757
115.8,4.8829,7.1841,2.4736
115.9,4.8807,7.1832,2.4716
116,4.8785,7.1824,2.4695
116.1,4.8763,7.1815,2.4674
116.2,4.8741,7.1807,2.4654
116.3,4.8719,7.1798,2.4633
116.4,4.8696,7.179,2.4613
116.5,4.8674,7.1781,2.4592
116.6,4.8652,7.1772,2.4572
116.7,4.863,7.1764,2.4551
116.8,4.8608,7.1755,2.453
116.9,4.8585,7.1747,2.451
117,4.8563,7.1738,2.4489
117.1,4.8541,7.1729,2.4469
117.2,4.8518,7.1721,2.4448
117.3,4.8496,7.1712,2.4428
117.4,4.8474,7.1704,2.4407
117.5,4.8451,7.1695,2.4387
117.6,4.8429,7.1686,2.4366
117.7,4.8407,7.1678,2.4346
117.8,4.8384,7.1669,2.4325
117.9,4.8362,7.166,2.4305
118,4.8339,7.1652,2.4284
118.1,4.8317,7.1643,2.4264
118.2,4.8295,7.1635,2.4243
118.3,4.8272,7.1626,2.4223
118.4,4.825,7.1617,2.4202
118.5,4.8227,7.1609,2.4182
118.6,4.8205,7.16,2.4161
118.7,4.8182,7.1591,2.4141
118.8,4.8159,7.1583,2.412
118.9,4.8137,7.1574,2.41
119,4.8114,7.1565,2.408
119.1,4.8092,7.1557,2.4059
119.2,4.8069,7.1548,2.4039
119.3,4.8046,7.1539,2.4018
119.4,4.8024,7.1531,2.3998
119.5,4.8001,7.1522,2.3977
119.6,4.7978,7.1513,2.3957
119.7,4.7955,7.1505,2.3937
119.8,4.7933,7.1496,2.3916
119.9,4.791,7.1487,2.3896
120,4.7887,7.1479,2.3875
