0,0.00031998,0.00031998,4e-05
0.1,0.00034405,0.0003456,4.7453e-05
0.2,0.00039274,0.00037597,6.5683e-05
0.3,0.00047863,0.00041145,0.00010032
0.4,0.0006156,0.00045283,0.00016166
0.5,0.00081993,0.00050047,0.00025998
0.6,0.0011097,0.00055513,0.00040809
0.7,0.0015052,0.00061754,0.00062021
0.8,0.0020286,0.00068798,0.00091253
0.9,0.0027043,0.00076744,0.001303
1,0.0035577,0.00085639,0.0018107
1.1,0.0046168,0.00095543,0.0024563
1.2,0.0059107,0.0010652,0.0032625
1.3,0.0074706,0.0011865,0.004253
1.4,0.0093292,0.0013202,0.0054532
1.5,0.01152,0.0014669,0.0068898
1.6,0.01408,0.0016271,0.0085907
1.7,0.017044,0.0018016,0.010586
1.8,0.020451,0.0019913,0.012905
1.9,0.024339,0.0021973,0.01558
2,0.02875,0.00242,0.018644
2.1,0.033723,0.0026603,0.022131
2.2,0.039302,0.0029188,0.026075
2.3,0.045527,0.0031966,0.030514
2.4,0.052442,0.003495,0.035482
2.5,0.060091,0.0038143,0.041019
2.6,0.068518,0.0041554,0.047161
2.7,0.077767,0.0045193,0.053949
2.8,0.08788,0.0049068,0.061421
2.9,0.098903,0.0053194,0.069619
3,0.11088,0.0057575,0.078581
3.1,0.12385,0.0062221,0.088349
3.2,0.13787,0.0067141,0.098965
3.3,0.15297,0.0072345,0.11047
3.4,0.16919,0.0077845,0.12291
3.5,0.18657,0.008365,0.13631
3.6,0.20517,0.008977,0.15073
3.7,0.225,0.0096215,0.16621
3.8,0.24612,0.0103,0.18278
3.9,0.26856,0.011012,0.20049
4,0.29235,0.011761,0.21938
4.1,0.31752,0.012545,0.23948
4.2,0.34411,0.013368,0.26084
4.3,0.37215,0.014229,0.2835
4.4,0.40166,0.015131,0.30749
4.5,0.43268,0.016073,0.33285
4.6,0.46521,0.017057,0.35962
4.7,0.49929,0.018085,0.38783
4.8,0.53493,0.019157,0.41751
4.9,0.57216,0.020274,0.44871
5,0.61098,0.021438,0.48144
5.1,0.6514,0.02265,0.51575
5.2,0.69345,0.02391,0.55166
5.3,0.73711,0.02522,0.5892
5.4,0.78241,0.026582,0.62839
5.5,0.82933,0.027996,0.66926
5.6,0.87789,0.029463,0.71183
5.7,0.92808,0.030985,0.75612
5.8,0.97989,0.032562,0.80216
5.9,1.0333,0.034197,0.84995
6,1.0884,0.035889,0.89953
6.1,1.145,0.037641,0.95089
6.2,1.2032,0.039454,1.004
6.3,1.263,0.041328,1.059
6.4,1.3243,0.043265,1.1158
6.5,1.3872,0.045266,1.1745
6.6,1.4515,0.047333,1.235
6.7,1.5174,0.049466,1.2973
6.8,1.5847,0.051667,1.3614
6.9,1.6534,0.053936,1.4274
7,1.7236,0.056276,1.4952
7.1,1.7951,0.058688,1.5648
7.2,1.868,0.061172,1.6363
7.3,1.9421,0.063729,1.7095
7.4,2.0175,0.066362,1.7846
7.5,2.0942,0.069071,1.8615
7.6,2.1721,0.071858,1.9401
7.7,2.2511,0.074723,2.0205
7.8,2.3313,0.077669,2.1027
7.9,2.4125,0.080695,2.1865
8,2.4948,0.083805,2.2721
8.1,2.578,0.086997,2.3593
8.2,2.6622,0.090274,2.4481
8.3,2.7473,0.093637,2.5386
8.4,2.8334,0.097087,2.6307
8.5,2.9203,0.10063,2.7244
8.6,3.0079,0.10425,2.8196
8.7,3.0964,0.10797,2.9164
8.8,3.1855,0.11179,3.0146
8.9,3.2752,0.11569,3.1142
9,3.3656,0.11969,3.2152
9.1,3.4565,0.12379,3.3176
9.2,3.5481,0.12798,3.4213
9.3,3.6401,0.13227,3.5263
9.4,3.7326,0.13667,3.6327
9.5,3.8255,0.14116,3.7402
9.6,3.9188,0.14575,3.8489
9.7,4.0124,0.15045,3.9588
9.8,4.1062,0.15526,4.0698
9.9,4.2004,0.16016,4.1818
10,4.2948,0.16518,4.2949
10.1,4.3894,0.1703,4.4089
10.2,4.4841,0.17553,4.5239
10.3,4.579,0.18088,4.6397
10.4,4.674,0.18633,4.7565
10.5,4.769,0.1919,4.8741
10.6,4.864,0.19758,4.9924
10.7,4.959,0.20337,5.1115
10.8,5.0542,0.20929,5.2313
10.9,5.1494,0.21532,5.3517
11,5.2446,0.22147,5.4728
11.1,5.3396,0.22774,5.5944
11.2,5.4344,0.23413,5.7166
11.3,5.5291,0.24065,5.8392
11.4,5.6235,0.24729,5.9623
11.5,5.7177,0.25405,6.0859
11.6,5.8116,0.26094,6.2098
11.7,5.9052,0.26795,6.334
11.8,5.9984,0.27509,6.4585
11.9,6.0912,0.28236,6.5834
12,6.1836,0.28976,6.7084
12.1,6.2755,0.29729,6.8337
12.2,6.3669,0.30495,6.9591
12.3,6.4584,0.31275,7.0846
12.4,6.5496,0.32068,7.2102
12.5,6.6404,0.32875,7.3359
12.6,6.7307,0.33696,7.4615
12.7,6.8206,0.3453,7.5872
12.8,6.9099,0.35378,7.7128
12.9,6.9987,0.3624,7.8384
13,7.0869,0.37117,7.9638
13.1,7.1745,0.38007,8.0891
13.2,7.2615,0.38912,8.2143
13.3,7.3479,0.39831,8.3392
13.4,7.4336,0.40765,8.4639
13.5,7.5185,0.41712,8.5884
13.6,7.6028,0.42675,8.7125
13.7,7.6863,0.43653,8.8363
13.8,7.7693,0.44645,8.9599
13.9,7.8519,0.45652,9.083
14,7.9339,0.46674,9.2058
14.1,8.0151,0.47712,9.3282
14.2,8.0956,0.48764,9.4502
14.3,8.1754,0.49833,9.5718
14.4,8.2544,0.50916,9.6929
14.5,8.3326,0.52015,9.8136
14.6,8.41,0.5313,9.9338
14.7,8.4866,0.5426,10.053
14.8,8.5624,0.55406,10.171
14.9,8.6373,0.56568,10.287
15,8.7113,0.57767,10.403
15.1,8.7844,0.59015,10.517
15.2,8.8567,0.60314,10.63
15.3,8.928,0.61674,10.741
15.4,8.9983,0.63103,10.851
15.5,9.0677,0.64591,10.96
15.6,9.1361,0.66156,11.067
15.7,9.2034,0.67807,11.173
15.8,9.2698,0.6955,11.276
15.9,9.3351,0.71369,11.379
16,9.3994,0.7327,11.48
16.1,9.4626,0.75257,11.58
16.2,9.5247,0.77331,11.678
16.3,9.5857,0.79491,11.774
16.4,9.6455,0.81736,11.869
16.5,9.7042,0.84065,11.962
16.6,9.7618,0.86475,12.053
16.7,9.8181,0.88963,12.143
16.8,9.8733,0.91541,12.23
16.9,9.9279,0.94203,12.315
17,9.9823,0.96947,12.399
17.1,10.036,0.99772,12.481
17.2,10.088,1.0268,12.562
17.3,10.14,1.0568,12.642
17.4,10.19,1.0876,12.72
17.5,10.24,1.1193,12.797
17.6,10.289,1.1519,12.872
17.7,10.336,1.1853,12.945
17.8,10.383,1.2197,13.018
17.9,10.429,1.2549,13.089
18,10.474,1.291,13.159
18.1,10.517,1.3279,13.227
18.2,10.56,1.3658,13.295
18.3,10.602,1.4046,13.36
18.4,10.643,1.4443,13.425
18.5,10.685,1.4848,13.488
18.6,10.725,1.5262,13.551
18.7,10.765,1.5686,13.612
18.8,10.804,1.6118,13.672
18.9,10.843,1.6559,13.732
19,10.88,1.701,13.79
19.1,10.917,1.7469,13.848
19.2,10.953,1.7936,13.905
19.3,10.989,1.8413,13.962
19.4,11.024,1.8898,14.018
19.5,11.059,1.9392,14.072
19.6,11.093,1.9895,14.125
19.7,11.127,2.0406,14.177
19.8,11.16,2.0927,14.229
19.9,11.192,2.1455,14.28
20,11.224,2.1992,14.33
20.1,11.256,2.2537,14.38
20.2,11.287,2.3091,14.429
20.3,11.317,2.3653,14.477
20.4,11.347,2.4224,14.525
20.5,11.377,2.4803,14.572
20.6,11.406,2.539,14.619
20.7,11.434,2.5984,14.664
20.8,11.463,2.6587,14.709
20.9,11.49,2.7198,14.754
21,11.518,2.7816,14.798
21.1,11.544,2.8442,14.841
21.2,11.571,2.9076,14.883
21.3,11.597,2.9717,14.925
21.4,11.622,3.0365,14.966
21.5,11.648,3.102,15.007
21.6,11.673,3.1682,15.047
21.7,11.697,3.2352,15.086
21.8,11.721,3.3028,15.125
21.9,11.745,3.3712,15.163
22,11.768,3.4402,15.201
22.1,11.791,3.5099,15.238
22.2,11.814,3.5803,15.275
22.3,11.836,3.6513,15.311
22.4,11.858,3.7231,15.347
22.5,11.88,3.7954,15.382
22.6,11.901,3.8684,15.416
22.7,11.922,3.942,15.45
22.8,11.943,4.0161,15.484
22.9,11.963,4.0907,15.517
23,11.983,4.1659,15.55
23.1,12.003,4.2417,15.582
23.2,12.022,4.318,15.614
23.3,12.042,4.3948,15.645
23.4,12.06,4.4722,15.676
23.5,12.079,4.55,15.706
23.6,12.098,4.6284,15.736
23.7,12.116,4.7073,15.766
23.8,12.134,4.7866,15.795
23.9,12.152,4.8664,15.824
24,12.169,4.9467,15.852
24.1,12.186,5.0275,15.881
24.2,12.203,5.1085,15.908
24.3,12.22,5.19,15.935
24.4,12.236,5.2718,15.962
24.5,12.253,5.354,15.989
24.6,12.269,5.4365,16.015
24.7,12.284,5.5194,16.041
24.8,12.3,5.6026,16.067
24.9,12.315,5.6861,16.092
25,12.33,5.77,16.117
25.1,12.345,5.8541,16.141
25.2,12.36,5.9386,16.166
25.3,12.375,6.0233,16.19
25.4,12.389,6.1082,16.213
25.5,12.404,6.1934,16.237
25.6,12.418,6.2788,16.26
25.7,12.432,6.3644,16.283
25.8,12.445,6.4502,16.306
25.9,12.459,6.5362,16.328
26,12.473,6.6224,16.35
26.1,12.486,6.7087,16.372
26.2,12.499,6.7951,16.394
26.3,12.512,6.8817,16.415
26.4,12.525,6.9684,16.436
26.5,12.537,7.0552,16.457
26.6,12.55,7.1421,16.477
26.7,12.562,7.2291,16.498
26.8,12.574,7.3161,16.518
26.9,12.586,7.4032,16.538
27,12.598,7.4904,16.558
27.1,12.61,7.5776,16.577
27.2,12.621,7.6648,16.597
27.3,12.633,7.7521,16.616
27.4,12.644,7.8393,16.635
27.5,12.655,7.9265,16.654
27.6,12.667,8.0138,16.672
27.7,12.678,8.1009,16.691
27.8,12.689,8.1881,16.709
27.9,12.7,8.2751,16.727
28,12.71,8.3621,16.745
28.1,12.721,8.449,16.762
28.2,12.731,8.5358,16.78
28.3,12.741,8.6225,16.797
28.4,12.752,8.709,16.814
28.5,12.762,8.7954,16.831
28.6,12.772,8.8814,16.848
28.7,12.781,8.9672,16.865
28.8,12.791,9.0528,16.881
28.9,12.801,9.1382,16.898
29,12.81,9.2234,16.914
29.1,12.82,9.3084,16.929
29.2,12.829,9.393,16.944
29.3,12.839,9.4775,16.958
29.4,12.848,9.5616,16.972
29.5,12.857,9.6454,16.985
29.6,12.866,9.729,16.998
29.7,12.875,9.8122,17.011
29.8,12.884,9.8951,17.023
29.9,12.893,9.9776,17.035
30,12.901,10.06,17.046
30.1,12.909,10.142,17.057
30.2,12.917,10.223,17.067
30.3,12.924,10.304,17.077
30.4,12.932,10.385,17.086
30.5,12.939,10.465,17.095
30.6,12.946,10.544,17.103
30.7,12.953,10.624,17.11
30.8,12.96,10.703,17.117
30.9,12.966,10.781,17.124
31,12.973,10.859,17.129
31.1,12.979,10.936,17.134
31.2,12.985,11.013,17.139
31.3,12.991,11.089,17.143
31.4,12.996,11.165,17.146
31.5,13.002,11.242,17.148
31.6,13.007,11.318,17.151
31.7,13.012,11.393,17.152
31.8,13.017,11.468,17.153
31.9,13.022,11.542,17.153
32,13.026,11.616,17.152
32.1,13.031,11.69,17.151
32.2,13.035,11.762,17.149
32.3,13.039,11.835,17.146
32.4,13.043,11.907,17.142
32.5,13.046,11.978,17.138
32.6,13.05,12.049,17.132
32.7,13.053,12.119,17.126
32.8,13.056,12.188,17.119
32.9,13.059,12.257,17.111
33,13.062,12.326,17.102
33.1,13.064,12.393,17.092
33.2,13.067,12.461,17.081
33.3,13.069,12.527,17.069
33.4,13.071,12.593,17.056
33.5,13.073,12.658,17.042
33.6,13.075,12.723,17.027
33.7,13.076,12.787,17.011
33.8,13.078,12.85,16.994
33.9,13.079,12.913,16.979
34,13.08,12.975,16.962
34.1,13.081,13.036,16.945
34.2,13.081,13.096,16.927
34.3,13.082,13.158,16.908
34.4,13.083,13.22,16.888
34.5,13.083,13.281,16.868
34.6,13.084,13.342,16.847
34.7,13.084,13.402,16.825
34.8,13.085,13.462,16.802
34.9,13.085,13.522,16.778
35,13.085,13.581,16.754
35.1,13.085,13.639,16.728
35.2,13.084,13.697,16.702
35.3,13.084,13.755,16.675
35.4,13.083,13.812,16.648
35.5,13.083,13.868,16.619
35.6,13.082,13.924,16.59
35.7,13.081,13.98,16.56
35.8,13.08,14.035,16.529
35.9,13.078,14.09,16.497
36,13.077,14.144,16.466
36.1,13.075,14.198,16.434
36.2,13.074,14.251,16.401
36.3,13.072,14.304,16.367
36.4,13.07,14.357,16.333
36.5,13.068,14.409,16.298
36.6,13.066,14.46,16.263
36.7,13.064,14.511,16.227
36.8,13.061,14.562,16.19
36.9,13.059,14.612,16.152
37,13.057,14.661,16.114
37.1,13.055,14.71,16.075
37.2,13.052,14.76,16.036
37.3,13.05,14.81,15.996
37.4,13.047,14.859,15.955
37.5,13.045,14.908,15.914
37.6,13.042,14.957,15.872
37.7,13.039,15.005,15.829
37.8,13.036,15.053,15.786
37.9,13.033,15.1,15.743
38,13.03,15.147,15.698
38.1,13.027,15.194,15.653
38.2,13.023,15.24,15.608
38.3,13.02,15.286,15.562
38.4,13.017,15.331,15.515
38.5,13.013,15.376,15.468
38.6,13.009,15.421,15.42
38.7,13.006,15.466,15.372
38.8,13.002,15.51,15.323
38.9,12.998,15.553,15.273
39,12.994,15.596,15.223
39.1,12.989,15.639,15.173
39.2,12.985,15.682,15.121
39.3,12.981,15.724,15.07
39.4,12.977,15.766,15.017
39.5,12.973,15.807,14.965
39.6,12.969,15.848,14.911
39.7,12.964,15.889,14.858
39.8,12.96,15.929,14.803
39.9,12.956,15.969,14.748
40,12.951,16.008,14.693
40.1,12.947,16.049,14.637
40.2,12.942,16.089,14.58
40.3,12.937,16.129,14.523
40.4,12.933,16.168,14.465
40.5,12.928,16.207,14.406
40.6,12.923,16.246,14.347
40.7,12.918,16.285,14.288
40.8,12.913,16.323,14.228
40.9,12.908,16.361,14.167
41,12.903,16.399,14.106
41.1,12.898,16.437,14.045
41.2,12.892,16.474,13.983
41.3,12.887,16.511,13.92
41.4,12.882,16.547,13.857
41.5,12.876,16.584,13.793
41.6,12.871,16.62,13.729
41.7,12.865,16.655,13.664
41.8,12.859,16.691,13.599
41.9,12.854,16.726,13.534
42,12.848,16.761,13.467
42.1,12.842,16.795,13.401
42.2,12.837,16.83,13.333
42.3,12.831,16.864,13.266
42.4,12.825,16.897,13.197
42.5,12.819,16.931,13.128
42.6,12.813,16.964,13.059
42.7,12.807,16.997,12.989
42.8,12.801,17.029,12.919
42.9,12.795,17.061,12.848
43,12.789,17.093,12.777
43.1,12.783,17.124,12.705
43.2,12.777,17.155,12.633
43.3,12.771,17.186,12.56
43.4,12.764,17.217,12.487
43.5,12.758,17.247,12.414
43.6,12.752,17.276,12.339
43.7,12.745,17.306,12.265
43.8,12.739,17.335,12.19
43.9,12.733,17.364,12.114
44,12.726,17.393,12.038
44.1,12.72,17.421,11.962
44.2,12.713,17.449,11.886
44.3,12.707,17.476,11.809
44.4,12.7,17.504,11.732
44.5,12.693,17.531,11.655
44.6,12.687,17.558,11.577
44.7,12.68,17.584,11.499
44.8,12.673,17.61,11.421
44.9,12.667,17.636,11.343
45,12.66,17.661,11.264
45.1,12.653,17.686,11.186
45.2,12.646,17.711,11.109
45.3,12.64,17.736,11.034
45.4,12.633,17.76,10.96
45.5,12.627,17.784,10.886
45.6,12.62,17.808,10.814
45.7,12.614,17.831,10.742
45.8,12.607,17.853,10.671
45.9,12.601,17.874,10.602
46,12.594,17.894,10.534
46.1,12.588,17.914,10.467
46.2,12.582,17.933,10.402
46.3,12.575,17.952,10.337
46.4,12.569,17.97,10.273
46.5,12.563,17.987,10.21
46.6,12.556,18.004,10.149
46.7,12.55,18.021,10.089
46.8,12.544,18.037,10.031
46.9,12.537,18.052,9.9736
47,12.531,18.067,9.9182
47.1,12.525,18.081,9.8644
47.2,12.519,18.094,9.8123
47.3,12.513,18.107,9.761
47.4,12.507,18.119,9.7097
47.5,12.501,18.131,9.6595
47.6,12.495,18.142,9.6105
47.7,12.489,18.152,9.5627
47.8,12.483,18.162,9.516
47.9,12.477,18.171,9.4705
48,12.471,18.18,9.4261
48.1,12.465,18.188,9.3829
48.2,12.46,18.195,9.3409
48.3,12.454,18.202,9.3
48.4,12.448,18.209,9.2595
48.5,12.443,18.215,9.2197
48.6,12.437,18.22,9.1807
48.7,12.432,18.226,9.1426
48.8,12.426,18.23,9.1053
48.9,12.42,18.234,9.0687
49,12.415,18.238,9.0329
49.1,12.409,18.241,8.9978
49.2,12.403,18.243,8.9635
49.3,12.398,18.245,8.9298
49.4,12.392,18.247,8.8968
49.5,12.387,18.248,8.8645
49.6,12.381,18.248,8.8329
49.7,12.376,18.248,8.8019
49.8,12.37,18.248,8.7715
49.9,12.365,18.248,8.7417
50,12.359,18.247,8.7125
50.1,12.354,18.245,8.6838
50.2,12.349,18.244,8.6556
50.3,12.343,18.241,8.6278
50.4,12.338,18.239,8.6006
50.5,12.333,18.236,8.5738
50.6,12.328,18.232,8.5474
50.7,12.323,18.228,8.5218
50.8,12.318,18.224,8.4968
50.9,12.312,18.219,8.4722
51,12.307,18.214,8.4481
51.1,12.303,18.209,8.4244
51.2,12.298,18.203,8.4012
51.3,12.293,18.196,8.3784
51.4,12.288,18.19,8.356
51.5,12.283,18.183,8.3339
51.6,12.278,18.176,8.3123
51.7,12.274,18.168,8.291
51.8,12.269,18.16,8.2701
51.9,12.264,18.152,8.2498
52,12.26,18.143,8.2299
52.1,12.255,18.134,8.2103
52.2,12.251,18.125,8.1912
52.3,12.247,18.115,8.1724
52.4,12.242,18.106,8.154
52.5,12.237,18.095,8.1359
52.6,12.232,18.085,8.1181
52.7,12.228,18.074,8.1007
52.8,12.223,18.063,8.0837
52.9,12.218,18.052,8.0669
53,12.214,18.04,8.0504
53.1,12.209,18.029,8.0344
53.2,12.205,18.016,8.0187
53.3,12.2,18.004,8.0033
53.4,12.195,17.992,7.9882
53.5,12.191,17.979,7.9733
53.6,12.186,17.966,7.9588
53.7,12.182,17.952,7.9446
53.8,12.177,17.938,7.9306
53.9,12.173,17.924,7.917
54,12.168,17.91,7.9035
54.1,12.164,17.895,7.8904
54.2,12.159,17.88,7.8775
54.3,12.155,17.865,7.8649
54.4,12.151,17.849,7.8525
54.5,12.146,17.833,7.8404
54.6,12.142,17.817,7.8286
54.7,12.137,17.801,7.817
54.8,12.133,17.785,7.8056
54.9,12.129,17.768,7.7944
55,12.124,17.751,7.7834
55.1,12.12,17.734,7.7727
55.2,12.116,17.717,7.7622
55.3,12.111,17.699,7.7519
55.4,12.107,17.681,7.7417
55.5,12.103,17.663,7.732
55.6,12.099,17.645,7.7224
55.7,12.094,17.627,7.7131
55.8,12.09,17.608,7.7039
55.9,12.086,17.589,7.6949
56,12.081,17.57,7.6861
56.1,12.077,17.551,7.6775
56.2,12.073,17.532,7.6691
56.3,12.068,17.512,7.6609
56.4,12.064,17.492,7.6528
56.5,12.06,17.472,7.6448
56.6,12.055,17.451,7.6371
56.7,12.051,17.43,7.6295
56.8,12.047,17.409,7.622
56.9,12.042,17.388,7.6147
57,12.038,17.366,7.6075
57.1,12.034,17.345,7.6004
57.2,12.029,17.323,7.5935
57.3,12.025,17.301,7.5867
57.4,12.021,17.278,7.58
57.5,12.016,17.256,7.5734
57.6,12.012,17.233,7.5669
57.7,12.008,17.21,7.5606
57.8,12.003,17.187,7.5543
57.9,11.999,17.164,7.5481
58,11.995,17.14,7.542
58.1,11.99,17.116,7.536
58.2,11.986,17.092,7.5303
58.3,11.981,17.068,7.5248
58.4,11.977,17.044,7.5193
58.5,11.972,17.02,7.514
58.6,11.968,16.995,7.5087
58.7,11.964,16.97,7.5035
58.8,11.959,16.945,7.4984
58.9,11.955,16.92,7.4934
59,11.95,16.896,7.4885
59.1,11.946,16.871,7.4836
59.2,11.941,16.847,7.4789
59.3,11.937,16.823,7.4741
59.4,11.932,16.799,7.4695
59.5,11.928,16.775,7.4649
59.6,11.924,16.751,7.4603
59.7,11.92,16.727,7.4559
59.8,11.916,16.703,7.4514
59.9,11.912,16.679,7.447
60,11.908,16.655,7.4426
60.1,11.904,16.631,7.4383
60.2,11.9,16.607,7.434
60.3,11.896,16.583,7.4298
60.4,11.892,16.559,7.4255
60.5,11.888,16.536,7.4213
60.6,11.884,16.512,7.4171
60.7,11.88,16.489,7.4129
60.8,11.876,16.465,7.4087
60.9,11.872,16.442,7.4046
61,11.868,16.419,7.4007
61.1,11.864,16.396,7.3967
61.2,11.86,16.373,7.3928
61.3,11.856,16.35,7.3889
61.4,11.852,16.328,7.3851
61.5,11.848,16.305,7.3812
61.6,11.844,16.283,7.3773
61.7,11.84,16.262,7.3734
61.8,11.836,16.24,7.3696
61.9,11.832,16.219,7.3657
62,11.828,16.198,7.3619
62.1,11.824,16.177,7.358
62.2,11.821,16.157,7.3541
62.3,11.817,16.137,7.3502
62.4,11.813,16.117,7.3463
62.5,11.809,16.097,7.3423
62.6,11.805,16.078,7.3384
62.7,11.801,16.059,7.3344
62.8,11.797,16.041,7.3303
62.9,11.793,16.022,7.3263
63,11.79,16.004,7.3222
63.1,11.786,15.987,7.3181
63.2,11.782,15.969,7.3139
63.3,11.778,15.952,7.3097
63.4,11.774,15.936,7.3055
63.5,11.77,15.92,7.3011
63.6,11.767,15.904,7.2969
63.7,11.763,15.888,7.2929
63.8,11.759,15.874,7.289
63.9,11.755,15.859,7.285
64,11.751,15.845,7.281
64.1,11.748,15.831,7.277
64.2,11.744,15.817,7.273
64.3,11.74,15.802,7.269
64.4,11.736,15.788,7.265
64.5,11.732,15.774,7.2609
64.6,11.729,15.76,7.2568
64.7,11.725,15.747,7.2528
64.8,11.721,15.734,7.2486
64.9,11.717,15.721,7.2445
65,11.714,15.708,7.2404
65.1,11.71,15.696,7.2362
65.2,11.706,15.684,7.232
65.3,11.703,15.672,7.2277
65.4,11.699,15.661,7.2235
65.5,11.696,15.65,7.2192
65.6,11.692,15.639,7.2149
65.7,11.688,15.628,7.2105
65.8,11.685,15.618,7.2061
65.9,11.681,15.608,7.2017
66,11.678,15.598,7.1973
66.1,11.674,15.589,7.1928
66.2,11.671,15.58,7.1882
66.3,11.667,15.571,7.1837
66.4,11.664,15.563,7.1793
66.5,11.66,15.555,7.175
66.6,11.657,15.547,7.1707
66.7,11.653,15.539,7.1664
66.8,11.65,15.53,7.162
66.9,11.646,15.522,7.1577
67,11.643,15.514,7.1533
67.1,11.639,15.506,7.149
67.2,11.636,15.498,7.1446
67.3,11.632,15.491,7.1402
67.4,11.629,15.483,7.1359
67.5,11.625,15.476,7.1315
67.6,11.622,15.469,7.1271
67.7,11.619,15.462,7.1227
67.8,11.615,15.455,7.1182
67.9,11.612,15.448,7.1138
68,11.608,15.442,7.1094
68.1,11.605,15.435,7.1049
68.2,11.602,15.429,7.1005
68.3,11.598,15.423,7.096
68.4,11.595,15.417,7.0916
68.5,11.592,15.411,7.0871
68.6,11.588,15.405,7.0826
68.7,11.585,15.399,7.0781
68.8,11.582,15.394,7.0736
68.9,11.579,15.388,7.0691
69,11.575,15.383,7.0646
69.1,11.572,15.378,7.0602
69.2,11.569,15.373,7.0559
69.3,11.566,15.368,7.0516
69.4,11.562,15.362,7.0473
69.5,11.559,15.358,7.043
69.6,11.556,15.353,7.0387
69.7,11.553,15.348,7.0344
69.8,11.55,15.343,7.0301
69.9,11.546,15.338,7.0257
70,11.543,15.334,7.0214
70.1,11.54,15.329,7.0171
70.2,11.537,15.325,7.0128
70.3,11.534,15.32,7.0085
70.4,11.531,15.316,7.0041
70.5,11.528,15.312,6.9998
70.6,11.524,15.307,6.9955
70.7,11.521,15.303,6.9911
70.8,11.518,15.299,6.9868
70.9,11.515,15.294,6.9825
71,11.512,15.29,6.9781
71.1,11.509,15.286,6.9738
71.2,11.505,15.282,6.9694
71.3,11.502,15.278,6.9651
71.4,11.499,15.274,6.9607
71.5,11.496,15.269,6.9564
71.6,11.493,15.265,6.952
71.7,11.49,15.261,6.9477
71.8,11.487,15.258,6.9433
71.9,11.483,15.254,6.939
72,11.48,15.25,6.9346
72.1,11.477,15.247,6.9302
72.2,11.474,15.243,6.9259
72.3,11.471,15.239,6.9215
72.4,11.468,15.236,6.9171
72.5,11.465,15.232,6.9128
72.6,11.462,15.229,6.9084
72.7,11.458,15.225,6.904
72.8,11.455,15.222,6.8996
72.9,11.452,15.218,6.8952
73,11.449,15.215,6.8909
73.1,11.446,15.212,6.8865
73.2,11.443,15.208,6.8821
73.3,11.44,15.205,6.8777
73.4,11.437,15.201,6.8733
73.5,11.434,15.198,6.8689
73.6,11.431,15.195,6.8645
73.7,11.428,15.191,6.8601
73.8,11.425,15.188,6.8557
73.9,11.422,15.185,6.8513
74,11.418,15.181,6.8469
74.1,11.415,15.178,6.8425
74.2,11.412,15.175,6.8381
74.3,11.409,15.171,6.8337
74.4,11.406,15.168,6.8293
74.5,11.403,15.165,6.8248
74.6,11.4,15.162,6.8204
74.7,11.397,15.159,6.816
74.8,11.394,15.156,6.8116
74.9,11.391,15.153,6.8072
75,11.388,15.15,6.8027
75.1,11.385,15.147,6.7983
75.2,11.382,15.145,6.7939
75.3,11.379,15.142,6.7894
75.4,11.376,15.139,6.785
75.5,11.373,15.136,6.7806
75.6,11.37,15.133,6.7761
75.7,11.367,15.13,6.7717
75.8,11.364,15.127,6.7672
75.9,11.361,15.125,6.7628
76,11.358,15.122,6.7583
76.1,11.355,15.119,6.7539
76.2,11.352,15.116,6.7494
76.3,11.349,15.114,6.745
76.4,11.346,15.111,6.7405
76.5,11.343,15.108,6.7361
76.6,11.34,15.105,6.7316
76.7,11.337,15.103,6.7272
76.8,11.333,15.1,6.7228
76.9,11.33,15.097,6.7184
77,11.327,15.095,6.714
77.1,11.324,15.092,6.7097
77.2,11.321,15.089,6.7053
77.3,11.318,15.087,6.7009
77.4,11.315,15.084,6.6965
77.5,11.312,15.082,6.6921
77.6,11.309,15.079,6.6878
77.7,11.306,15.077,6.6834
77.8,11.303,15.074,6.679
77.9,11.3,15.072,6.6746
78,11.297,15.069,6.6702
78.1,11.294,15.067,6.6659
78.2,11.291,15.064,6.6615
78.3,11.288,15.062,6.6571
78.4,11.285,15.06,6.6527
78.5,11.282,15.057,6.6483
78.6,11.278,15.055,6.644
78.7,11.275,15.053,6.6396
78.8,11.272,15.05,6.6352
78.9,11.269,15.048,6.6308
79,11.266,15.046,6.6264
79.1,11.263,15.043,6.6221
79.2,11.26,15.041,6.6177
79.3,11.257,15.039,6.6133
79.4,11.254,15.037,6.6089
79.5,11.251,15.035,6.6045
79.6,11.248,15.032,6.6002
79.7,11.245,15.03,6.5958
79.8,11.241,15.028,6.5914
79.9,11.238,15.026,6.587
80,11.235,15.024,6.5826
80.1,11.232,15.022,6.5783
80.2,11.229,15.02,6.5739
80.3,11.226,15.018,6.5695
80.4,11.223,15.016,6.5651
80.5,11.22,15.014,6.5607
80.6,11.216,15.012,6.5564
80.7,11.213,15.01,6.552
80.8,11.21,15.008,6.5476
80.9,11.207,15.006,6.5432
81,11.204,15.003,6.5388
81.1,11.201,15.001,6.5345
81.2,11.197,14.999,6.5301
81.3,11.194,14.997,6.5257
81.4,11.191,14.995,6.5213
81.5,11.188,14.993,6.5169
81.6,11.185,14.991,6.5126
81.7,11.182,14.989,6.5082
81.8,11.178,14.987,6.5038
81.9,11.175,14.985,6.4994
82,11.172,14.983,6.495
82.1,11.169,14.981,6.4907
82.2,11.165,14.979,6.4863
82.3,11.162,14.977,6.4819
82.4,11.159,14.975,6.4775
82.5,11.156,14.973,6.4731
82.6,11.153,14.971,6.4688
82.7,11.15,14.969,6.4644
82.8,11.146,14.968,6.46
82.9,11.143,14.966,6.4556
83,11.14,14.964,6.4512
83.1,11.137,14.962,6.4469
83.2,11.134,14.96,6.4425
83.3,11.13,14.958,6.4381
83.4,11.127,14.956,6.4337
83.5,11.124,14.954,6.4294
83.6,11.121,14.953,6.425
83.7,11.118,14.951,6.4206
83.8,11.114,14.949,6.4162
83.9,11.111,14.947,6.4118
84,11.108,14.945,6.4075
84.1,11.105,14.944,6.4031
84.2,11.101,14.942,6.3987
84.3,11.098,14.94,6.3943
84.4,11.095,14.938,6.39
84.5,11.092,14.937,6.3856
84.6,11.088,14.935,6.3812
84.7,11.085,14.933,6.3769
84.8,11.082,14.931,6.3725
84.9,11.079,14.93,6.3682
85,11.075,14.928,6.3638
85.1,11.072,14.926,6.3595
85.2,11.069,14.924,6.3551
85.3,11.065,14.922,6.3508
85.4,11.062,14.921,6.3464
85.5,11.059,14.919,6.342
85.6,11.055,14.917,6.3377
85.7,11.052,14.915,6.3333
85.8,11.049,14.914,6.329
85.9,11.046,14.912,6.3246
86,11.042,14.91,6.3203
86.1,11.039,14.908,6.3159
86.2,11.036,14.906,6.3116
86.3,11.032,14.905,6.3072
86.4,11.029,14.903,6.3029
86.5,11.026,14.901,6.2985
86.6,11.022,14.899,6.2942
86.7,11.019,14.898,6.2898
86.8,11.015,14.896,6.2855
86.9,11.012,14.894,6.2811
87,11.009,14.893,6.2768
87.1,11.005,14.891,6.2724
87.2,11.002,14.889,6.2681
87.3,10.998,14.887,6.2638
87.4,10.995,14.886,6.2594
87.5,10.992,14.884,6.2551
87.6,10.988,14.882,6.2507
87.7,10.985,14.881,6.2464
87.8,10.981,14.879,6.242
87.9,10.978,14.877,6.2377
88,10.975,14.876,6.2334
88.1,10.971,14.874,6.229
88.2,10.968,14.872,6.2247
88.3,10.965,14.871,6.2203
88.4,10.961,14.869,6.216
88.5,10.958,14.867,6.2117
88.6,10.955,14.866,6.2073
88.7,10.951,14.864,6.203
88.8,10.948,14.862,6.1986
88.9,10.944,14.861,6.1943
89,10.941,14.859,6.19
89.1,10.938,14.857,6.1856
89.2,10.934,14.856,6.1813
89.3,10.931,14.854,6.177
89.4,10.927,14.852,6.1726
89.5,10.924,14.851,6.1683
89.6,10.921,14.849,6.164
89.7,10.917,14.847,6.1596
89.8,10.914,14.846,6.1553
89.9,10.91,14.844,6.151
90,10.907,14.842,6.1466
90.1,10.904,14.84,6.1423
90.2,10.9,14.839,6.138
90.3,10.897,14.837,6.1337
90.4,10.893,14.835,6.1293
90.5,10.89,14.834,6.125
90.6,10.886,14.832,6.1207
90.7,10.883,14.83,6.1163
90.8,10.88,14.829,6.112
90.9,10.876,14.827,6.1077
91,10.873,14.825,6.1034
91.1,10.869,14.824,6.099
91.2,10.866,14.822,6.0947
91.3,10.862,14.82,6.0904
91.4,10.859,14.819,6.0861
91.5,10.855,14.817,6.0817
91.6,10.852,14.816,6.0774
91.7,10.848,14.814,6.0731
91.8,10.845,14.812,6.0688
91.9,10.841,14.811,6.0645
92,10.838,14.809,6.0601
92.1,10.834,14.807,6.0558
92.2,10.831,14.806,6.0515
92.3,10.827,14.804,6.0472
92.4,10.824,14.802,6.0429
92.5,10.82,14.801,6.0386
92.6,10.817,14.799,6.0342
92.7,10.813,14.797,6.0299
92.8,10.81,14.796,6.0256
92.9,10.806,14.794,6.0213
93,10.803,14.792,6.017
93.1,10.799,14.791,6.0127
93.2,10.796,14.789,6.0084
93.3,10.792,14.787,6.0041
93.4,10.788,14.786,5.9997
93.5,10.785,14.784,5.9954
93.6,10.781,14.782,5.9911
93.7,10.778,14.781,5.9868
93.8,10.774,14.779,5.9825
93.9,10.771,14.778,5.9782
94,10.767,14.776,5.9739
94.1,10.763,14.774,5.9696
94.2,10.76,14.773,5.9653
94.3,10.756,14.771,5.961
94.4,10.753,14.769,5.9567
94.5,10.749,14.768,5.9524
94.6,10.745,14.766,5.9481
94.7,10.742,14.764,5.9438
94.8,10.738,14.763,5.9395
94.9,10.735,14.761,5.9352
95,10.731,14.759,5.9309
95.1,10.727,14.758,5.9266
95.2,10.724,14.756,5.9223
95.3,10.72,14.754,5.918
95.4,10.716,14.753,5.9137
95.5,10.713,14.751,5.9094
95.6,10.709,14.749,5.9051
95.7,10.705,14.748,5.9008
95.8,10.702,14.746,5.8965
95.9,10.698,14.744,5.8922
96,10.694,14.743,5.8879
96.1,10.691,14.741,5.8836
96.2,10.687,14.739,5.8793
96.3,10.683,14.738,5.875
96.4,10.68,14.736,5.8707
96.5,10.676,14.734,5.8664
96.6,10.672,14.733,5.8621
96.7,10.669,14.731,5.8579
96.8,10.665,14.729,5.8536
96.9,10.661,14.728,5.8493
97,10.658,14.726,5.845
97.1,10.654,14.724,5.8407
97.2,10.65,14.723,5.8364
97.3,10.647,14.721,5.8321
97.4,10.643,14.719,5.8278
97.5,10.639,14.718,5.8235
97.6,10.636,14.716,5.8193
97.7,10.632,14.714,5.815
97.8,10.628,14.713,5.8107
97.9,10.624,14.711,5.8064
98,10.621,14.709,5.8021
98.1,10.617,14.708,5.7978
98.2,10.613,14.706,5.7936
98.3,10.61,14.704,5.7893
98.4,10.606,14.703,5.785
98.5,10.602,14.701,5.7807
98.6,10.598,14.699,5.7764
98.7,10.595,14.698,5.7722
98.8,10.591,14.696,5.7679
98.9,10.587,14.694,5.7636
99,10.584,14.693,5.7593
99.1,10.58,14.691,5.7551
99.2,10.576,14.689,5.7508
99.3,10.572,14.688,5.7465
99.4,10.569,14.686,5.7422
99.5,10.565,14.684,5.738
99.6,10.561,14.683,5.7337
99.7,10.557,14.681,5.7294
99.8,10.554,14.679,5.7252
99.9,10.55,14.678,5.7209
100,10.546,14.676,5.7166
100.1,10.542,14.674,5.7124
100.2,10.538,14.673,5.7081
100.3,10.535,14.671,5.7038
100.4,10.531,14.669,5.6996
100.5,10.527,14.668,5.6953
100.6,10.523,14.666,5.691
100.7,10.519,14.664,5.6868
100.8,10.516,14.663,5.6825
100.9,10.512,14.661,5.6783
101,10.508,14.659,5.674
101.1,10.504,14.658,5.6697
101.2,10.5,14.656,5.6655
101.3,10.497,14.654,5.6612
101.4,10.493,14.653,5.657
101.5,10.489,14.651,5.6527
101.6,10.485,14.649,5.6485
101.7,10.481,14.648,5.6442
101.8,10.478,14.646,5.64
101.9,10.474,14.644,5.6357
102,10.47,14.643,5.6315
102.1,10.466,14.641,5.6272
102.2,10.462,14.639,5.6229
102.3,10.458,14.638,5.6187
102.4,10.454,14.636,5.6144
102.5,10.451,14.634,5.6102
102.6,10.447,14.633,5.606
102.7,10.443,14.631,5.6017
102.8,10.439,14.629,5.5975
102.9,10.435,14.628,5.5932
103,10.431,14.626,5.589
103.1,10.427,14.624,5.5847
103.2,10.424,14.623,5.5805
103.3,10.42,14.621,5.5762
103.4,10.416,14.619,5.572
103.5,10.412,14.618,5.5677
103.6,10.408,14.616,5.5635
103.7,10.404,14.614,5.5593
103.8,10.4,14.613,5.555
103.9,10.396,14.611,5.5508
104,10.392,14.609,5.5465
104.1,10.388,14.608,5.5423
104.2,10.385,14.606,5.5381
104.3,10.381,14.604,5.5338
104.4,10.377,14.603,5.5296
104.5,10.373,14.601,5.5254
104.6,10.369,14.599,5.5211
104.7,10.365,14.598,5.5169
104.8,10.361,14.596,5.5127
104.9,10.357,14.594,5.5084
105,10.353,14.593,5.5042
105.1,10.349,14.591,5.5
105.2,10.345,14.589,5.4957
105.3,10.341,14.588,5.4915
105.4,10.337,14.586,5.4873
105.5,10.333,14.584,5.4831
105.6,10.329,14.583,5.4788
105.7,10.325,14.581,5.4746
105.8,10.321,14.579,5.4704
105.9,10.317,14.577,5.4661
106,10.314,14.576,5.4619
106.1,10.31,14.574,5.4577
106.2,10.306,14.572,5.4535
106.3,10.302,14.571,5.4492
106.4,10.298,14.569,5.445
106.5,10.294,14.567,5.4408
106.6,10.29,14.566,5.4366
106.7,10.286,14.564,5.4324
106.8,10.282,14.562,5.4281
106.9,10.278,14.561,5.4239
107,10.274,14.559,5.4197
107.1,10.27,14.557,5.4155
107.2,10.266,14.555,5.4113
107.3,10.262,14.554,5.4071
107.4,10.258,14.552,5.4028
107.5,10.254,14.55,5.3986
107.6,10.25,14.549,5.3944
107.7,10.245,14.547,5.3902
107.8,10.241,14.545,5.386
107.9,10.237,14.544,5.3818
108,10.233,14.542,5.3776
108.1,10.229,14.54,5.3733
108.2,10.225,14.538,5.3691
108.3,10.221,14.537,5.3649
108.4,10.217,14.535,5.3607
108.5,10.213,14.533,5.3565
108.6,10.209,14.532,5.3523
108.7,10.205,14.53,5.3481
108.8,10.201,14.528,5.3439
108.9,10.197,14.527,5.3397
109,10.193,14.525,5.3355
109.1,10.189,14.523,5.3313
109.2,10.185,14.522,5.3271
109.3,10.181,14.52,5.3229
109.4,10.177,14.518,5.3187
109.5,10.172,14.516,5.3145
109.6,10.168,14.515,5.3103
109.7,10.164,14.513,5.3061
109.8,10.16,14.511,5.3019
109.9,10.156,14.51,5.2977
110,10.152,14.508,5.2935
110.1,10.148,14.506,5.2893
110.2,10.144,14.505,5.2851
110.3,10.14,14.503,5.2809
110.4,10.135,14.501,5.2767
110.5,10.131,14.5,5.2725
110.6,10.127,14.498,5.2683
110.7,10.123,14.496,5.2641
110.8,10.119,14.494,5.2599
110.9,10.115,14.493,5.2557
111,10.111,14.491,5.2515
111.1,10.107,14.489,5.2473
111.2,10.102,14.488,5.2431
111.3,10.098,14.486,5.2389
111.4,10.094,14.484,5.2348
111.5,10.09,14.483,5.2306
111.6,10.086,14.481,5.2264
111.7,10.082,14.479,5.2222
111.8,10.078,14.477,5.218
111.9,10.073,14.476,5.2139
112,10.069,14.474,5.2097
112.1,10.065,14.472,5.2055
112.2,10.061,14.471,5.2013
112.3,10.057,14.469,5.1972
112.4,10.052,14.467,5.193
112.5,10.048,14.466,5.1888
112.6,10.044,14.464,5.1846
112.7,10.04,14.462,5.1805
112.8,10.036,14.461,5.1763
112.9,10.032,14.459,5.1721
113,10.027,14.457,5.168
113.1,10.023,14.455,5.1638
113.2,10.019,14.454,5.1596
113.3,10.015,14.452,5.1555
113.4,10.01,14.45,5.1513
113.5,10.006,14.449,5.1471
113.6,10.002,14.447,5.143
113.7,9.9978,14.445,5.1388
113.8,9.9936,14.444,5.1347
113.9,9.9893,14.442,5.1305
114,9.9851,14.44,5.1263
114.1,9.9809,14.438,5.1222
114.2,9.9766,14.437,5.118
114.3,9.9724,14.435,5.1139
114.4,9.9681,14.433,5.1097
114.5,9.9639,14.432,5.1056
114.6,9.9596,14.43,5.1014
114.7,9.9553,14.428,5.0973
114.8,9.9511,14.427,5.0931
114.9,9.9468,14.425,5.0889
115,9.9425,14.423,5.0848
115.1,9.9383,14.422,5.0807
115.2,9.934,14.42,5.0765
115.3,9.9297,14.418,5.0724
115.4,9.9254,14.416,5.0682
115.5,9.9211,14.415,5.0641
115.6,9.9168,14.413,5.0599
115.7,9.9125,14.411,5.0558
115.8,9.9082,14.41,5.0516
115.9,9.9039,14.408,5.0475
116,9.8996,14.406,5.0433
116.1,9.8953,14.405,5.0392
116.2,9.891,14.403,5.0351
116.3,9.8867,14.401,5.0309
116.4,9.8823,14.4,5.0268
116.5,9.878,14.398,5.0227
116.6,9.8737,14.396,5.0185
116.7,9.8694,14.394,5.0144
116.8,9.865,14.393,5.0102
116.9,9.8607,14.391,5.0061
117,9.8563,14.389,5.002
117.1,9.852,14.388,4.9978
117.2,9.8476,14.386,4.9937
117.3,9.8433,14.384,4.9896
117.4,9.8389,14.382,4.9855
117.5,9.8346,14.381,4.9813
117.6,9.8302,14.379,4.9772
117.7,9.8258,14.377,4.9731
117.8,9.8214,14.376,4.9689
117.9,9.8171,14.374,4.9648
118,9.8127,14.372,4.9607
118.1,9.8083,14.37,4.9566
118.2,9.8039,14.369,4.9524
118.3,9.7995,14.367,4.9483
118.4,9.7951,14.365,4.9442
118.5,9.7907,14.364,4.9401
118.6,9.7863,14.362,4.936
118.7,9.7819,14.36,4.9318
118.8,9.7775,14.359,4.9277
118.9,9.7731,14.357,4.9236
119,9.7687,14.355,4.9195
119.1,9.7643,14.353,4.9154
119.2,9.7598,14.352,4.9113
119.3,9.7554,14.35,4.9072
119.4,9.751,14.348,4.903
119.5,9.7465,14.347,4.8989
119.6,9.7421,14.345,4.8948
119.7,9.7377,14.343,4.8907
119.8,9.7332,14.341,4.8866
119.9,9.7288,14.34,4.8825
120,9.7243,14.338,4.8784
