0,1.0728,0.74976,0.75084
0.1,1.0735,0.74977,0.7512
0.2,1.0751,0.74978,0.75198
0.3,1.0775,0.74979,0.75317
0.4,1.0807,0.74985,0.75472
0.5,1.0847,0.74991,0.75667
0.6,1.0895,0.74996,0.75902
0.7,1.0951,0.75002,0.76178
0.8,1.1015,0.75008,0.76494
0.9,1.1088,0.75014,0.7685
1,1.1168,0.7502,0.77246
1.1,1.1257,0.75025,0.77681
1.2,1.1353,0.75031,0.78155
1.3,1.1458,0.75037,0.78669
1.4,1.1571,0.75047,0.79224
1.5,1.1692,0.75058,0.79818
1.6,1.1821,0.75068,0.8045
1.7,1.1957,0.75079,0.8112
1.8,1.2102,0.75089,0.81829
1.9,1.2254,0.751,0.82577
2,1.2415,0.7511,0.83363
2.1,1.2583,0.75121,0.84188
2.2,1.2758,0.75131,0.85053
2.3,1.2942,0.75141,0.85952
2.4,1.3133,0.75156,0.86888
2.5,1.3331,0.75171,0.87861
2.6,1.3538,0.75186,0.88873
2.7,1.3751,0.75201,0.89922
2.8,1.3972,0.75216,0.91009
2.9,1.4201,0.75231,0.92131
3,1.4437,0.75246,0.93289
3.1,1.468,0.75261,0.94482
3.2,1.4931,0.75276,0.95712
3.3,1.5188,0.75291,0.96977
3.4,1.5453,0.75307,0.98277
3.5,1.5726,0.75323,0.99613
3.6,1.6005,0.7534,1.0098
3.7,1.6291,0.75358,1.0239
3.8,1.6585,0.75375,1.0383
3.9,1.6885,0.75393,1.053
4,1.7192,0.75412,1.0681
4.1,1.7507,0.75431,1.0836
4.2,1.7828,0.7545,1.0993
4.3,1.8156,0.7547,1.1154
4.4,1.8491,0.7549,1.1319
4.5,1.8832,0.7551,1.1486
4.6,1.9181,0.75531,1.1657
4.7,1.9535,0.75552,1.1832
4.8,1.9897,0.75574,1.2009
4.9,2.0265,0.75596,1.219
5,2.064,0.75618,1.2374
5.1,2.1021,0.75641,1.2561
5.2,2.1409,0.75664,1.2751
5.3,2.1803,0.75688,1.2945
5.4,2.2204,0.75712,1.3142
5.5,2.2611,0.75736,1.3341
5.6,2.3024,0.75761,1.3544
5.7,2.3443,0.75786,1.375
5.8,2.3869,0.75812,1.3959
5.9,2.4301,0.75837,1.4171
6,2.4739,0.75864,1.4387
6.1,2.5184,0.75891,1.4605
6.2,2.5634,0.75918,1.4826
6.3,2.6091,0.75945,1.505
6.4,2.6554,0.75973,1.5277
6.5,2.7022,0.76001,1.5507
6.6,2.7497,0.7603,1.574
6.7,2.7977,0.76059,1.5976
6.8,2.8464,0.76089,1.6215
6.9,2.8956,0.76119,1.6457
7,2.9454,0.76149,1.6701
7.1,2.9958,0.7618,1.6949
7.2,3.0467,0.76211,1.7199
7.3,3.0983,0.76242,1.7452
7.4,3.1504,0.76274,1.7708
7.5,3.2031,0.76306,1.7967
7.6,3.2563,0.76339,1.8228
7.7,3.3101,0.76372,1.8492
7.8,3.3645,0.76405,1.8759
7.9,3.4194,0.76439,1.9029
8,3.4748,0.76473,1.9301
8.1,3.5309,0.76506,1.9576
8.2,3.5874,0.76539,1.9854
8.3,3.6445,0.76573,2.0134
8.4,3.7021,0.76607,2.0417
8.5,3.7602,0.76642,2.0702
8.6,3.8189,0.76676,2.0991
8.7,3.8781,0.76711,2.1281
8.8,3.9378,0.76747,2.1575
8.9,3.9981,0.76783,2.1871
9,4.0589,0.76819,2.2169
9.1,4.1201,0.76855,2.247
9.2,4.1819,0.76892,2.2774
9.3,4.2442,0.76929,2.308
9.4,4.3071,0.76966,2.3388
9.5,4.3704,0.77004,2.3699
9.6,4.4342,0.77042,2.4013
9.7,4.4985,0.77081,2.4329
9.8,4.5633,0.77119,2.4647
9.9,4.6286,0.77158,2.4968
10,4.6944,0.77198,2.5291
10.1,4.7607,0.77237,2.5616
10.2,4.8275,0.77278,2.5944
10.3,4.8947,0.77318,2.6274
10.4,4.9625,0.77359,2.6607
10.5,5.0307,0.774,2.6942
10.6,5.0994,0.77441,2.7279
10.7,5.1685,0.77483,2.7619
10.8,5.2382,0.77525,2.796
10.9,5.3083,0.77567,2.8305
11,5.3788,0.7761,2.8651
11.1,5.4498,0.77653,2.9
11.2,5.5213,0.77696,2.935
11.3,5.5932,0.7774,2.9704
11.4,5.6656,0.77784,3.0059
11.5,5.7385,0.77828,3.0416
11.6,5.8118,0.77873,3.0776
11.7,5.8855,0.77918,3.1138
11.8,5.9597,0.77963,3.1502
11.9,6.0343,0.78009,3.1869
12,6.1094,0.78055,3.2237
12.1,6.1849,0.78101,3.2608
12.2,6.2608,0.78148,3.298
12.3,6.3371,0.78195,3.3355
12.4,6.4138,0.78243,3.3732
12.5,6.491,0.7829,3.4111
12.6,6.5685,0.78338,3.4492
12.7,6.6465,0.78385,3.4875
12.8,6.725,0.78432,3.526
12.9,6.8038,0.78479,3.5648
13,6.883,0.78527,3.6037
13.1,6.9627,0.78574,3.6428
13.2,7.0427,0.78622,3.6822
13.3,7.1232,0.78671,3.7217
13.4,7.2041,0.78719,3.7614
13.5,7.2853,0.78768,3.8013
13.6,7.367,0.78817,3.8414
13.7,7.4491,0.78866,3.8817
13.8,7.5315,0.78916,3.9222
13.9,7.6144,0.78966,3.9628
14,7.6976,0.79016,4.0037
14.1,7.7812,0.79066,4.0448
14.2,7.8652,0.79117,4.086
14.3,7.9496,0.79168,4.1274
14.4,8.0344,0.79219,4.1691
14.5,8.1196,0.79271,4.2109
14.6,8.2051,0.79322,4.2529
14.7,8.291,0.79374,4.295
14.8,8.3773,0.79427,4.3374
14.9,8.464,0.79479,4.3799
15,8.551,0.79532,4.4227
15.1,8.6384,0.79585,4.4656
15.2,8.7262,0.79638,4.5086
15.3,8.8143,0.79692,4.5519
15.4,8.9028,0.79745,4.5953
15.5,8.9917,0.79799,4.6389
15.6,9.0809,0.79854,4.6827
15.7,9.1705,0.79908,4.7267
15.8,9.2604,0.79963,4.7708
15.9,9.3507,0.80018,4.8151
16,9.4413,0.80074,4.8596
16.1,9.5322,0.80129,4.9042
16.2,9.6235,0.80185,4.9491
16.3,9.7151,0.80241,4.994
16.4,9.807,0.80298,5.0392
16.5,9.8993,0.80355,5.0845
16.6,9.9919,0.80412,5.13
16.7,10.085,0.80469,5.1756
16.8,10.178,0.80526,5.2215
16.9,10.272,0.80584,5.2674
17,10.366,0.80642,5.3136
17.1,10.46,0.807,5.3599
17.2,10.554,0.80759,5.4063
17.3,10.649,0.80817,5.4529
17.4,10.745,0.80874,5.4996
17.5,10.84,0.80932,5.5465
17.6,10.936,0.8099,5.5936
17.7,11.032,0.81048,5.6408
17.8,11.129,0.81107,5.6882
17.9,11.225,0.81165,5.7357
18,11.323,0.81224,5.7834
18.1,11.42,0.81283,5.8312
18.2,11.518,0.81342,5.8792
18.3,11.616,0.81402,5.9273
18.4,11.714,0.81461,5.9756
18.5,11.813,0.81521,6.024
18.6,11.912,0.81581,6.0725
18.7,12.011,0.81642,6.1212
18.8,12.11,0.81702,6.1701
18.9,12.21,0.81763,6.2191
19,12.31,0.81823,6.2682
19.1,12.411,0.81884,6.3175
19.2,12.511,0.81946,6.367
19.3,12.612,0.82007,6.4165
19.4,12.714,0.82069,6.4662
19.5,12.815,0.82131,6.5161
19.6,12.917,0.82193,6.5661
19.7,13.019,0.82255,6.6162
19.8,13.122,0.82317,6.6665
19.9,13.224,0.8238,6.7169
20,13.327,0.82443,6.7674
20.1,13.43,0.82506,6.8181
20.2,13.534,0.82569,6.8689
20.3,13.638,0.82632,6.9198
20.4,13.742,0.82696,6.9709
20.5,13.846,0.8276,7.0221
20.6,13.95,0.82824,7.0735
20.7,14.055,0.82888,7.1249
20.8,14.16,0.82953,7.1765
20.9,14.266,0.83017,7.2282
21,14.371,0.83082,7.2801
21.1,14.477,0.83147,7.332
21.2,14.583,0.83213,7.3841
21.3,14.69,0.83278,7.4363
21.4,14.796,0.83344,7.4887
21.5,14.903,0.8341,7.5411
21.6,15.01,0.83476,7.5937
21.7,15.118,0.83542,7.6464
21.8,15.225,0.83608,7.6993
21.9,15.333,0.83675,7.7522
22,15.441,0.83741,7.8053
22.1,15.549,0.83807,7.8585
22.2,15.658,0.83874,7.9118
22.3,15.767,0.8394,7.9652
22.4,15.876,0.84007,8.0188
22.5,15.985,0.84074,8.0724
22.6,16.095,0.84141,8.1262
22.7,16.205,0.84208,8.1801
22.8,16.315,0.84276,8.2341
22.9,16.425,0.84343,8.2882
23,16.535,0.84411,8.3425
23.1,16.646,0.84478,8.3968
23.2,16.757,0.84546,8.4513
23.3,16.868,0.84614,8.5058
23.4,16.98,0.84683,8.5605
23.5,17.091,0.84751,8.6153
23.6,17.203,0.84819,8.6702
23.7,17.315,0.84888,8.7253
23.8,17.427,0.84957,8.7804
23.9,17.54,0.85026,8.8356
24,17.653,0.85095,8.891
24.1,17.766,0.85164,8.9464
24.2,17.879,0.85233,9.002
24.3,17.992,0.85303,9.0576
24.4,18.106,0.85372,9.1134
24.5,18.22,0.85442,9.1693
24.6,18.334,0.85512,9.2252
24.7,18.448,0.85582,9.2813
24.8,18.562,0.85652,9.3375
24.9,18.677,0.85722,9.3937
25,18.792,0.85793,9.4501
25.1,18.907,0.85863,9.5066
25.2,19.022,0.85934,9.5631
25.3,19.137,0.86005,9.6198
25.4,19.253,0.86076,9.6766
25.5,19.369,0.86147,9.7335
25.6,19.485,0.86218,9.7904
25.7,19.601,0.86289,9.8475
25.8,19.717,0.86361,9.9046
25.9,19.834,0.86432,9.9619
26,19.951,0.86504,10.019
26.1,20.068,0.86576,10.077
26.2,20.185,0.86647,10.134
26.3,20.302,0.86719,10.192
26.4,20.42,0.86792,10.25
26.5,20.538,0.86864,10.307
26.6,20.656,0.86936,10.365
26.7,20.774,0.87009,10.423
26.8,20.892,0.87081,10.481
26.9,21.011,0.87154,10.54
27,21.129,0.87227,10.598
27.1,21.248,0.873,10.656
27.2,21.367,0.87373,10.715
27.3,21.487,0.87446,10.773
27.4,21.606,0.87519,10.832
27.5,21.726,0.87593,10.891
27.6,21.845,0.87666,10.949
27.7,21.965,0.8774,11.008
27.8,22.086,0.87814,11.067
27.9,22.206,0.87887,11.126
28,22.328,0.87961,11.185
28.1,22.45,0.88035,11.245
28.2,22.572,0.8811,11.304
28.3,22.695,0.88184,11.363
28.4,22.817,0.88258,11.423
28.5,22.941,0.88333,11.483
28.6,23.064,0.88407,11.544
28.7,23.188,0.88482,11.604
28.8,23.312,0.88557,11.665
28.9,23.436,0.88631,11.726
29,23.56,0.88706,11.787
29.1,23.685,0.88781,11.848
29.2,23.811,0.88857,11.909
29.3,23.936,0.88932,11.971
29.4,24.062,0.89007,12.032
29.5,24.188,0.89083,12.094
29.6,24.315,0.89158,12.156
29.7,24.442,0.89234,12.218
29.8,24.569,0.89313,12.28
29.9,24.697,0.89416,12.343
30,24.825,0.89538,12.406
30.1,24.953,0.89683,12.468
30.2,25.081,0.8989,12.531
30.3,25.211,0.90164,12.595
30.4,25.34,0.90513,12.658
30.5,25.47,0.90938,12.722
30.6,25.6,0.9144,12.786
30.7,25.731,0.92032,12.85
30.8,25.862,0.92717,12.914
30.9,25.993,0.93475,12.978
31,26.125,0.94318,13.043
31.1,26.257,0.95249,13.108
31.2,26.39,0.96257,13.173
31.3,26.523,0.97343,13.238
31.4,26.656,0.98509,13.304
31.5,26.79,0.99747,13.369
31.6,26.924,1.0106,13.435
31.7,27.059,1.0245,13.502
31.8,27.194,1.0391,13.568
31.9,27.33,1.0545,13.635
32,27.466,1.0707,13.702
32.1,27.603,1.0876,13.769
32.2,27.74,1.1052,13.836
32.3,27.878,1.1236,13.904
32.4,28.016,1.1427,13.971
32.5,28.155,1.1625,14.039
32.6,28.294,1.1831,14.107
32.7,28.434,1.2044,14.176
32.8,28.574,1.2264,14.245
32.9,28.715,1.249,14.313
33,28.856,1.2724,14.383
33.1,28.998,1.2965,14.452
33.2,29.14,1.3213,14.522
33.3,29.283,1.3468,14.592
33.4,29.427,1.373,14.662
33.5,29.571,1.3999,14.733
33.6,29.716,1.4274,14.803
33.7,29.861,1.4556,14.874
33.8,30.007,1.4845,14.946
33.9,30.153,1.5141,15.017
34,30.3,1.5444,15.089
34.1,30.448,1.5754,15.162
34.2,30.596,1.607,15.234
34.3,30.745,1.6392,15.307
34.4,30.895,1.6721,15.38
34.5,31.045,1.7057,15.454
34.6,31.196,1.7399,15.527
34.7,31.348,1.7747,15.602
34.8,31.5,1.8102,15.676
34.9,31.653,1.8463,15.751
35,31.807,1.883,15.826
35.1,31.962,1.9204,15.901
35.2,32.117,1.9584,15.977
35.3,32.273,1.997,16.053
35.4,32.429,2.0362,16.129
35.5,32.587,2.0761,16.206
35.6,32.745,2.1165,16.283
35.7,32.904,2.1575,16.361
35.8,33.059,2.1992,16.438
35.9,33.212,2.2414,16.517
36,33.366,2.2843,16.594
36.1,33.521,2.3277,16.671
36.2,33.676,2.3717,16.749
36.3,33.832,2.4163,16.827
36.4,33.989,2.4614,16.905
36.5,34.146,2.5072,16.984
36.6,34.304,2.5536,17.062
36.7,34.463,2.6005,17.141
36.8,34.622,2.648,17.221
36.9,34.782,2.6961,17.3
37,34.943,2.7447,17.38
37.1,35.104,2.7939,17.46
37.2,35.266,2.8436,17.54
37.3,35.429,2.8939,17.621
37.4,35.593,2.9447,17.702
37.5,35.757,2.9961,17.783
37.6,35.922,3.048,17.864
37.7,36.088,3.1005,17.946
37.8,36.255,3.1535,18.028
37.9,36.422,3.207,18.11
38,36.591,3.261,18.192
38.1,36.76,3.3156,18.275
38.2,36.93,3.3706,18.358
38.3,37.1,3.4262,18.441
38.4,37.272,3.4823,18.525
38.5,37.443,3.5389,18.609
38.6,37.614,3.596,18.693
38.7,37.785,3.6536,18.777
38.8,37.957,3.7117,18.862
38.9,38.129,3.7704,18.947
39,38.302,3.8296,19.032
39.1,38.476,3.8893,19.117
39.2,38.65,3.9494,19.203
39.3,38.825,4.0101,19.289
39.4,39,4.0712,19.375
39.5,39.176,4.1329,19.462
39.6,39.352,4.195,19.549
39.7,39.529,4.2576,19.636
39.8,39.707,4.3206,19.723
39.9,39.885,4.3841,19.809
40,40.064,4.4481,19.897
40.1,40.244,4.5126,19.984
40.2,40.424,4.5775,20.071
40.3,40.604,4.6429,20.159
40.4,40.785,4.7087,20.247
40.5,40.967,4.775,20.335
40.6,41.149,4.8418,20.423
40.7,41.332,4.909,20.512
40.8,41.516,4.9766,20.6
40.9,41.7,5.0446,20.689
41,41.885,5.1131,20.779
41.1,42.07,5.1821,20.868
41.2,42.255,5.2514,20.957
41.3,42.44,5.3213,21.047
41.4,42.626,5.3916,21.137
41.5,42.812,5.4624,21.227
41.6,42.998,5.5335,21.318
41.7,43.185,5.6051,21.408
41.8,43.372,5.6771,21.499
41.9,43.56,5.7496,21.59
42,43.748,5.8224,21.681
42.1,43.936,5.8957,21.773
42.2,44.125,5.9694,21.864
42.3,44.315,6.0435,21.956
42.4,44.504,6.118,22.048
42.5,44.694,6.1929,22.14
42.6,44.885,6.2682,22.232
42.7,45.075,6.3439,22.325
42.8,45.266,6.42,22.417
42.9,45.458,6.4965,22.51
43,45.65,6.5734,22.603
43.1,45.842,6.6506,22.697
43.2,46.034,6.7283,22.79
43.3,46.227,6.8063,22.884
43.4,46.421,6.8847,22.977
43.5,46.614,6.9635,23.071
43.6,46.808,7.0427,23.166
43.7,47.002,7.1223,23.26
43.8,47.197,7.2023,23.354
43.9,47.391,7.2827,23.449
44,47.587,7.3634,23.543
44.1,47.782,7.4445,23.638
44.2,47.978,7.526,23.733
44.3,48.175,7.6078,23.828
44.4,48.371,7.69,23.923
44.5,48.568,7.7726,24.019
44.6,48.765,7.8555,24.114
44.7,48.963,7.9388,24.21
44.8,49.16,8.0225,24.306
44.9,49.359,8.1065,24.402
45,49.557,8.1908,24.498
45.1,49.755,8.2755,24.594
45.2,49.954,8.3605,24.691
45.3,50.153,8.4459,24.787
45.4,50.353,8.5316,24.884
45.5,50.553,8.6177,24.981
45.6,50.752,8.704,25.078
45.7,50.953,8.7908,25.175
45.8,51.153,8.8778,25.273
45.9,51.354,8.9652,25.37
46,51.555,9.0529,25.468
46.1,51.756,9.141,25.565
46.2,51.957,9.2293,25.663
46.3,52.159,9.318,25.761
46.4,52.36,9.4071,25.859
46.5,52.563,9.4964,25.957
46.6,52.765,9.5861,26.056
46.7,52.968,9.6761,26.154
46.8,53.171,9.7664,26.253
46.9,53.374,9.857,26.351
47,53.578,9.948,26.45
47.1,53.782,10.039,26.549
47.2,53.986,10.131,26.648
47.3,54.191,10.223,26.747
47.4,54.396,10.315,26.847
47.5,54.601,10.407,26.946
47.6,54.806,10.5,27.046
47.7,55.011,10.593,27.146
47.8,55.217,10.687,27.246
47.9,55.423,10.78,27.346
48,55.629,10.874,27.446
48.1,55.836,10.968,27.546
48.2,56.042,11.063,27.647
48.3,56.249,11.158,27.747
48.4,56.456,11.253,27.848
48.5,56.664,11.348,27.949
48.6,56.871,11.444,28.05
48.7,57.079,11.54,28.151
48.8,57.287,11.636,28.252
48.9,57.495,11.733,28.353
49,57.704,11.83,28.454
49.1,57.912,11.927,28.556
49.2,58.121,12.024,28.657
49.3,58.33,12.122,28.759
49.4,58.54,12.22,28.861
49.5,58.75,12.318,28.962
49.6,58.96,12.417,29.064
49.7,59.17,12.516,29.166
49.8,59.381,12.615,29.269
49.9,59.592,12.714,29.371
50,59.803,12.813,29.473
50.1,60.014,12.913,29.576
50.2,60.225,13.013,29.678
50.3,60.437,13.114,29.781
50.4,60.649,13.214,29.884
50.5,60.861,13.315,29.987
50.6,61.074,13.416,30.089
50.7,61.286,13.518,30.193
50.8,61.499,13.619,30.296
50.9,61.712,13.721,30.399
51,61.925,13.823,30.502
51.1,62.139,13.925,30.606
51.2,62.352,14.028,30.709
51.3,62.566,14.131,30.813
51.4,62.78,14.234,30.917
51.5,62.994,14.337,31.02
51.6,63.209,14.441,31.124
51.7,63.424,14.544,31.229
51.8,63.638,14.648,31.333
51.9,63.853,14.753,31.437
52,64.069,14.857,31.542
52.1,64.284,14.962,31.646
52.2,64.5,15.067,31.751
52.3,64.715,15.172,31.855
52.4,64.931,15.278,31.96
52.5,65.148,15.383,32.065
52.6,65.364,15.489,32.17
52.7,65.58,15.595,32.275
52.8,65.797,15.702,32.38
52.9,66.014,15.808,32.486
53,66.231,15.915,32.591
53.1,66.448,16.022,32.696
53.2,66.666,16.129,32.802
53.3,66.883,16.237,32.907
53.4,67.101,16.344,33.013
53.5,67.319,16.452,33.119
53.6,67.537,16.56,33.225
53.7,67.755,16.669,33.331
53.8,67.974,16.777,33.437
53.9,68.193,16.886,33.543
54,68.412,16.995,33.649
54.1,68.631,17.104,33.755
54.2,68.851,17.213,33.862
54.3,69.07,17.323,33.968
54.4,69.29,17.433,34.074
54.5,69.51,17.543,34.181
54.6,69.73,17.653,34.288
54.7,69.95,17.763,34.394
54.8,70.171,17.874,34.501
54.9,70.391,17.985,34.608
55,70.612,18.095,34.715
55.1,70.833,18.207,34.822
55.2,71.054,18.318,34.928
55.3,71.276,18.429,35.034
55.4,71.497,18.541,35.14
55.5,71.719,18.653,35.246
55.6,71.941,18.765,35.352
55.7,72.163,18.878,35.458
55.8,72.385,18.99,35.564
55.9,72.607,19.103,35.67
56,72.829,19.216,35.776
56.1,73.052,19.329,35.882
56.2,73.275,19.442,35.989
56.3,73.498,19.555,36.095
56.4,73.721,19.669,36.201
56.5,73.944,19.783,36.307
56.6,74.167,19.897,36.413
56.7,74.391,20.011,36.519
56.8,74.615,20.125,36.626
56.9,74.838,20.24,36.732
57,75.062,20.354,36.838
57.1,75.286,20.469,36.944
57.2,75.511,20.584,37.05
57.3,75.735,20.699,37.156
57.4,75.96,20.815,37.263
57.5,76.184,20.93,37.369
57.6,76.409,21.046,37.475
57.7,76.634,21.162,37.581
57.8,76.859,21.278,37.687
57.9,77.084,21.394,37.793
58,77.31,21.511,37.899
58.1,77.533,21.627,38.006
58.2,77.754,21.744,38.112
58.3,77.974,21.861,38.218
58.4,78.193,21.978,38.324
58.5,78.412,22.095,38.43
58.6,78.631,22.212,38.536
58.7,78.85,22.328,38.642
58.8,79.068,22.444,38.748
58.9,79.286,22.559,38.854
59,79.504,22.675,38.96
59.1,79.721,22.79,39.065
59.2,79.937,22.905,39.171
59.3,80.154,23.02,39.277
59.4,80.369,23.135,39.383
59.5,80.585,23.25,39.488
59.6,80.799,23.365,39.594
59.7,81.014,23.479,39.7
59.8,81.228,23.594,39.805
59.9,81.441,23.708,39.911
60,81.654,23.822,40.017
60.1,81.866,23.935,40.122
60.2,82.078,24.048,40.228
60.3,82.289,24.162,40.333
60.4,82.5,24.274,40.438
60.5,82.71,24.387,40.544
60.6,82.919,24.499,40.649
60.7,83.128,24.611,40.754
60.8,83.336,24.722,40.858
60.9,83.544,24.834,40.96
61,83.75,24.944,41.062
61.1,83.957,25.055,41.163
61.2,84.162,25.165,41.264
61.3,84.367,25.274,41.364
61.4,84.571,25.383,41.464
61.5,84.775,25.492,41.563
61.6,84.977,25.6,41.661
61.7,85.176,25.707,41.759
61.8,85.372,25.815,41.857
61.9,85.568,25.922,41.953
62,85.762,26.028,42.049
62.1,85.955,26.134,42.144
62.2,86.147,26.239,42.239
62.3,86.337,26.344,42.333
62.4,86.527,26.448,42.426
62.5,86.715,26.552,42.518
62.6,86.901,26.655,42.61
62.7,87.087,26.757,42.7
62.8,87.271,26.859,42.791
62.9,87.453,26.96,42.881
63,87.635,27.06,42.97
63.1,87.815,27.159,43.059
63.2,87.993,27.258,43.146
63.3,88.17,27.356,43.233
63.4,88.345,27.454,43.319
63.5,88.519,27.55,43.405
63.6,88.692,27.646,43.489
63.7,88.863,27.74,43.573
63.8,89.032,27.834,43.655
63.9,89.2,27.927,43.737
64,89.366,28.02,43.818
64.1,89.53,28.111,43.898
64.2,89.693,28.201,43.977
64.3,89.854,28.29,44.056
64.4,90.013,28.379,44.133
64.5,90.171,28.466,44.209
64.6,90.327,28.553,44.284
64.7,90.481,28.639,44.36
64.8,90.633,28.727,44.436
64.9,90.783,28.814,44.51
65,90.932,28.9,44.584
65.1,91.079,28.986,44.657
65.2,91.224,29.071,44.729
65.3,91.373,29.155,44.801
65.4,91.521,29.239,44.872
65.5,91.667,29.321,44.942
65.6,91.811,29.403,45.011
65.7,91.954,29.485,45.08
65.8,92.096,29.565,45.147
65.9,92.236,29.645,45.214
66,92.374,29.724,45.281
66.1,92.511,29.803,45.346
66.2,92.647,29.88,45.411
66.3,92.781,29.957,45.475
66.4,92.913,30.033,45.538
66.5,93.044,30.108,45.601
66.6,93.173,30.183,45.663
66.7,93.301,30.256,45.725
66.8,93.427,30.329,45.786
66.9,93.552,30.401,45.846
67,93.674,30.472,45.906
67.1,93.796,30.543,45.966
67.2,93.916,30.613,46.024
67.3,94.034,30.682,46.082
67.4,94.15,30.752,46.14
67.5,94.265,30.821,46.197
67.6,94.378,30.89,46.253
67.7,94.489,30.958,46.309
67.8,94.599,31.026,46.364
67.9,94.707,31.093,46.418
68,94.814,31.159,46.472
68.1,94.918,31.225,46.525
68.2,95.021,31.29,46.578
68.3,95.123,31.355,46.63
68.4,95.222,31.419,46.682
68.5,95.32,31.482,46.733
68.6,95.416,31.545,46.783
68.7,95.51,31.607,46.833
68.8,95.606,31.669,46.883
68.9,95.703,31.73,46.932
69,95.798,31.791,46.98
69.1,95.893,31.851,47.028
69.2,95.986,31.91,47.075
69.3,96.078,31.969,47.122
69.4,96.168,32.027,47.168
69.5,96.258,32.085,47.214
69.6,96.346,32.142,47.26
69.7,96.433,32.199,47.304
69.8,96.518,32.255,47.349
69.9,96.602,32.31,47.393
70,96.685,32.366,47.436
70.1,96.767,32.421,47.479
70.2,96.848,32.475,47.521
70.3,96.927,32.53,47.563
70.4,97.005,32.583,47.605
70.5,97.082,32.636,47.644
70.6,97.158,32.689,47.683
70.7,97.232,32.741,47.722
70.8,97.306,32.793,47.76
70.9,97.378,32.844,47.798
71,97.449,32.895,47.835
71.1,97.518,32.945,47.871
71.2,97.587,32.995,47.907
71.3,97.654,33.045,47.943
71.4,97.72,33.094,47.978
71.5,97.785,33.143,48.013
71.6,97.849,33.191,48.047
71.7,97.911,33.239,48.081
71.8,97.973,33.286,48.114
71.9,98.033,33.333,48.147
72,98.092,33.38,48.179
72.1,98.15,33.426,48.211
72.2,98.207,33.472,48.243
72.3,98.262,33.518,48.274
72.4,98.318,33.563,48.304
72.5,98.373,33.607,48.334
72.6,98.428,33.652,48.364
72.7,98.481,33.695,48.394
72.8,98.533,33.739,48.422
72.9,98.585,33.781,48.451
73,98.635,33.824,48.479
73.1,98.685,33.866,48.507
73.2,98.733,33.908,48.534
73.3,98.781,33.949,48.561
73.4,98.828,33.99,48.587
73.5,98.874,34.031,48.613
73.6,98.919,34.071,48.639
73.7,98.963,34.111,48.664
73.8,99.006,34.151,48.689
73.9,99.048,34.19,48.714
74,99.089,34.229,48.738
74.1,99.13,34.268,48.762
74.2,99.17,34.306,48.785
74.3,99.209,34.344,48.809
74.4,99.247,34.381,48.831
74.5,99.284,34.418,48.854
74.6,99.32,34.455,48.876
74.7,99.356,34.492,48.898
74.8,99.391,34.528,48.919
74.9,99.425,34.564,48.94
75,99.458,34.6,48.961
75.1,99.491,34.635,48.981
75.2,99.522,34.669,49.001
75.3,99.553,34.704,49.021
75.4,99.584,34.738,49.041
75.5,99.613,34.771,49.06
75.6,99.642,34.805,49.079
75.7,99.67,34.838,49.097
75.8,99.697,34.87,49.116
75.9,99.724,34.902,49.134
76,99.748,34.934,49.151
76.1,99.772,34.966,49.169
76.2,99.796,34.997,49.186
76.3,99.818,35.029,49.203
76.4,99.84,35.059,49.219
76.5,99.861,35.09,49.236
76.6,99.881,35.12,49.252
76.7,99.901,35.15,49.268
76.8,99.92,35.179,49.283
76.9,99.938,35.208,49.298
77,99.955,35.237,49.314
77.1,99.972,35.266,49.328
77.2,99.988,35.294,49.343
77.3,100,35.322,49.357
77.4,100.02,35.35,49.371
77.5,100.03,35.377,49.384
77.6,100.05,35.404,49.395
77.7,100.06,35.431,49.406
77.8,100.07,35.458,49.417
77.9,100.08,35.484,49.427
78,100.09,35.51,49.437
78.1,100.1,35.536,49.447
78.2,100.11,35.562,49.456
78.3,100.12,35.587,49.465
78.4,100.13,35.612,49.474
78.5,100.14,35.637,49.482
78.6,100.14,35.661,49.49
78.7,100.15,35.686,49.498
78.8,100.16,35.71,49.506
78.9,100.16,35.733,49.513
79,100.17,35.757,49.52
79.1,100.17,35.78,49.527
79.2,100.17,35.802,49.533
79.3,100.18,35.825,49.539
79.4,100.18,35.847,49.545
79.5,100.18,35.869,49.551
79.6,100.18,35.891,49.556
79.7,100.18,35.912,49.562
79.8,100.19,35.934,49.566
79.9,100.19,35.955,49.571
80,100.18,35.975,49.575
80.1,100.18,35.996,49.579
80.2,100.18,36.016,49.583
80.3,100.18,36.036,49.587
80.4,100.18,36.055,49.59
80.5,100.17,36.074,49.593
80.6,100.17,36.094,49.596
80.7,100.16,36.112,49.599
80.8,100.16,36.131,49.601
80.9,100.15,36.149,49.603
81,100.14,36.167,49.605
81.1,100.13,36.185,49.607
81.2,100.12,36.202,49.609
81.3,100.12,36.219,49.61
81.4,100.11,36.236,49.611
81.5,100.1,36.253,49.612
81.6,100.08,36.269,49.612
81.7,100.07,36.285,49.613
81.8,100.06,36.301,49.613
81.9,100.05,36.317,49.613
82,100.04,36.332,49.613
82.1,100.02,36.347,49.612
82.2,100.01,36.362,49.612
82.3,99.996,36.376,49.611
82.4,99.981,36.39,49.61
82.5,99.965,36.404,49.609
82.6,99.95,36.418,49.608
82.7,99.933,36.432,49.606
82.8,99.917,36.445,49.604
82.9,99.9,36.459,49.603
83,99.882,36.472,49.601
83.1,99.864,36.485,49.598
83.2,99.845,36.498,49.596
83.3,99.826,36.511,49.593
83.4,99.807,36.524,49.591
83.5,99.787,36.536,49.588
83.6,99.766,36.548,49.585
83.7,99.746,36.56,49.582
83.8,99.724,36.571,49.578
83.9,99.703,36.583,49.575
84,99.68,36.594,49.571
84.1,99.658,36.605,49.567
84.2,99.635,36.615,49.564
84.3,99.612,36.626,49.559
84.4,99.588,36.636,49.555
84.5,99.564,36.646,49.55
84.6,99.539,36.656,49.544
84.7,99.514,36.666,49.537
84.8,99.489,36.675,49.531
84.9,99.463,36.684,49.523
85,99.436,36.693,49.516
85.1,99.408,36.702,49.509
85.2,99.38,36.711,49.501
85.3,99.352,36.719,49.493
85.4,99.323,36.727,49.485
85.5,99.293,36.735,49.477
85.6,99.263,36.743,49.469
85.7,99.233,36.751,49.46
85.8,99.203,36.758,49.451
85.9,99.171,36.765,49.442
86,99.14,36.772,49.433
86.1,99.108,36.779,49.424
86.2,99.076,36.785,49.414
86.3,99.043,36.792,49.404
86.4,99.01,36.798,49.394
86.5,98.976,36.804,49.384
86.6,98.942,36.809,49.374
86.7,98.907,36.815,49.363
86.8,98.873,36.82,49.353
86.9,98.837,36.825,49.342
87,98.802,36.83,49.331
87.1,98.766,36.835,49.32
87.2,98.729,36.839,49.308
87.3,98.693,36.843,49.297
87.4,98.656,36.848,49.285
87.5,98.618,36.851,49.273
87.6,98.58,36.855,49.261
87.7,98.542,36.859,49.249
87.8,98.503,36.862,49.237
87.9,98.464,36.866,49.224
88,98.425,36.869,49.212
88.1,98.385,36.872,49.199
88.2,98.345,36.875,49.186
88.3,98.304,36.878,49.173
88.4,98.263,36.881,49.16
88.5,98.222,36.883,49.146
88.6,98.181,36.885,49.133
88.7,98.139,36.888,49.119
88.8,98.097,36.89,49.105
88.9,98.054,36.891,49.091
89,98.011,36.893,49.077
89.1,97.968,36.894,49.063
89.2,97.924,36.896,49.048
89.3,97.88,36.897,49.034
89.4,97.836,36.898,49.019
89.5,97.791,36.899,49.004
89.6,97.746,36.899,48.989
89.7,97.7,36.9,48.974
89.8,97.654,36.9,48.959
89.9,97.608,36.901,48.944
90,97.561,36.901,48.928
90.1,97.514,36.901,48.913
90.2,97.466,36.9,48.897
90.3,97.418,36.9,48.881
90.4,97.37,36.899,48.865
90.5,97.322,36.899,48.849
90.6,97.273,36.898,48.833
90.7,97.224,36.897,48.817
90.8,97.175,36.896,48.8
90.9,97.125,36.894,48.784
91,97.075,36.893,48.767
91.1,97.024,36.891,48.75
91.2,96.974,36.89,48.734
91.3,96.922,36.888,48.717
91.4,96.871,36.886,48.7
91.5,96.819,36.884,48.682
91.6,96.767,36.881,48.664
91.7,96.715,36.879,48.646
91.8,96.663,36.876,48.627
91.9,96.61,36.874,48.608
92,96.556,36.871,48.589
92.1,96.503,36.868,48.57
92.2,96.449,36.865,48.551
92.3,96.395,36.862,48.532
92.4,96.341,36.858,48.512
92.5,96.286,36.855,48.493
92.6,96.231,36.851,48.473
92.7,96.176,36.847,48.453
92.8,96.12,36.843,48.433
92.9,96.064,36.839,48.413
93,96.008,36.835,48.393
93.1,95.952,36.831,48.373
93.2,95.895,36.827,48.352
93.3,95.838,36.822,48.331
93.4,95.781,36.818,48.311
93.5,95.724,36.813,48.29
93.6,95.666,36.808,48.269
93.7,95.608,36.803,48.248
93.8,95.55,36.798,48.226
93.9,95.491,36.793,48.205
94,95.432,36.787,48.183
94.1,95.373,36.782,48.162
94.2,95.313,36.776,48.14
94.3,95.253,36.771,48.118
94.4,95.193,36.765,48.096
94.5,95.133,36.759,48.074
94.6,95.072,36.753,48.052
94.7,95.011,36.747,48.03
94.8,94.95,36.741,48.007
94.9,94.889,36.734,47.985
95,94.827,36.728,47.962
95.1,94.765,36.721,47.939
95.2,94.703,36.715,47.916
95.3,94.64,36.708,47.893
95.4,94.578,36.701,47.87
95.5,94.515,36.694,47.847
95.6,94.451,36.687,47.823
95.7,94.388,36.68,47.8
95.8,94.324,36.673,47.776
95.9,94.26,36.665,47.753
96,94.196,36.658,47.729
96.1,94.132,36.65,47.705
96.2,94.067,36.642,47.681
96.3,94.002,36.635,47.657
96.4,93.937,36.627,47.633
96.5,93.872,36.619,47.609
96.6,93.806,36.611,47.584
96.7,93.74,36.602,47.56
96.8,93.674,36.594,47.535
96.9,93.608,36.586,47.511
97,93.541,36.577,47.486
97.1,93.475,36.569,47.461
97.2,93.408,36.56,47.436
97.3,93.341,36.551,47.411
97.4,93.273,36.543,47.386
97.5,93.206,36.534,47.361
97.6,93.138,36.525,47.336
97.7,93.07,36.515,47.31
97.8,93.002,36.506,47.285
97.9,92.933,36.497,47.259
98,92.865,36.487,47.234
98.1,92.796,36.478,47.208
98.2,92.727,36.468,47.182
98.3,92.657,36.459,47.156
98.4,92.588,36.449,47.13
98.5,92.518,36.439,47.104
98.6,92.448,36.429,47.078
98.7,92.377,36.419,47.051
98.8,92.306,36.409,47.024
98.9,92.235,36.399,46.997
99,92.164,36.388,46.97
99.1,92.092,36.378,46.943
99.2,92.02,36.367,46.916
99.3,91.948,36.357,46.889
99.4,91.876,36.346,46.862
99.5,91.804,36.335,46.834
99.6,91.731,36.325,46.806
99.7,91.658,36.314,46.779
99.8,91.585,36.303,46.751
99.9,91.512,36.292,46.723
100,91.439,36.281,46.695
100.1,91.365,36.269,46.667
100.2,91.292,36.258,46.639
100.3,91.218,36.247,46.611
100.4,91.143,36.235,46.583
100.5,91.069,36.224,46.554
100.6,90.995,36.212,46.526
100.7,90.92,36.2,46.497
100.8,90.845,36.189,46.469
100.9,90.77,36.177,46.44
101,90.695,36.165,46.411
101.1,90.619,36.153,46.382
101.2,90.544,36.141,46.353
101.3,90.468,36.129,46.324
101.4,90.392,36.116,46.295
101.5,90.316,36.104,46.266
101.6,90.24,36.092,46.237
101.7,90.163,36.079,46.207
101.8,90.086,36.067,46.178
101.9,90.01,36.054,46.148
102,89.933,36.042,46.119
102.1,89.856,36.029,46.089
102.2,89.778,36.016,46.059
102.3,89.701,36.003,46.029
102.4,89.623,35.99,45.999
102.5,89.545,35.977,45.969
102.6,89.467,35.964,45.939
102.7,89.389,35.951,45.909
102.8,89.311,35.938,45.879
102.9,89.233,35.925,45.849
103,89.154,35.911,45.818
103.1,89.075,35.898,45.788
103.2,88.997,35.884,45.757
103.3,88.918,35.871,45.727
103.4,88.838,35.857,45.696
103.5,88.759,35.844,45.666
103.6,88.68,35.83,45.635
103.7,88.6,35.816,45.604
103.8,88.521,35.802,45.573
103.9,88.441,35.788,45.542
104,88.361,35.774,45.511
104.1,88.281,35.76,45.48
104.2,88.2,35.746,45.449
104.3,88.12,35.732,45.418
104.4,88.039,35.718,45.386
104.5,87.959,35.703,45.355
104.6,87.878,35.689,45.324
104.7,87.797,35.674,45.292
104.8,87.716,35.66,45.261
104.9,87.635,35.645,45.229
105,87.554,35.631,45.197
105.1,87.472,35.616,45.166
105.2,87.391,35.601,45.134
105.3,87.309,35.586,45.102
105.4,87.228,35.571,45.07
105.5,87.146,35.557,45.038
105.6,87.064,35.541,45.006
105.7,86.982,35.526,44.974
105.8,86.9,35.511,44.941
105.9,86.817,35.496,44.909
106,86.735,35.481,44.876
106.1,86.652,35.466,44.843
106.2,86.57,35.45,44.811
106.3,86.487,35.435,44.778
106.4,86.404,35.419,44.745
106.5,86.321,35.404,44.712
106.6,86.238,35.388,44.679
106.7,86.155,35.372,44.646
106.8,86.072,35.357,44.613
106.9,85.989,35.341,44.579
107,85.906,35.325,44.546
107.1,85.822,35.309,44.513
107.2,85.738,35.293,44.479
107.3,85.653,35.277,44.446
107.4,85.568,35.261,44.413
107.5,85.483,35.245,44.379
107.6,85.398,35.229,44.345
107.7,85.312,35.213,44.312
107.8,85.227,35.197,44.278
107.9,85.141,35.181,44.244
108,85.056,35.165,44.21
108.1,84.97,35.149,44.176
108.2,84.884,35.132,44.142
108.3,84.798,35.116,44.108
108.4,84.712,35.1,44.074
108.5,84.625,35.084,44.04
108.6,84.539,35.067,44.006
108.7,84.453,35.051,43.972
108.8,84.366,35.034,43.938
108.9,84.279,35.018,43.903
109,84.192,35.001,43.869
109.1,84.106,34.985,43.834
109.2,84.019,34.968,43.8
109.3,83.931,34.951,43.765
109.4,83.844,34.935,43.731
109.5,83.757,34.918,43.696
109.6,83.669,34.901,43.662
109.7,83.582,34.884,43.627
109.8,83.494,34.867,43.592
109.9,83.406,34.85,43.557
110,83.319,34.833,43.522
110.1,83.231,34.816,43.487
110.2,83.143,34.799,43.452
110.3,83.054,34.782,43.417
110.4,82.966,34.765,43.382
110.5,82.878,34.748,43.347
110.6,82.789,34.73,43.312
110.7,82.701,34.713,43.277
110.8,82.612,34.696,43.242
110.9,82.524,34.678,43.207
111,82.435,34.661,43.171
111.1,82.346,34.643,43.136
111.2,82.257,34.626,43.101
111.3,82.168,34.608,43.065
111.4,82.079,34.591,43.03
111.5,81.99,34.573,42.994
111.6,81.9,34.555,42.959
111.7,81.811,34.538,42.923
111.8,81.722,34.52,42.887
111.9,81.632,34.502,42.852
112,81.543,34.484,42.816
112.1,81.453,34.466,42.78
112.2,81.363,34.449,42.745
112.3,81.273,34.431,42.709
112.4,81.183,34.413,42.673
112.5,81.093,34.395,42.637
112.6,81.003,34.376,42.601
112.7,80.913,34.358,42.565
112.8,80.823,34.34,42.529
112.9,80.733,34.322,42.493
113,80.643,34.304,42.457
113.1,80.552,34.285,42.421
113.2,80.462,34.267,42.385
113.3,80.371,34.249,42.349
113.4,80.281,34.23,42.313
113.5,80.19,34.212,42.277
113.6,80.099,34.193,42.24
113.7,80.009,34.175,42.204
113.8,79.918,34.156,42.168
113.9,79.827,34.138,42.132
114,79.736,34.119,42.095
114.1,79.645,34.1,42.059
114.2,79.554,34.081,42.023
114.3,79.463,34.063,41.987
114.4,79.372,34.044,41.95
114.5,79.28,34.025,41.914
114.6,79.189,34.006,41.878
114.7,79.098,33.987,41.842
114.8,79.007,33.968,41.806
114.9,78.915,33.949,41.769
115,78.824,33.93,41.733
115.1,78.732,33.911,41.697
115.2,78.641,33.892,41.661
115.3,78.549,33.873,41.624
115.4,78.458,33.853,41.588
115.5,78.366,33.834,41.552
115.6,78.274,33.815,41.515
115.7,78.182,33.795,41.479
115.8,78.091,33.776,41.443
115.9,78.001,33.757,41.406
116,77.912,33.737,41.37
116.1,77.822,33.718,41.334
116.2,77.732,33.698,41.297
116.3,77.643,33.679,41.261
116.4,77.553,33.659,41.224
116.5,77.464,33.639,41.188
116.6,77.375,33.619,41.152
116.7,77.285,33.6,41.115
116.8,77.196,33.58,41.079
116.9,77.107,33.56,41.042
117,77.017,33.54,41.006
117.1,76.928,33.52,40.97
117.2,76.839,33.5,40.933
117.3,76.75,33.48,40.897
117.4,76.661,33.46,40.86
117.5,76.572,33.44,40.824
117.6,76.484,33.42,40.788
117.7,76.395,33.4,40.751
117.8,76.306,33.379,40.715
117.9,76.218,33.359,40.678
118,76.129,33.339,40.642
118.1,76.041,33.318,40.606
118.2,75.952,33.298,40.569
118.3,75.864,33.277,40.533
118.4,75.776,33.257,40.497
118.5,75.688,33.236,40.46
118.6,75.6,33.216,40.424
118.7,75.512,33.195,40.388
118.8,75.424,33.174,40.351
118.9,75.336,33.154,40.315
119,75.248,33.133,40.279
119.1,75.161,33.112,40.242
119.2,75.073,33.091,40.206
119.3,74.986,33.07,40.17
119.4,74.899,33.049,40.133
119.5,74.812,33.029,40.097
119.6,74.724,33.01,40.061
119.7,74.637,32.99,40.025
119.8,74.551,32.971,39.989
119.9,74.464,32.952,39.952
120,74.377,32.932,39.916
120.1,74.291,32.913,39.88
120.2,74.204,32.894,39.844
120.3,74.118,32.874,39.808
120.4,74.032,32.855,39.772
120.5,73.946,32.836,39.736
120.6,73.86,32.817,39.7
120.7,73.774,32.797,39.663
120.8,73.688,32.778,39.627
120.9,73.603,32.759,39.591
121,73.517,32.74,39.555
121.1,73.432,32.72,39.52
121.2,73.347,32.701,39.484
121.3,73.262,32.682,39.448
121.4,73.177,32.663,39.412
121.5,73.092,32.644,39.376
121.6,73.008,32.625,39.34
121.7,72.923,32.605,39.304
121.8,72.839,32.586,39.268
121.9,72.755,32.567,39.233
122,72.671,32.548,39.197
122.1,72.587,32.529,39.161
122.2,72.503,32.51,39.126
122.3,72.42,32.491,39.09
122.4,72.336,32.472,39.054
122.5,72.253,32.453,39.019
122.6,72.17,32.434,38.983
122.7,72.087,32.415,38.948
122.8,72.004,32.396,38.913
122.9,71.922,32.377,38.879
123,71.839,32.358,38.844
123.1,71.757,32.339,38.809
123.2,71.675,32.321,38.775
123.3,71.593,32.302,38.74
123.4,71.511,32.283,38.706
123.5,71.43,32.264,38.672
123.6,71.348,32.245,38.637
123.7,71.267,32.227,38.603
123.8,71.186,32.208,38.569
123.9,71.105,32.189,38.535
124,71.025,32.171,38.501
124.1,70.944,32.152,38.467
124.2,70.864,32.133,38.433
124.3,70.784,32.115,38.4
124.4,70.704,32.096,38.366
124.5,70.625,32.078,38.332
124.6,70.546,32.059,38.299
124.7,70.467,32.041,38.265
124.8,70.389,32.022,38.232
124.9,70.311,32.004,38.198
125,70.233,31.986,38.165
125.1,70.155,31.967,38.132
125.2,70.077,31.949,38.099
125.3,70,31.931,38.066
125.4,69.923,31.913,38.033
125.5,69.846,31.894,38
125.6,69.769,31.876,37.967
125.7,69.693,31.858,37.935
125.8,69.617,31.84,37.902
125.9,69.541,31.822,37.87
126,69.465,31.804,37.837
126.1,69.39,31.786,37.805
126.2,69.315,31.768,37.773
126.3,69.24,31.75,37.74
126.4,69.165,31.732,37.708
126.5,69.091,31.714,37.676
126.6,69.017,31.697,37.644
126.7,68.943,31.679,37.613
126.8,68.869,31.661,37.581
126.9,68.796,31.643,37.549
127,68.723,31.626,37.518
127.1,68.65,31.608,37.486
127.2,68.578,31.591,37.455
127.3,68.505,31.573,37.424
127.4,68.434,31.556,37.393
127.5,68.362,31.538,37.362
127.6,68.29,31.521,37.331
127.7,68.219,31.503,37.3
127.8,68.148,31.486,37.269
127.9,68.078,31.469,37.238
128,68.008,31.452,37.208
128.1,67.938,31.435,37.178
128.2,67.868,31.417,37.147
128.3,67.799,31.4,37.117
128.4,67.73,31.383,37.087
128.5,67.661,31.366,37.057
128.6,67.592,31.349,37.027
128.7,67.524,31.333,36.997
128.8,67.456,31.316,36.968
128.9,67.389,31.299,36.938
129,67.321,31.282,36.909
129.1,67.254,31.266,36.879
129.2,67.188,31.249,36.85
129.3,67.121,31.232,36.821
129.4,67.055,31.216,36.792
129.5,66.99,31.199,36.763
129.6,66.924,31.183,36.734
129.7,66.859,31.167,36.706
129.8,66.795,31.15,36.677
129.9,66.73,31.134,36.649
130,66.666,31.118,36.621
130.1,66.602,31.102,36.592
130.2,66.539,31.086,36.564
130.3,66.476,31.07,36.536
130.4,66.413,31.054,36.509
130.5,66.351,31.038,36.481
130.6,66.289,31.022,36.453
130.7,66.227,31.006,36.426
130.8,66.166,30.99,36.399
130.9,66.105,30.975,36.372
131,66.044,30.959,36.345
131.1,65.984,30.944,36.318
131.2,65.924,30.928,36.291
131.3,65.865,30.912,36.264
131.4,65.805,30.896,36.236
131.5,65.746,30.88,36.208
131.6,65.688,30.864,36.181
131.7,65.63,30.848,36.153
131.8,65.572,30.832,36.126
131.9,65.515,30.816,36.099
132,65.458,30.8,36.072
132.1,65.401,30.784,36.045
132.2,65.345,30.768,36.018
132.3,65.289,30.752,35.991
132.4,65.234,30.736,35.964
132.5,65.178,30.72,35.938
132.6,65.124,30.704,35.911
132.7,65.069,30.689,35.885
132.8,65.015,30.673,35.858
132.9,64.962,30.657,35.832
133,64.909,30.642,35.806
133.1,64.856,30.626,35.779
133.2,64.8,30.611,35.753
133.3,64.744,30.595,35.727
133.4,64.687,30.58,35.702
133.5,64.631,30.564,35.676
133.6,64.576,30.549,35.65
133.7,64.52,30.534,35.624
133.8,64.465,30.518,35.599
133.9,64.41,30.503,35.574
134,64.355,30.488,35.548
134.1,64.301,30.473,35.523
134.2,64.246,30.457,35.498
134.3,64.192,30.442,35.473
134.4,64.139,30.427,35.448
134.5,64.085,30.412,35.423
134.6,64.032,30.397,35.398
134.7,63.979,30.382,35.374
134.8,63.926,30.367,35.349
134.9,63.873,30.352,35.325
135,63.821,30.338,35.3
135.1,63.769,30.323,35.276
135.2,63.717,30.308,35.252
135.3,63.665,30.293,35.228
135.4,63.614,30.279,35.204
135.5,63.563,30.264,35.18
135.6,63.512,30.25,35.156
135.7,63.461,30.235,35.132
135.8,63.411,30.221,35.108
135.9,63.36,30.206,35.085
136,63.311,30.192,35.062
136.1,63.261,30.178,35.038
136.2,63.211,30.163,35.015
136.3,63.162,30.149,34.992
136.4,63.113,30.135,34.969
136.5,63.064,30.121,34.946
136.6,63.016,30.106,34.923
136.7,62.968,30.092,34.9
136.8,62.92,30.078,34.878
136.9,62.872,30.064,34.855
137,62.824,30.05,34.833
137.1,62.777,30.037,34.81
137.2,62.73,30.023,34.788
137.3,62.683,30.009,34.766
137.4,62.636,29.995,34.744
137.5,62.59,29.981,34.722
137.6,62.544,29.968,34.7
137.7,62.498,29.954,34.678
137.8,62.453,29.941,34.657
137.9,62.407,29.927,34.635
138,62.362,29.914,34.614
138.1,62.317,29.9,34.592
138.2,62.272,29.887,34.571
138.3,62.228,29.873,34.55
138.4,62.184,29.86,34.528
138.5,62.14,29.847,34.506
138.6,62.096,29.834,34.484
138.7,62.053,29.821,34.463
138.8,62.01,29.808,34.441
138.9,61.967,29.795,34.419
139,61.924,29.782,34.398
139.1,61.881,29.769,34.376
139.2,61.839,29.756,34.355
139.3,61.797,29.743,34.333
139.4,61.755,29.73,34.312
139.5,61.714,29.717,34.291
139.6,61.672,29.705,34.269
139.7,61.631,29.692,34.248
139.8,61.591,29.679,34.227
139.9,61.55,29.667,34.206
140,61.51,29.654,34.185
140.1,61.47,29.642,34.164
140.2,61.43,29.63,34.143
140.3,61.39,29.617,34.123
140.4,61.351,29.605,34.102
140.5,61.312,29.592,34.081
140.6,61.273,29.579,34.06
140.7,61.234,29.566,34.04
140.8,61.196,29.553,34.019
140.9,61.158,29.54,33.999
141,61.12,29.527,33.978
141.1,61.082,29.514,33.958
141.2,61.044,29.501,33.938
141.3,61.006,29.489,33.918
141.4,60.967,29.476,33.897
141.5,60.928,29.463,33.877
141.6,60.889,29.45,33.857
141.7,60.85,29.438,33.837
141.8,60.811,29.425,33.817
141.9,60.773,29.413,33.797
142,60.735,29.4,33.777
142.1,60.697,29.387,33.757
142.2,60.659,29.375,33.738
142.3,60.621,29.362,33.718
142.4,60.583,29.35,33.698
142.5,60.546,29.337,33.679
142.6,60.509,29.325,33.659
142.7,60.472,29.313,33.64
142.8,60.435,29.3,33.62
142.9,60.398,29.288,33.601
143,60.362,29.275,33.581
143.1,60.325,29.263,33.562
143.2,60.289,29.251,33.543
143.3,60.253,29.239,33.523
143.4,60.217,29.226,33.504
143.5,60.181,29.214,33.485
143.6,60.146,29.202,33.466
143.7,60.11,29.19,33.447
143.8,60.075,29.178,33.428
143.9,60.04,29.166,33.409
144,60.005,29.153,33.39
144.1,59.971,29.141,33.371
144.2,59.936,29.129,33.352
144.3,59.902,29.117,33.334
144.4,59.868,29.105,33.315
144.5,59.834,29.093,33.296
144.6,59.8,29.081,33.278
144.7,59.766,29.07,33.259
144.8,59.733,29.058,33.241
144.9,59.699,29.046,33.222
145,59.666,29.034,33.204
145.1,59.633,29.022,33.185
145.2,59.6,29.01,33.167
145.3,59.567,28.999,33.148
145.4,59.535,28.987,33.13
145.5,59.503,28.975,33.112
145.6,59.47,28.963,33.094
145.7,59.438,28.952,33.075
145.8,59.407,28.94,33.057
145.9,59.375,28.928,33.039
146,59.343,28.917,33.021
146.1,59.312,28.905,33.002
146.2,59.281,28.894,32.984
146.3,59.25,28.882,32.966
146.4,59.219,28.871,32.948
146.5,59.189,28.859,32.93
146.6,59.158,28.848,32.912
146.7,59.128,28.836,32.894
146.8,59.098,28.825,32.876
146.9,59.068,28.813,32.858
147,59.038,28.802,32.84
147.1,59.008,28.791,32.823
147.2,58.979,28.779,32.805
147.3,58.949,28.768,32.787
147.4,58.919,28.757,32.769
147.5,58.888,28.745,32.752
147.6,58.858,28.734,32.734
147.7,58.827,28.723,32.716
147.8,58.796,28.712,32.699
147.9,58.766,28.7,32.681
148,58.735,28.689,32.663
148.1,58.705,28.678,32.646
148.2,58.675,28.667,32.628
148.3,58.645,28.656,32.611
148.4,58.615,28.645,32.593
148.5,58.585,28.634,32.576
148.6,58.555,28.623,32.558
148.7,58.526,28.612,32.541
148.8,58.496,28.601,32.524
148.9,58.467,28.59,32.506
149,58.437,28.579,32.489
149.1,58.408,28.568,32.472
149.2,58.379,28.557,32.454
149.3,58.35,28.546,32.437
149.4,58.321,28.535,32.42
149.5,58.292,28.524,32.402
149.6,58.264,28.513,32.385
149.7,58.235,28.502,32.368
149.8,58.207,28.491,32.351
149.9,58.178,28.48,32.334
150,58.15,28.469,32.317
150.1,58.122,28.458,32.3
150.2,58.094,28.447,32.282
150.3,58.066,28.436,32.265
150.4,58.038,28.425,32.248
150.5,58.01,28.414,32.231
150.6,57.983,28.404,32.214
150.7,57.955,28.393,32.197
150.8,57.928,28.382,32.18
150.9,57.901,28.371,32.163
151,57.873,28.36,32.146
151.1,57.846,28.349,32.129
151.2,57.819,28.339,32.112
151.3,57.792,28.328,32.095
151.4,57.766,28.317,32.078
151.5,57.739,28.306,32.062
151.6,57.712,28.295,32.045
151.7,57.686,28.285,32.028
151.8,57.66,28.274,32.011
151.9,57.633,28.263,31.994
152,57.607,28.252,31.977
152.1,57.581,28.242,31.96
152.2,57.555,28.231,31.944
152.3,57.53,28.22,31.927
152.4,57.504,28.21,31.91
152.5,57.478,28.199,31.893
152.6,57.453,28.188,31.877
152.7,57.427,28.178,31.86
152.8,57.402,28.167,31.844
152.9,57.377,28.156,31.827
153,57.352,28.146,31.811
153.1,57.327,28.135,31.794
153.2,57.302,28.124,31.778
153.3,57.277,28.114,31.762
153.4,57.253,28.103,31.745
153.5,57.228,28.093,31.729
153.6,57.202,28.082,31.713
153.7,57.177,28.071,31.696
153.8,57.151,28.061,31.68
153.9,57.126,28.05,31.664
154,57.1,28.04,31.647
154.1,57.075,28.029,31.631
154.2,57.05,28.019,31.615
154.3,57.025,28.008,31.599
154.4,57,27.998,31.583
154.5,56.975,27.987,31.566
154.6,56.95,27.977,31.55
154.7,56.925,27.966,31.534
154.8,56.9,27.956,31.518
154.9,56.875,27.945,31.502
155,56.851,27.935,31.486
155.1,56.826,27.924,31.47
155.2,56.802,27.914,31.454
155.3,56.777,27.903,31.437
155.4,56.753,27.893,31.421
155.5,56.728,27.882,31.405
155.6,56.704,27.872,31.389
155.7,56.68,27.861,31.373
155.8,56.656,27.851,31.357
155.9,56.632,27.841,31.341
156,56.608,27.83,31.325
156.1,56.584,27.82,31.309
156.2,56.56,27.809,31.293
156.3,56.536,27.799,31.278
156.4,56.513,27.788,31.262
156.5,56.489,27.778,31.246
156.6,56.465,27.768,31.23
156.7,56.442,27.757,31.214
156.8,56.419,27.747,31.198
156.9,56.395,27.736,31.182
157,56.372,27.726,31.166
157.1,56.349,27.716,31.15
157.2,56.325,27.705,31.135
157.3,56.302,27.695,31.119
157.4,56.279,27.685,31.103
157.5,56.256,27.674,31.087
157.6,56.234,27.664,31.071
157.7,56.211,27.653,31.055
157.8,56.188,27.643,31.04
157.9,56.165,27.633,31.024
158,56.143,27.622,31.008
158.1,56.12,27.612,30.992
158.2,56.098,27.602,30.976
158.3,56.075,27.591,30.961
158.4,56.053,27.581,30.945
158.5,56.031,27.571,30.929
158.6,56.008,27.56,30.913
158.7,55.986,27.55,30.898
158.8,55.964,27.54,30.882
158.9,55.942,27.53,30.866
159,55.92,27.52,30.851
159.1,55.898,27.509,30.835
159.2,55.877,27.499,30.819
159.3,55.855,27.489,30.803
159.4,55.833,27.479,30.788
159.5,55.812,27.469,30.772
159.6,55.79,27.459,30.756
159.7,55.768,27.449,30.741
159.8,55.746,27.438,30.725
159.9,55.724,27.428,30.71
160,55.702,27.418,30.694
160.1,55.68,27.408,30.679
160.2,55.658,27.398,30.664
160.3,55.636,27.388,30.648
160.4,55.614,27.378,30.633
160.5,55.592,27.368,30.618
160.6,55.57,27.357,30.602
160.7,55.549,27.347,30.587
160.8,55.527,27.337,30.572
160.9,55.505,27.327,30.556
161,55.484,27.317,30.541
161.1,55.462,27.307,30.526
161.2,55.441,27.297,30.51
161.3,55.419,27.287,30.495
161.4,55.398,27.277,30.48
161.5,55.377,27.267,30.465
161.6,55.355,27.257,30.449
161.7,55.334,27.247,30.434
161.8,55.313,27.237,30.419
161.9,55.292,27.227,30.404
162,55.271,27.216,30.388
162.1,55.25,27.206,30.373
162.2,55.229,27.196,30.358
162.3,55.208,27.186,30.343
162.4,55.187,27.176,30.328
162.5,55.166,27.166,30.313
162.6,55.145,27.156,30.298
162.7,55.124,27.146,30.282
162.8,55.104,27.136,30.267
162.9,55.083,27.126,30.252
163,55.062,27.116,30.237
163.1,55.042,27.106,30.222
163.2,55.021,27.096,30.207
163.3,55.001,27.086,30.192
163.4,54.98,27.076,30.177
163.5,54.96,27.066,30.162
163.6,54.939,27.056,30.147
163.7,54.919,27.046,30.132
163.8,54.899,27.036,30.117
163.9,54.878,27.026,30.102
164,54.858,27.016,30.087
164.1,54.838,27.006,30.072
164.2,54.818,26.996,30.057
164.3,54.798,26.986,30.042
164.4,54.778,26.976,30.027
164.5,54.758,26.966,30.012
164.6,54.738,26.956,29.997
164.7,54.718,26.946,29.982
164.8,54.698,26.936,29.967
164.9,54.678,26.926,29.952
165,54.659,26.916,29.937
165.1,54.639,26.906,29.922
165.2,54.619,26.896,29.907
165.3,54.6,26.886,29.892
165.4,54.58,26.876,29.878
165.5,54.561,26.866,29.863
165.6,54.541,26.856,29.848
165.7,54.522,26.846,29.833
165.8,54.502,26.836,29.818
165.9,54.482,26.826,29.803
166,54.462,26.816,29.788
166.1,54.442,26.806,29.774
166.2,54.422,26.796,29.759
166.3,54.403,26.786,29.744
166.4,54.383,26.776,29.729
166.5,54.363,26.766,29.714
166.6,54.343,26.756,29.699
166.7,54.324,26.746,29.685
166.8,54.304,26.736,29.67
166.9,54.284,26.726,29.655
167,54.265,26.716,29.64
167.1,54.245,26.706,29.625
167.2,54.226,26.696,29.611
167.3,54.206,26.686,29.596
167.4,54.187,26.676,29.581
167.5,54.167,26.666,29.566
167.6,54.148,26.656,29.552
167.7,54.129,26.646,29.537
167.8,54.109,26.636,29.522
167.9,54.09,26.626,29.507
168,54.071,26.616,29.493
168.1,54.052,26.606,29.478
168.2,54.032,26.596,29.463
168.3,54.013,26.587,29.449
168.4,53.994,26.577,29.434
168.5,53.975,26.567,29.419
168.6,53.956,26.557,29.405
168.7,53.937,26.547,29.39
168.8,53.918,26.537,29.375
168.9,53.899,26.528,29.361
169,53.88,26.518,29.346
169.1,53.861,26.508,29.331
169.2,53.842,26.498,29.317
169.3,53.823,26.488,29.302
169.4,53.804,26.478,29.288
169.5,53.786,26.469,29.273
169.6,53.767,26.459,29.258
169.7,53.748,26.449,29.244
169.8,53.729,26.439,29.229
169.9,53.711,26.429,29.215
170,53.692,26.42,29.2
170.1,53.674,26.41,29.186
170.2,53.655,26.4,29.171
170.3,53.636,26.39,29.156
170.4,53.618,26.38,29.142
170.5,53.599,26.371,29.127
170.6,53.581,26.361,29.113
170.7,53.563,26.351,29.098
170.8,53.544,26.341,29.084
170.9,53.526,26.331,29.07
171,53.508,26.322,29.055
171.1,53.489,26.312,29.041
171.2,53.471,26.302,29.026
171.3,53.453,26.292,29.012
171.4,53.435,26.283,28.997
171.5,53.416,26.273,28.983
171.6,53.398,26.263,28.968
171.7,53.38,26.253,28.954
171.8,53.362,26.244,28.94
171.9,53.344,26.234,28.925
172,53.326,26.224,28.911
172.1,53.308,26.214,28.897
172.2,53.29,26.205,28.882
172.3,53.272,26.195,28.868
172.4,53.254,26.185,28.854
172.5,53.236,26.175,28.839
172.6,53.219,26.165,28.825
172.7,53.201,26.156,28.811
172.8,53.183,26.146,28.796
172.9,53.165,26.136,28.782
173,53.148,26.127,28.768
173.1,53.13,26.117,28.753
173.2,53.112,26.107,28.739
173.3,53.095,26.097,28.725
173.4,53.077,26.088,28.711
173.5,53.06,26.078,28.697
173.6,53.042,26.068,28.682
173.7,53.025,26.058,28.668
173.8,53.007,26.049,28.654
173.9,52.99,26.039,28.64
174,52.973,26.029,28.626
174.1,52.955,26.019,28.611
174.2,52.938,26.01,28.597
174.3,52.921,26,28.583
174.4,52.904,25.99,28.569
174.5,52.887,25.981,28.555
174.6,52.87,25.971,28.541
174.7,52.853,25.961,28.527
174.8,52.835,25.951,28.513
174.9,52.818,25.942,28.499
175,52.802,25.932,28.485
175.1,52.785,25.922,28.471
175.2,52.768,25.913,28.456
175.3,52.751,25.903,28.442
175.4,52.734,25.893,28.428
175.5,52.717,25.883,28.414
175.6,52.7,25.874,28.4
175.7,52.684,25.864,28.387
175.8,52.667,25.854,28.373
175.9,52.65,25.845,28.359
176,52.634,25.835,28.345
176.1,52.617,25.825,28.331
176.2,52.6,25.815,28.317
176.3,52.584,25.806,28.303
176.4,52.567,25.796,28.289
176.5,52.551,25.786,28.275
176.6,52.534,25.777,28.261
176.7,52.518,25.767,28.248
176.8,52.502,25.757,28.234
176.9,52.485,25.747,28.22
177,52.469,25.737,28.206
177.1,52.453,25.727,28.192
177.2,52.437,25.717,28.178
177.3,52.42,25.707,28.164
177.4,52.404,25.698,28.15
177.5,52.388,25.688,28.137
177.6,52.372,25.678,28.123
177.7,52.356,25.668,28.109
177.8,52.34,25.658,28.095
177.9,52.324,25.648,28.081
178,52.308,25.638,28.067
178.1,52.292,25.628,28.053
178.2,52.276,25.618,28.04
178.3,52.26,25.608,28.026
178.4,52.244,25.598,28.012
178.5,52.228,25.588,27.998
178.6,52.213,25.578,27.984
178.7,52.197,25.568,27.971
178.8,52.181,25.558,27.957
178.9,52.165,25.548,27.943
179,52.15,25.539,27.929
179.1,52.134,25.529,27.916
179.2,52.119,25.519,27.902
179.3,52.103,25.509,27.888
179.4,52.088,25.499,27.874
179.5,52.072,25.489,27.861
179.6,52.057,25.479,27.847
179.7,52.041,25.469,27.833
179.8,52.026,25.459,27.82
179.9,52.011,25.449,27.806
180,51.995,25.439,27.792
180.1,51.98,25.429,27.779
180.2,51.965,25.419,27.765
180.3,51.949,25.409,27.752
180.4,51.934,25.399,27.738
180.5,51.919,25.389,27.724
180.6,51.904,25.379,27.711
180.7,51.889,25.369,27.697
180.8,51.874,25.358,27.684
180.9,51.859,25.348,27.67
181,51.844,25.338,27.657
181.1,51.829,25.328,27.643
181.2,51.814,25.318,27.629
181.3,51.799,25.308,27.616
181.4,51.784,25.298,27.603
181.5,51.77,25.288,27.589
181.6,51.755,25.278,27.576
181.7,51.74,25.268,27.562
181.8,51.725,25.258,27.549
181.9,51.712,25.248,27.535
182,51.699,25.238,27.522
182.1,51.686,25.228,27.508
182.2,51.673,25.217,27.495
182.3,51.661,25.207,27.482
182.4,51.648,25.197,27.468
182.5,51.635,25.187,27.455
182.6,51.623,25.177,27.442
182.7,51.61,25.167,27.428
182.8,51.598,25.157,27.415
182.9,51.585,25.146,27.402
183,51.573,25.136,27.388
183.1,51.561,25.126,27.375
183.2,51.549,25.116,27.362
183.3,51.537,25.106,27.348
183.4,51.525,25.096,27.335
183.5,51.513,25.086,27.322
183.6,51.501,25.075,27.309
183.7,51.489,25.065,27.296
183.8,51.477,25.055,27.282
183.9,51.466,25.045,27.269
184,51.454,25.035,27.256
184.1,51.443,25.024,27.243
184.2,51.431,25.014,27.23
184.3,51.42,25.004,27.217
184.4,51.409,24.994,27.203
184.5,51.397,24.983,27.19
184.6,51.386,24.973,27.177
184.7,51.375,24.963,27.164
184.8,51.364,24.953,27.151
184.9,51.353,24.942,27.138
185,51.343,24.932,27.125
185.1,51.332,24.922,27.112
185.2,51.321,24.912,27.099
185.3,51.31,24.901,27.086
185.4,51.3,24.891,27.073
185.5,51.289,24.881,27.06
185.6,51.279,24.87,27.047
185.7,51.269,24.86,27.034
185.8,51.258,24.85,27.021
185.9,51.248,24.84,27.008
186,51.238,24.829,26.996
186.1,51.228,24.819,26.983
186.2,51.218,24.809,26.97
186.3,51.208,24.798,26.957
186.4,51.198,24.788,26.944
186.5,51.189,24.778,26.931
186.6,51.179,24.767,26.919
186.7,51.169,24.757,26.906
186.8,51.16,24.746,26.893
186.9,51.15,24.736,26.88
187,51.141,24.726,26.868
187.1,51.132,24.715,26.855
187.2,51.122,24.705,26.842
187.3,51.113,24.694,26.829
187.4,51.104,24.684,26.816
187.5,51.095,24.674,26.804
187.6,51.086,24.663,26.791
187.7,51.077,24.653,26.778
187.8,51.068,24.642,26.765
187.9,51.06,24.632,26.752
188,51.051,24.621,26.74
188.1,51.042,24.611,26.727
188.2,51.034,24.6,26.714
188.3,51.025,24.59,26.701
188.4,51.017,24.579,26.689
188.5,51.009,24.569,26.676
188.6,51.001,24.559,26.663
188.7,50.992,24.548,26.65
188.8,50.984,24.537,26.638
188.9,50.976,24.527,26.625
189,50.968,24.516,26.612
189.1,50.96,24.506,26.6
189.2,50.953,24.495,26.587
189.3,50.945,24.485,26.574
189.4,50.937,24.474,26.562
189.5,50.93,24.464,26.549
189.6,50.922,24.453,26.536
189.7,50.915,24.443,26.524
189.8,50.907,24.432,26.511
189.9,50.9,24.421,26.499
190,50.893,24.411,26.486
190.1,50.886,24.4,26.473
190.2,50.879,24.39,26.461
190.3,50.871,24.379,26.448
190.4,50.865,24.368,26.436
190.5,50.858,24.358,26.423
190.6,50.851,24.347,26.411
190.7,50.844,24.336,26.398
190.8,50.837,24.326,26.386
190.9,50.831,24.315,26.373
191,50.824,24.305,26.361
191.1,50.818,24.294,26.348
191.2,50.811,24.283,26.336
191.3,50.805,24.272,26.323
191.4,50.799,24.262,26.311
191.5,50.793,24.251,26.299
191.6,50.787,24.24,26.286
191.7,50.781,24.23,26.274
191.8,50.775,24.219,26.261
191.9,50.769,24.208,26.249
192,50.763,24.197,26.237
192.1,50.757,24.187,26.224
192.2,50.751,24.176,26.212
192.3,50.746,24.165,26.2
192.4,50.74,24.154,26.187
192.5,50.735,24.144,26.175
192.6,50.729,24.133,26.163
192.7,50.724,24.122,26.15
192.8,50.719,24.111,26.138
192.9,50.714,24.1,26.126
193,50.709,24.09,26.113
193.1,50.704,24.079,26.101
193.2,50.699,24.068,26.089
193.3,50.694,24.057,26.077
193.4,50.689,24.046,26.064
193.5,50.684,24.035,26.052
193.6,50.68,24.025,26.04
193.7,50.675,24.014,26.028
193.8,50.67,24.003,26.016
193.9,50.666,23.992,26.004
194,50.662,23.981,25.991
194.1,50.657,23.97,25.979
194.2,50.653,23.959,25.967
194.3,50.649,23.948,25.955
194.4,50.645,23.937,25.943
194.5,50.641,23.927,25.931
194.6,50.637,23.916,25.919
194.7,50.633,23.905,25.907
194.8,50.629,23.894,25.894
194.9,50.625,23.883,25.882
195,50.622,23.872,25.87
195.1,50.618,23.861,25.858
195.2,50.615,23.85,25.846
195.3,50.611,23.839,25.834
195.4,50.608,23.828,25.822
195.5,50.605,23.817,25.81
195.6,50.601,23.806,25.798
195.7,50.598,23.795,25.786
195.8,50.595,23.784,25.774
195.9,50.592,23.773,25.762
196,50.589,23.762,25.75
196.1,50.586,23.751,25.738
196.2,50.583,23.739,25.726
196.3,50.581,23.728,25.715
196.4,50.578,23.717,25.703
196.5,50.575,23.706,25.691
196.6,50.573,23.695,25.679
196.7,50.57,23.684,25.667
196.8,50.568,23.673,25.655
196.9,50.566,23.662,25.643
197,50.564,23.651,25.631
197.1,50.561,23.64,25.62
197.2,50.559,23.628,25.608
197.3,50.557,23.617,25.596
197.4,50.555,23.606,25.584
197.5,50.553,23.595,25.572
197.6,50.552,23.584,25.561
197.7,50.55,23.572,25.549
197.8,50.548,23.561,25.537
197.9,50.547,23.55,25.525
198,50.545,23.539,25.513
198.1,50.543,23.528,25.501
198.2,50.541,23.516,25.489
198.3,50.539,23.505,25.478
198.4,50.537,23.494,25.466
198.5,50.535,23.483,25.454
198.6,50.533,23.471,25.442
198.7,50.532,23.46,25.43
198.8,50.53,23.449,25.419
198.9,50.528,23.438,25.407
199,50.527,23.426,25.395
199.1,50.525,23.415,25.383
199.2,50.524,23.404,25.372
199.3,50.523,23.392,25.36
199.4,50.521,23.381,25.348
199.5,50.52,23.37,25.336
199.6,50.519,23.358,25.325
199.7,50.518,23.347,25.313
199.8,50.517,23.336,25.301
199.9,50.515,23.324,25.29
200,50.514,23.313,25.278
200.1,50.514,23.301,25.266
200.2,50.513,23.29,25.254
200.3,50.512,23.279,25.243
200.4,50.511,23.267,25.231
200.5,50.51,23.256,25.219
200.6,50.51,23.244,25.208
200.7,50.509,23.233,25.196
200.8,50.508,23.221,25.184
200.9,50.508,23.21,25.173
201,50.507,23.199,25.161
201.1,50.507,23.187,25.15
201.2,50.507,23.176,25.138
201.3,50.506,23.164,25.126
201.4,50.506,23.153,25.115
201.5,50.506,23.141,25.103
201.6,50.506,23.13,25.092
201.7,50.506,23.118,25.08
201.8,50.506,23.106,25.068
201.9,50.506,23.095,25.057
202,50.506,23.083,25.045
202.1,50.506,23.072,25.034
202.2,50.506,23.06,25.022
202.3,50.506,23.049,25.01
202.4,50.507,23.037,24.999
202.5,50.507,23.025,24.987
202.6,50.507,23.014,24.976
202.7,50.508,23.002,24.964
202.8,50.508,22.991,24.953
202.9,50.509,22.979,24.941
203,50.509,22.967,24.93
203.1,50.51,22.956,24.918
203.2,50.511,22.944,24.907
203.3,50.512,22.932,24.895
203.4,50.512,22.921,24.884
203.5,50.513,22.909,24.872
203.6,50.514,22.897,24.861
203.7,50.515,22.886,24.849
203.8,50.516,22.874,24.838
203.9,50.517,22.863,24.826
204,50.518,22.851,24.815
204.1,50.519,22.839,24.803
204.2,50.52,22.828,24.792
204.3,50.521,22.816,24.78
204.4,50.521,22.804,24.769
204.5,50.522,22.793,24.757
204.6,50.523,22.781,24.746
204.7,50.524,22.769,24.734
204.8,50.525,22.758,24.723
204.9,50.526,22.746,24.711
205,50.527,22.734,24.7
205.1,50.528,22.723,24.688
205.2,50.529,22.711,24.677
205.3,50.53,22.699,24.666
205.4,50.531,22.687,24.654
205.5,50.533,22.676,24.643
205.6,50.534,22.664,24.631
205.7,50.535,22.652,24.62
205.8,50.536,22.641,24.608
205.9,50.538,22.629,24.597
206,50.539,22.617,24.586
206.1,50.54,22.605,24.574
206.2,50.542,22.594,24.563
206.3,50.543,22.582,24.551
206.4,50.545,22.57,24.54
206.5,50.546,22.558,24.529
206.6,50.548,22.546,24.517
206.7,50.55,22.535,24.506
206.8,50.551,22.523,24.494
206.9,50.553,22.511,24.483
207,50.555,22.499,24.472
207.1,50.557,22.487,24.46
207.2,50.558,22.476,24.449
207.3,50.56,22.464,24.437
207.4,50.562,22.452,24.426
207.5,50.564,22.44,24.415
207.6,50.566,22.428,24.403
207.7,50.568,22.417,24.392
207.8,50.57,22.405,24.38
207.9,50.572,22.393,24.369
208,50.574,22.381,24.358
208.1,50.576,22.369,24.347
208.2,50.579,22.357,24.335
208.3,50.581,22.345,24.324
208.4,50.583,22.334,24.313
208.5,50.585,22.322,24.301
208.6,50.588,22.31,24.29
208.7,50.59,22.298,24.279
208.8,50.593,22.286,24.267
208.9,50.595,22.274,24.256
209,50.598,22.262,24.245
209.1,50.6,22.25,24.234
209.2,50.603,22.238,24.222
209.3,50.605,22.227,24.211
209.4,50.608,22.215,24.2
209.5,50.611,22.203,24.189
209.6,50.613,22.191,24.177
209.7,50.616,22.179,24.166
209.8,50.619,22.167,24.155
209.9,50.622,22.155,24.143
210,50.624,22.143,24.132
210.1,50.627,22.131,24.121
210.2,50.63,22.119,24.11
210.3,50.632,22.107,24.098
210.4,50.635,22.095,24.087
210.5,50.638,22.083,24.076
210.6,50.64,22.071,24.065
210.7,50.643,22.059,24.053
210.8,50.646,22.047,24.042
210.9,50.648,22.035,24.031
211,50.651,22.023,24.02
211.1,50.654,22.011,24.009
211.2,50.657,22,23.997
211.3,50.66,21.988,23.986
211.4,50.662,21.976,23.975
211.5,50.665,21.964,23.964
211.6,50.668,21.952,23.952
211.7,50.671,21.94,23.941
211.8,50.674,21.928,23.93
211.9,50.677,21.916,23.919
212,50.68,21.904,23.908
212.1,50.683,21.892,23.896
212.2,50.686,21.88,23.885
212.3,50.689,21.868,23.874
212.4,50.692,21.856,23.863
212.5,50.695,21.843,23.852
212.6,50.699,21.831,23.84
212.7,50.702,21.819,23.829
212.8,50.705,21.807,23.818
212.9,50.708,21.795,23.807
213,50.712,21.783,23.796
213.1,50.715,21.771,23.784
213.2,50.718,21.759,23.773
213.3,50.721,21.747,23.762
213.4,50.725,21.735,23.751
213.5,50.728,21.723,23.74
213.6,50.732,21.711,23.728
213.7,50.735,21.699,23.717
213.8,50.738,21.687,23.706
213.9,50.742,21.675,23.695
214,50.745,21.663,23.684
214.1,50.749,21.651,23.672
214.2,50.753,21.639,23.661
214.3,50.756,21.627,23.65
214.4,50.76,21.615,23.639
214.5,50.763,21.603,23.628
214.6,50.767,21.591,23.616
214.7,50.771,21.579,23.605
214.8,50.774,21.566,23.594
214.9,50.778,21.554,23.583
215,50.782,21.542,23.572
215.1,50.786,21.53,23.56
215.2,50.79,21.518,23.549
215.3,50.793,21.506,23.538
215.4,50.797,21.494,23.527
215.5,50.801,21.482,23.516
215.6,50.805,21.47,23.505
215.7,50.809,21.458,23.493
215.8,50.813,21.446,23.482
215.9,50.817,21.434,23.471
216,50.821,21.422,23.46
216.1,50.825,21.41,23.449
216.2,50.829,21.397,23.437
216.3,50.833,21.385,23.426
216.4,50.837,21.373,23.415
216.5,50.84,21.361,23.404
216.6,50.844,21.349,23.393
216.7,50.848,21.337,23.381
216.8,50.852,21.325,23.37
216.9,50.856,21.313,23.359
217,50.86,21.301,23.348
217.1,50.864,21.289,23.337
217.2,50.868,21.276,23.325
217.3,50.872,21.264,23.314
217.4,50.876,21.252,23.303
217.5,50.88,21.24,23.292
217.6,50.884,21.228,23.281
217.7,50.888,21.216,23.269
217.8,50.892,21.203,23.258
217.9,50.896,21.191,23.247
218,50.901,21.179,23.236
218.1,50.905,21.167,23.225
218.2,50.909,21.155,23.214
218.3,50.913,21.142,23.202
218.4,50.917,21.13,23.191
218.5,50.921,21.118,23.18
218.6,50.926,21.106,23.169
218.7,50.93,21.094,23.158
218.8,50.934,21.081,23.147
218.9,50.938,21.069,23.136
219,50.943,21.057,23.125
219.1,50.947,21.045,23.113
219.2,50.951,21.032,23.102
219.3,50.956,21.02,23.091
219.4,50.96,21.008,23.08
219.5,50.964,20.996,23.069
219.6,50.969,20.984,23.058
219.7,50.973,20.971,23.047
219.8,50.978,20.959,23.036
219.9,50.982,20.947,23.024
220,50.987,20.935,23.013
220.1,50.991,20.922,23.002
220.2,50.996,20.91,22.991
220.3,51,20.898,22.98
220.4,51.005,20.886,22.969
220.5,51.009,20.873,22.958
220.6,51.014,20.861,22.947
220.7,51.018,20.849,22.935
220.8,51.023,20.837,22.924
220.9,51.028,20.824,22.913
221,51.032,20.812,22.902
221.1,51.037,20.8,22.891
221.2,51.042,20.788,22.88
221.3,51.046,20.776,22.869
221.4,51.051,20.763,22.858
221.5,51.056,20.751,22.847
221.6,51.06,20.739,22.836
221.7,51.065,20.727,22.824
221.8,51.07,20.714,22.813
221.9,51.075,20.702,22.802
222,51.08,20.69,22.791
222.1,51.084,20.678,22.78
222.2,51.089,20.665,22.769
222.3,51.094,20.653,22.758
222.4,51.099,20.641,22.747
222.5,51.103,20.629,22.736
222.6,51.108,20.616,22.725
222.7,51.112,20.604,22.713
222.8,51.117,20.592,22.702
222.9,51.122,20.579,22.691
223,51.126,20.567,22.68
223.1,51.131,20.555,22.669
223.2,51.136,20.543,22.658
223.3,51.14,20.53,22.647
223.4,51.145,20.518,22.636
223.5,51.15,20.506,22.625
223.6,51.154,20.494,22.614
223.7,51.159,20.481,22.602
223.8,51.164,20.469,22.591
223.9,51.169,20.457,22.58
224,51.173,20.445,22.569
224.1,51.178,20.432,22.558
224.2,51.183,20.42,22.547
224.3,51.188,20.408,22.536
224.4,51.192,20.396,22.525
224.5,51.197,20.383,22.514
224.6,51.202,20.371,22.503
224.7,51.207,20.359,22.492
224.8,51.212,20.347,22.481
224.9,51.217,20.334,22.469
225,51.222,20.322,22.458
225.1,51.226,20.31,22.447
225.2,51.231,20.298,22.436
225.3,51.236,20.285,22.425
225.4,51.241,20.273,22.414
225.5,51.246,20.261,22.403
225.6,51.251,20.249,22.392
225.7,51.256,20.236,22.381
225.8,51.261,20.224,22.37
225.9,51.266,20.212,22.359
226,51.271,20.2,22.348
226.1,51.276,20.187,22.336
226.2,51.281,20.175,22.325
226.3,51.286,20.163,22.314
226.4,51.291,20.151,22.303
226.5,51.296,20.139,22.292
226.6,51.301,20.126,22.281
226.7,51.306,20.114,22.27
226.8,51.311,20.102,22.259
226.9,51.316,20.09,22.248
227,51.322,20.077,22.237
227.1,51.327,20.065,22.226
227.2,51.332,20.053,22.215
227.3,51.337,20.041,22.204
227.4,51.342,20.029,22.193
227.5,51.347,20.016,22.181
227.6,51.352,20.004,22.17
227.7,51.358,19.992,22.159
227.8,51.363,19.98,22.148
227.9,51.368,19.967,22.137
228,51.373,19.955,22.126
228.1,51.378,19.943,22.115
228.2,51.384,19.931,22.104
228.3,51.389,19.919,22.093
228.4,51.394,19.906,22.082
228.5,51.4,19.894,22.071
228.6,51.405,19.882,22.06
228.7,51.41,19.87,22.049
228.8,51.415,19.858,22.038
228.9,51.421,19.846,22.027
229,51.426,19.833,22.016
229.1,51.432,19.821,22.005
229.2,51.437,19.809,21.994
229.3,51.442,19.797,21.983
229.4,51.448,19.785,21.972
229.5,51.453,19.773,21.961
229.6,51.458,19.76,21.95
229.7,51.464,19.748,21.939
229.8,51.469,19.736,21.928
229.9,51.475,19.724,21.916
230,51.48,19.712,21.905
230.1,51.486,19.7,21.894
230.2,51.491,19.687,21.883
230.3,51.497,19.675,21.872
230.4,51.502,19.663,21.861
230.5,51.508,19.651,21.85
230.6,51.513,19.639,21.839
230.7,51.519,19.626,21.828
230.8,51.524,19.614,21.817
230.9,51.53,19.602,21.806
231,51.535,19.59,21.795
231.1,51.541,19.578,21.784
231.2,51.547,19.565,21.773
231.3,51.552,19.553,21.762
231.4,51.558,19.541,21.751
231.5,51.564,19.529,21.74
231.6,51.569,19.516,21.729
231.7,51.575,19.504,21.718
231.8,51.581,19.492,21.707
231.9,51.586,19.48,21.696
232,51.592,19.468,21.685
232.1,51.598,19.455,21.674
232.2,51.603,19.443,21.663
232.3,51.609,19.431,21.652
232.4,51.615,19.419,21.641
232.5,51.621,19.407,21.63
232.6,51.626,19.394,21.619
232.7,51.632,19.382,21.608
232.8,51.638,19.37,21.597
232.9,51.644,19.358,21.586
233,51.649,19.345,21.575
233.1,51.655,19.333,21.564
233.2,51.661,19.321,21.553
233.3,51.667,19.309,21.542
233.4,51.673,19.297,21.531
233.5,51.678,19.284,21.52
233.6,51.684,19.272,21.509
233.7,51.69,19.26,21.498
233.8,51.696,19.248,21.487
233.9,51.701,19.236,21.476
234,51.707,19.223,21.465
234.1,51.713,19.211,21.454
234.2,51.719,19.199,21.443
234.3,51.724,19.187,21.432
234.4,51.73,19.174,21.421
234.5,51.736,19.162,21.41
234.6,51.742,19.15,21.399
234.7,51.747,19.138,21.388
234.8,51.753,19.126,21.377
234.9,51.759,19.113,21.366
235,51.765,19.101,21.355
235.1,51.771,19.089,21.344
235.2,51.776,19.077,21.333
235.3,51.782,19.065,21.322
235.4,51.788,19.052,21.311
235.5,51.794,19.04,21.3
235.6,51.8,19.028,21.289
235.7,51.805,19.016,21.278
235.8,51.811,19.003,21.267
235.9,51.817,18.991,21.256
236,51.823,18.979,21.245
236.1,51.829,18.967,21.234
236.2,51.835,18.955,21.223
236.3,51.841,18.942,21.212
236.4,51.847,18.93,21.202
236.5,51.852,18.918,21.191
236.6,51.858,18.906,21.18
236.7,51.864,18.894,21.169
236.8,51.87,18.881,21.158
236.9,51.876,18.869,21.147
237,51.882,18.857,21.136
237.1,51.888,18.845,21.125
237.2,51.894,18.832,21.114
237.3,51.9,18.82,21.103
237.4,51.906,18.808,21.092
237.5,51.912,18.796,21.081
237.6,51.918,18.784,21.07
237.7,51.924,18.771,21.059
237.8,51.93,18.759,21.048
237.9,51.936,18.747,21.037
238,51.942,18.735,21.026
238.1,51.948,18.723,21.015
238.2,51.954,18.71,21.004
238.3,51.96,18.698,20.993
238.4,51.966,18.686,20.982
238.5,51.972,18.674,20.971
238.6,51.978,18.661,20.96
238.7,51.984,18.649,20.949
238.8,51.99,18.637,20.938
238.9,51.996,18.625,20.927
239,52.002,18.613,20.916
239.1,52.008,18.6,20.905
239.2,52.014,18.588,20.894
239.3,52.02,18.576,20.883
239.4,52.026,18.564,20.872
239.5,52.032,18.551,20.861
239.6,52.038,18.539,20.85
239.7,52.045,18.527,20.839
239.8,52.051,18.515,20.828
239.9,52.057,18.502,20.817
240,52.063,18.49,20.806
