0,0.011852,0.0082831,0.012443
0.1,0.011863,0.0082832,0.012451
0.2,0.011887,0.0082833,0.012469
0.3,0.011925,0.0082835,0.012496
0.4,0.011973,0.0082844,0.012532
0.5,0.012034,0.0082853,0.012577
0.6,0.012108,0.0082862,0.012631
0.7,0.012194,0.008287,0.012694
0.8,0.012292,0.0082879,0.012767
0.9,0.012403,0.0082888,0.012849
1,0.012526,0.0082897,0.012939
1.1,0.012661,0.0082906,0.013038
1.2,0.012809,0.0082914,0.013147
1.3,0.012968,0.0082923,0.013264
1.4,0.01314,0.0082939,0.013391
1.5,0.013324,0.0082954,0.013527
1.6,0.013519,0.008297,0.01367
1.7,0.013726,0.0082986,0.013823
1.8,0.013946,0.0083001,0.013984
1.9,0.014177,0.0083017,0.014154
2,0.014419,0.0083033,0.014332
2.1,0.014672,0.0083048,0.01452
2.2,0.014937,0.0083064,0.014714
2.3,0.015214,0.008308,0.014918
2.4,0.015502,0.0083102,0.015129
2.5,0.015801,0.0083124,0.015349
2.6,0.016111,0.0083146,0.015577
2.7,0.016431,0.0083169,0.015814
2.8,0.016763,0.0083191,0.016058
2.9,0.017105,0.0083213,0.01631
3,0.017458,0.0083235,0.01657
3.1,0.017822,0.0083257,0.016837
3.2,0.018196,0.0083279,0.017113
3.3,0.018581,0.0083302,0.017396
3.4,0.018976,0.0083326,0.017687
3.5,0.019381,0.008335,0.017985
3.6,0.019796,0.0083375,0.018291
3.7,0.020222,0.0083401,0.018604
3.8,0.020657,0.0083427,0.018925
3.9,0.021102,0.0083454,0.019252
4,0.021557,0.0083481,0.019588
4.1,0.022022,0.0083509,0.01993
4.2,0.022497,0.0083538,0.020279
4.3,0.022981,0.0083567,0.020636
4.4,0.023475,0.0083596,0.021
4.5,0.023978,0.0083626,0.02137
4.6,0.02449,0.0083657,0.021747
4.7,0.025012,0.0083688,0.022132
4.8,0.025543,0.008372,0.022523
4.9,0.026083,0.0083752,0.02292
5,0.026632,0.0083785,0.023325
5.1,0.02719,0.0083819,0.023736
5.2,0.027757,0.0083853,0.024153
5.3,0.028333,0.0083887,0.024577
5.4,0.028917,0.0083923,0.025008
5.5,0.02951,0.0083958,0.025445
5.6,0.030112,0.0083995,0.025888
5.7,0.030722,0.0084031,0.026338
5.8,0.031341,0.0084069,0.026793
5.9,0.031968,0.0084107,0.027255
6,0.032604,0.0084145,0.027724
6.1,0.033248,0.0084184,0.028198
6.2,0.0339,0.0084224,0.028678
6.3,0.03456,0.0084264,0.029164
6.4,0.035228,0.0084305,0.029656
6.5,0.035904,0.0084346,0.030154
6.6,0.036589,0.0084388,0.030658
6.7,0.037281,0.008443,0.031168
6.8,0.037981,0.0084473,0.031684
6.9,0.038688,0.0084516,0.032205
7,0.039404,0.0084559,0.032732
7.1,0.040127,0.0084602,0.033264
7.2,0.040857,0.0084645,0.033802
7.3,0.041595,0.0084689,0.034345
7.4,0.04234,0.0084733,0.034894
7.5,0.043093,0.0084778,0.035449
7.6,0.043853,0.0084823,0.036009
7.7,0.04462,0.0084868,0.036574
7.8,0.045395,0.0084914,0.037144
7.9,0.046176,0.0084961,0.03772
8,0.046965,0.0085008,0.038301
8.1,0.047761,0.0085055,0.038887
8.2,0.048563,0.0085103,0.039479
8.3,0.049373,0.0085151,0.040075
8.4,0.050189,0.00852,0.040677
8.5,0.051012,0.0085249,0.041283
8.6,0.051842,0.0085299,0.041894
8.7,0.052679,0.0085349,0.04251
8.8,0.053522,0.00854,0.043132
8.9,0.054372,0.0085451,0.043757
9,0.055228,0.0085502,0.044388
9.1,0.056091,0.0085554,0.045024
9.2,0.056961,0.0085607,0.045664
9.3,0.057837,0.0085659,0.046309
9.4,0.058719,0.0085713,0.046958
9.5,0.059607,0.0085767,0.047613
9.6,0.060502,0.0085821,0.048271
9.7,0.061403,0.0085876,0.048935
9.8,0.06231,0.0085931,0.049603
9.9,0.063223,0.0085987,0.050275
10,0.064142,0.0086043,0.050952
10.1,0.065067,0.0086099,0.051633
10.2,0.065998,0.0086157,0.052318
10.3,0.066935,0.0086214,0.053008
10.4,0.067877,0.0086272,0.053702
10.5,0.068826,0.008633,0.054401
10.6,0.06978,0.0086389,0.055103
10.7,0.070739,0.0086446,0.05581
10.8,0.071704,0.0086504,0.056521
10.9,0.072675,0.0086562,0.057237
11,0.073652,0.008662,0.057956
11.1,0.074634,0.0086679,0.058679
11.2,0.075621,0.0086739,0.059407
11.3,0.076614,0.0086798,0.060138
11.4,0.077613,0.0086858,0.060874
11.5,0.078616,0.0086918,0.061613
11.6,0.079625,0.0086979,0.062356
11.7,0.080639,0.008704,0.063103
11.8,0.081659,0.0087102,0.063854
11.9,0.082684,0.0087163,0.064608
12,0.083713,0.0087225,0.065366
12.1,0.084748,0.0087288,0.066128
12.2,0.085789,0.0087351,0.066894
12.3,0.086834,0.0087414,0.067663
12.4,0.087884,0.0087477,0.068436
12.5,0.088939,0.0087541,0.069213
12.6,0.089999,0.0087606,0.069993
12.7,0.091064,0.008767,0.070777
12.8,0.092134,0.0087735,0.071564
12.9,0.093208,0.0087801,0.072355
13,0.094287,0.0087866,0.07315
13.1,0.09537,0.0087932,0.073948
13.2,0.096458,0.0087999,0.074749
13.3,0.097551,0.0088066,0.075554
13.4,0.098648,0.0088133,0.076362
13.5,0.09975,0.00882,0.077173
13.6,0.10086,0.0088268,0.077988
13.7,0.10197,0.0088337,0.078806
13.8,0.10308,0.0088405,0.079628
13.9,0.1042,0.0088474,0.080453
14,0.10533,0.0088543,0.081281
14.1,0.10646,0.0088613,0.082112
14.2,0.10759,0.0088683,0.082946
14.3,0.10872,0.0088751,0.083784
14.4,0.10987,0.008882,0.084624
14.5,0.11101,0.008889,0.085468
14.6,0.11216,0.0088959,0.086314
14.7,0.11332,0.0089029,0.087163
14.8,0.11447,0.0089099,0.088016
14.9,0.11564,0.0089169,0.088871
15,0.1168,0.008924,0.08973
15.1,0.11797,0.0089311,0.090591
15.2,0.11915,0.0089382,0.091456
15.3,0.12032,0.0089454,0.092323
15.4,0.12151,0.0089525,0.093193
15.5,0.12269,0.0089597,0.094066
15.6,0.12388,0.0089669,0.094942
15.7,0.12507,0.0089742,0.09582
15.8,0.12627,0.0089815,0.096701
15.9,0.12747,0.0089888,0.097586
16,0.12868,0.0089961,0.098472
16.1,0.12988,0.0090035,0.099362
16.2,0.1311,0.0090109,0.10025
16.3,0.13231,0.0090183,0.10115
16.4,0.13353,0.0090257,0.10205
16.5,0.13475,0.0090332,0.10295
16.6,0.13598,0.0090407,0.10385
16.7,0.13721,0.0090482,0.10476
16.8,0.13844,0.0090557,0.10566
16.9,0.13968,0.0090633,0.10657
17,0.14092,0.0090709,0.10749
17.1,0.14216,0.0090786,0.1084
17.2,0.14341,0.0090862,0.10932
17.3,0.14466,0.0090939,0.11024
17.4,0.14591,0.0091016,0.11116
17.5,0.14717,0.0091094,0.11209
17.6,0.14843,0.0091171,0.11302
17.7,0.14969,0.0091249,0.11395
17.8,0.15096,0.0091327,0.11488
17.9,0.15223,0.0091405,0.11581
18,0.1535,0.0091484,0.11675
18.1,0.15477,0.0091562,0.11769
18.2,0.15605,0.0091641,0.11863
18.3,0.15733,0.009172,0.11958
18.4,0.15862,0.0091799,0.12052
18.5,0.15991,0.0091878,0.12147
18.6,0.1612,0.0091957,0.12242
18.7,0.16249,0.0092037,0.12337
18.8,0.16379,0.0092117,0.12433
18.9,0.16509,0.0092197,0.12529
19,0.16639,0.0092277,0.12625
19.1,0.1677,0.0092358,0.12721
19.2,0.16901,0.0092438,0.12817
19.3,0.17032,0.0092519,0.12914
19.4,0.17163,0.00926,0.1301
19.5,0.17295,0.0092681,0.13107
19.6,0.17427,0.0092763,0.13205
19.7,0.17559,0.0092844,0.13302
19.8,0.17691,0.0092926,0.134
19.9,0.17824,0.0093008,0.13497
20,0.17957,0.009309,0.13595
20.1,0.18091,0.0093172,0.13694
20.2,0.18224,0.0093254,0.13792
20.3,0.18358,0.0093337,0.13891
20.4,0.18492,0.0093419,0.13989
20.5,0.18626,0.0093502,0.14088
20.6,0.18761,0.0093585,0.14187
20.7,0.18896,0.0093668,0.14287
20.8,0.19031,0.0093752,0.14386
20.9,0.19166,0.0093835,0.14486
21,0.19302,0.0093919,0.14586
21.1,0.19438,0.0094002,0.14686
21.2,0.19574,0.0094086,0.14786
21.3,0.1971,0.009417,0.14886
21.4,0.19847,0.0094254,0.14987
21.5,0.19984,0.0094339,0.15088
21.6,0.20121,0.0094423,0.15189
21.7,0.20258,0.0094508,0.1529
21.8,0.20396,0.0094592,0.15391
21.9,0.20533,0.0094677,0.15492
22,0.20671,0.0094762,0.15594
22.1,0.20809,0.0094847,0.15696
22.2,0.20948,0.0094932,0.15798
22.3,0.21086,0.0095018,0.159
22.4,0.21225,0.0095103,0.16002
22.5,0.21364,0.0095189,0.16104
22.6,0.21504,0.0095274,0.16207
22.7,0.21643,0.009536,0.1631
22.8,0.21783,0.0095446,0.16413
22.9,0.21923,0.0095532,0.16516
23,0.22063,0.0095618,0.16619
23.1,0.22203,0.0095704,0.16722
23.2,0.22344,0.0095791,0.16826
23.3,0.22485,0.0095877,0.16929
23.4,0.22626,0.0095963,0.17033
23.5,0.22767,0.009605,0.17137
23.6,0.22908,0.0096137,0.17241
23.7,0.2305,0.0096224,0.17346
23.8,0.23191,0.009631,0.1745
23.9,0.23333,0.0096397,0.17555
24,0.23475,0.0096484,0.17659
24.1,0.23618,0.0096572,0.17764
24.2,0.2376,0.0096659,0.17869
24.3,0.23903,0.0096746,0.17974
24.4,0.24046,0.0096833,0.18079
24.5,0.24189,0.0096921,0.18185
24.6,0.24332,0.0097008,0.1829
24.7,0.24475,0.0097096,0.18396
24.8,0.24619,0.0097184,0.18502
24.9,0.24762,0.0097271,0.18608
25,0.24906,0.009736,0.18714
25.1,0.2505,0.0097448,0.1882
25.2,0.25195,0.0097536,0.18926
25.3,0.25339,0.0097624,0.19033
25.4,0.25484,0.0097713,0.19139
25.5,0.25628,0.0097801,0.19246
25.6,0.25773,0.009789,0.19354
25.7,0.25918,0.0097979,0.19461
25.8,0.26064,0.0098068,0.19569
25.9,0.26209,0.0098157,0.19678
26,0.26355,0.0098246,0.19786
26.1,0.26501,0.0098335,0.19894
26.2,0.26647,0.0098424,0.20003
26.3,0.26793,0.0098514,0.20112
26.4,0.26939,0.0098603,0.20221
26.5,0.27085,0.0098693,0.2033
26.6,0.27232,0.0098782,0.20439
26.7,0.27379,0.0098872,0.20549
26.8,0.27526,0.0098962,0.20658
26.9,0.27673,0.0099052,0.20768
27,0.2782,0.0099142,0.20878
27.1,0.27967,0.0099232,0.20989
27.2,0.28115,0.0099322,0.21099
27.3,0.28262,0.0099413,0.2121
27.4,0.2841,0.0099503,0.2132
27.5,0.28558,0.0099594,0.21431
27.6,0.28706,0.0099684,0.21543
27.7,0.28854,0.0099775,0.21654
27.8,0.29003,0.0099866,0.21766
27.9,0.29151,0.0099957,0.21877
28,0.293,0.010005,0.21989
28.1,0.29449,0.010014,0.22101
28.2,0.29598,0.010023,0.22214
28.3,0.29747,0.010032,0.22326
28.4,0.29896,0.010041,0.22439
28.5,0.30046,0.01005,0.22552
28.6,0.30195,0.01006,0.22665
28.7,0.30345,0.010069,0.22778
28.8,0.30495,0.010078,0.22892
28.9,0.30645,0.010087,0.23005
29,0.30795,0.010096,0.23119
29.1,0.30945,0.010105,0.23233
29.2,0.31097,0.010115,0.23347
29.3,0.31249,0.010124,0.23462
29.4,0.31401,0.010133,0.23577
29.5,0.31553,0.010142,0.23692
29.6,0.31706,0.010152,0.23807
29.7,0.3186,0.010161,0.23922
29.8,0.32013,0.01017,0.24038
29.9,0.32168,0.010179,0.24153
30,0.32322,0.010193,0.24269
30.1,0.32477,0.010214,0.24386
30.2,0.32633,0.010242,0.24502
30.3,0.32789,0.010281,0.24619
30.4,0.32945,0.010333,0.24736
30.5,0.33103,0.010397,0.24853
30.6,0.3326,0.010474,0.2497
30.7,0.33419,0.010565,0.25088
30.8,0.33578,0.010667,0.25205
30.9,0.33737,0.010783,0.25323
31,0.33897,0.010911,0.25442
31.1,0.34058,0.01105,0.2556
31.2,0.3422,0.011202,0.25679
31.3,0.34382,0.011364,0.25798
31.4,0.34545,0.011538,0.25919
31.5,0.34708,0.011724,0.2604
31.6,0.34873,0.011922,0.26161
31.7,0.35038,0.012131,0.26283
31.8,0.35204,0.01235,0.26405
31.9,0.35371,0.012581,0.26528
32,0.35539,0.012823,0.26651
32.1,0.35707,0.013076,0.26774
32.2,0.35877,0.01334,0.26898
32.3,0.36048,0.013614,0.27023
32.4,0.36219,0.0139,0.27147
32.5,0.36392,0.014195,0.27272
32.6,0.36565,0.014502,0.27398
32.7,0.3674,0.01482,0.27524
32.8,0.36916,0.015147,0.2765
32.9,0.37093,0.015484,0.27777
33,0.3727,0.015832,0.27904
33.1,0.37447,0.01619,0.28032
33.2,0.37625,0.016559,0.28161
33.3,0.37804,0.016938,0.28289
33.4,0.37984,0.017326,0.28419
33.5,0.38165,0.017725,0.28548
33.6,0.38346,0.018133,0.28679
33.7,0.38528,0.018551,0.2881
33.8,0.38712,0.018978,0.28941
33.9,0.38896,0.019415,0.29073
34,0.39081,0.019862,0.29205
34.1,0.39267,0.020318,0.29338
34.2,0.39454,0.020783,0.29472
34.3,0.39641,0.021258,0.29606
34.4,0.3983,0.021741,0.29741
34.5,0.40019,0.022234,0.29876
34.6,0.40209,0.022735,0.30012
34.7,0.404,0.023246,0.30148
34.8,0.40592,0.023765,0.30285
34.9,0.40785,0.024293,0.30423
35,0.40978,0.02483,0.30561
35.1,0.41172,0.025375,0.307
35.2,0.41367,0.025928,0.3084
35.3,0.41562,0.02649,0.3098
35.4,0.41758,0.027061,0.31121
35.5,0.41955,0.027639,0.31263
35.6,0.42153,0.028226,0.31405
35.7,0.42351,0.028821,0.31548
35.8,0.4255,0.029423,0.31692
35.9,0.42749,0.030036,0.31836
36,0.42949,0.030657,0.31979
36.1,0.4315,0.031285,0.32121
36.2,0.43351,0.031922,0.32264
36.3,0.43553,0.032566,0.32407
36.4,0.43756,0.033218,0.3255
36.5,0.43959,0.033878,0.32694
36.6,0.44162,0.034546,0.32839
36.7,0.44366,0.035221,0.32984
36.8,0.4457,0.035903,0.33129
36.9,0.44776,0.036593,0.33275
37,0.44982,0.03729,0.33421
37.1,0.45189,0.037994,0.33568
37.2,0.45396,0.038706,0.33716
37.3,0.45604,0.039424,0.33863
37.4,0.45813,0.04015,0.34012
37.5,0.46022,0.040883,0.34161
37.6,0.46232,0.041622,0.3431
37.7,0.46442,0.042368,0.3446
37.8,0.46652,0.043121,0.3461
37.9,0.46863,0.043881,0.34761
38,0.47075,0.044647,0.34912
38.1,0.47286,0.04542,0.35064
38.2,0.47499,0.046199,0.35216
38.3,0.47711,0.046985,0.35369
38.4,0.47925,0.047777,0.35522
38.5,0.48138,0.048578,0.35676
38.6,0.48352,0.049386,0.35831
38.7,0.48566,0.0502,0.35985
38.8,0.48781,0.05102,0.36141
38.9,0.48997,0.051847,0.36297
39,0.49213,0.052679,0.36453
39.1,0.4943,0.053518,0.3661
39.2,0.49647,0.054364,0.36767
39.3,0.49865,0.055215,0.36925
39.4,0.50083,0.056072,0.37084
39.5,0.50301,0.056935,0.37243
39.6,0.5052,0.057804,0.37403
39.7,0.50739,0.058679,0.37563
39.8,0.50959,0.05956,0.37723
39.9,0.51179,0.060446,0.37884
40,0.514,0.061338,0.38046
40.1,0.51621,0.062236,0.38208
40.2,0.51842,0.063139,0.38371
40.3,0.52064,0.064047,0.38533
40.4,0.52286,0.064961,0.38694
40.5,0.52509,0.06588,0.38856
40.6,0.52732,0.066805,0.39018
40.7,0.52956,0.067734,0.3918
40.8,0.5318,0.068669,0.39343
40.9,0.53405,0.069609,0.39506
41,0.5363,0.070555,0.39669
41.1,0.53856,0.071508,0.39833
41.2,0.54082,0.072466,0.39997
41.3,0.54308,0.073429,0.40162
41.4,0.54535,0.074398,0.40327
41.5,0.54762,0.075371,0.40492
41.6,0.5499,0.07635,0.40658
41.7,0.55218,0.077334,0.40824
41.8,0.55446,0.078322,0.4099
41.9,0.55675,0.079316,0.41157
42,0.55904,0.080314,0.41324
42.1,0.56134,0.081317,0.41491
42.2,0.56364,0.082325,0.41659
42.3,0.56594,0.083338,0.41827
42.4,0.56824,0.084355,0.41995
42.5,0.57055,0.085377,0.42164
42.6,0.57287,0.086403,0.42333
42.7,0.57518,0.087434,0.42502
42.8,0.5775,0.08847,0.42672
42.9,0.57983,0.089509,0.42842
43,0.58215,0.090554,0.43012
43.1,0.58448,0.091602,0.43182
43.2,0.58682,0.092655,0.43353
43.3,0.58915,0.093712,0.43525
43.4,0.59149,0.094773,0.43696
43.5,0.59384,0.095838,0.43868
43.6,0.59618,0.096909,0.4404
43.7,0.59853,0.097985,0.44213
43.8,0.60088,0.099065,0.44385
43.9,0.60324,0.10015,0.44559
44,0.6056,0.10124,0.44732
44.1,0.60796,0.10233,0.44906
44.2,0.61033,0.10343,0.4508
44.3,0.6127,0.10453,0.45254
44.4,0.61508,0.10563,0.45428
44.5,0.61745,0.10674,0.45603
44.6,0.61984,0.10785,0.45778
44.7,0.62222,0.10897,0.45953
44.8,0.62461,0.11009,0.46128
44.9,0.627,0.11122,0.46303
45,0.62939,0.11234,0.46478
45.1,0.63179,0.11347,0.46654
45.2,0.63419,0.11461,0.4683
45.3,0.63659,0.11575,0.47006
45.4,0.63899,0.11689,0.47182
45.5,0.6414,0.11804,0.47359
45.6,0.64381,0.11919,0.47536
45.7,0.64622,0.12034,0.47712
45.8,0.64864,0.1215,0.4789
45.9,0.65106,0.12266,0.48067
46,0.65348,0.12382,0.48245
46.1,0.65591,0.12499,0.48422
46.2,0.65833,0.12616,0.486
46.3,0.66076,0.12734,0.48779
46.4,0.6632,0.12852,0.48957
46.5,0.66563,0.1297,0.49135
46.6,0.66807,0.13089,0.49314
46.7,0.67051,0.13208,0.49493
46.8,0.67295,0.13327,0.49672
46.9,0.6754,0.13447,0.49851
47,0.67784,0.13567,0.50031
47.1,0.68029,0.13687,0.5021
47.2,0.68275,0.13808,0.5039
47.3,0.6852,0.13929,0.5057
47.4,0.68766,0.1405,0.5075
47.5,0.69012,0.14172,0.5093
47.6,0.69259,0.14294,0.51111
47.7,0.69505,0.14416,0.51291
47.8,0.69752,0.14539,0.51472
47.9,0.69999,0.14661,0.51653
48,0.70247,0.14785,0.51833
48.1,0.70494,0.14908,0.52015
48.2,0.70742,0.15032,0.52196
48.3,0.7099,0.15156,0.52377
48.4,0.71239,0.1528,0.52559
48.5,0.71487,0.15404,0.5274
48.6,0.71736,0.15529,0.52922
48.7,0.71985,0.15654,0.53104
48.8,0.72234,0.1578,0.53286
48.9,0.72484,0.15905,0.53468
49,0.72733,0.16031,0.53651
49.1,0.72983,0.16157,0.53834
49.2,0.73233,0.16284,0.54017
49.3,0.73483,0.1641,0.542
49.4,0.73734,0.16537,0.54383
49.5,0.73985,0.16664,0.54567
49.6,0.74236,0.16792,0.54751
49.7,0.74487,0.16919,0.54934
49.8,0.74738,0.17048,0.55118
49.9,0.74989,0.17176,0.55302
50,0.75241,0.17305,0.55486
50.1,0.75493,0.17434,0.55671
50.2,0.75745,0.17563,0.55855
50.3,0.75997,0.17692,0.56039
50.4,0.7625,0.17822,0.56224
50.5,0.76502,0.17952,0.56409
50.6,0.76755,0.18082,0.56594
50.7,0.77008,0.18213,0.56778
50.8,0.77261,0.18343,0.56964
50.9,0.77515,0.18474,0.57149
51,0.77769,0.18605,0.57334
51.1,0.78023,0.18737,0.57519
51.2,0.78277,0.18868,0.57705
51.3,0.78531,0.19,0.5789
51.4,0.78785,0.19132,0.58076
51.5,0.7904,0.19265,0.58262
51.6,0.79295,0.19397,0.58448
51.7,0.7955,0.1953,0.58633
51.8,0.79805,0.19663,0.58819
51.9,0.8006,0.19796,0.59006
52,0.80316,0.19929,0.59192
52.1,0.80572,0.20063,0.59378
52.2,0.80827,0.20196,0.59564
52.3,0.81083,0.2033,0.59751
52.4,0.81339,0.20464,0.59937
52.5,0.81596,0.20599,0.60124
52.6,0.81852,0.20733,0.6031
52.7,0.82109,0.20868,0.60497
52.8,0.82366,0.21003,0.60684
52.9,0.82623,0.21138,0.60871
53,0.8288,0.21273,0.61057
53.1,0.83137,0.21408,0.61245
53.2,0.83394,0.21544,0.61432
53.3,0.83652,0.2168,0.6162
53.4,0.8391,0.21816,0.61808
53.5,0.84167,0.21953,0.61996
53.6,0.84425,0.22089,0.62184
53.7,0.84683,0.22226,0.62372
53.8,0.84942,0.22363,0.6256
53.9,0.852,0.225,0.62749
54,0.85459,0.22638,0.62937
54.1,0.85717,0.22775,0.63126
54.2,0.85976,0.22913,0.63314
54.3,0.86235,0.23051,0.63503
54.4,0.86495,0.23189,0.63692
54.5,0.86754,0.23327,0.63881
54.6,0.87013,0.23466,0.6407
54.7,0.87273,0.23604,0.64259
54.8,0.87533,0.23743,0.64448
54.9,0.87793,0.23882,0.64637
55,0.88053,0.24021,0.64826
55.1,0.88313,0.2416,0.65016
55.2,0.88573,0.243,0.65205
55.3,0.88834,0.24439,0.65395
55.4,0.89094,0.24579,0.65584
55.5,0.89355,0.24719,0.65774
55.6,0.89616,0.24859,0.65964
55.7,0.89877,0.24999,0.66153
55.8,0.90138,0.2514,0.66343
55.9,0.90399,0.2528,0.66533
56,0.9066,0.25421,0.66723
56.1,0.90922,0.25562,0.66914
56.2,0.91183,0.25702,0.67104
56.3,0.91445,0.25844,0.67294
56.4,0.91707,0.25985,0.67484
56.5,0.91969,0.26126,0.67675
56.6,0.92231,0.26268,0.67865
56.7,0.92493,0.26409,0.68056
56.8,0.92755,0.26551,0.68246
56.9,0.93017,0.26692,0.68437
57,0.9328,0.26834,0.68627
57.1,0.93542,0.26975,0.68818
57.2,0.93805,0.27116,0.69009
57.3,0.94067,0.27258,0.692
57.4,0.9433,0.27399,0.69391
57.5,0.94593,0.27541,0.69582
57.6,0.94856,0.27683,0.69774
57.7,0.9512,0.27824,0.69965
57.8,0.95383,0.27966,0.70157
57.9,0.95647,0.28108,0.70348
58,0.9591,0.2825,0.7054
58.1,0.96174,0.28392,0.70732
58.2,0.96438,0.28533,0.70924
58.3,0.96701,0.28675,0.71116
58.4,0.96965,0.28817,0.71308
58.5,0.97229,0.28959,0.715
58.6,0.97494,0.29101,0.71692
58.7,0.97758,0.29243,0.71884
58.8,0.98022,0.29385,0.72077
58.9,0.98287,0.29527,0.72269
59,0.98551,0.29669,0.72461
59.1,0.98816,0.29811,0.72654
59.2,0.99081,0.29953,0.72846
59.3,0.99346,0.30095,0.73039
59.4,0.99611,0.30237,0.73232
59.5,0.99876,0.30379,0.73425
59.6,1.0014,0.30521,0.73617
59.7,1.0041,0.30663,0.73805
59.8,1.0067,0.30805,0.73992
59.9,1.0093,0.30947,0.74179
60,1.0119,0.31089,0.74365
60.1,1.0145,0.3123,0.7455
60.2,1.017,0.31372,0.74734
60.3,1.0195,0.31514,0.74917
60.4,1.022,0.31655,0.75099
60.5,1.0245,0.31794,0.7528
60.6,1.027,0.31932,0.7546
60.7,1.0295,0.32069,0.75638
60.8,1.0319,0.32205,0.75816
60.9,1.0344,0.3234,0.75991
61,1.0368,0.32474,0.76166
61.1,1.0392,0.32607,0.76339
61.2,1.0415,0.3274,0.7651
61.3,1.0439,0.32871,0.76679
61.4,1.0462,0.33001,0.76847
61.5,1.0485,0.33129,0.77013
61.6,1.0507,0.33257,0.77177
61.7,1.053,0.33383,0.77339
61.8,1.0552,0.33509,0.77499
61.9,1.0573,0.33633,0.7766
62,1.0595,0.33757,0.7782
62.1,1.0616,0.33879,0.77979
62.2,1.0637,0.33999,0.78135
62.3,1.0657,0.34119,0.78291
62.4,1.0678,0.34237,0.78444
62.5,1.0699,0.34353,0.78595
62.6,1.072,0.34468,0.78745
62.7,1.074,0.34582,0.78893
62.8,1.076,0.34694,0.79039
62.9,1.078,0.34804,0.79183
63,1.0799,0.34915,0.79325
63.1,1.0818,0.35024,0.79465
63.2,1.0837,0.35132,0.79602
63.3,1.0856,0.35239,0.79738
63.4,1.0874,0.35345,0.79871
63.5,1.0892,0.3545,0.80002
63.6,1.091,0.35553,0.80131
63.7,1.0927,0.35655,0.80258
63.8,1.0944,0.35756,0.80382
63.9,1.0961,0.35856,0.80504
64,1.0977,0.35954,0.80623
64.1,1.0993,0.36051,0.80743
64.2,1.1009,0.36147,0.80862
64.3,1.1025,0.36243,0.8098
64.4,1.104,0.36337,0.81096
64.5,1.1055,0.36431,0.8121
64.6,1.1069,0.36523,0.81322
64.7,1.1084,0.36615,0.81433
64.8,1.1098,0.36705,0.81542
64.9,1.1112,0.36795,0.81649
65,1.1126,0.36883,0.81754
65.1,1.114,0.3697,0.81858
65.2,1.1153,0.37057,0.8196
65.3,1.1167,0.37143,0.82061
65.4,1.118,0.37227,0.82159
65.5,1.1192,0.37311,0.82257
65.6,1.1205,0.37394,0.82352
65.7,1.1217,0.37476,0.82447
65.8,1.1229,0.37557,0.82539
65.9,1.1241,0.37637,0.8263
66,1.1253,0.37717,0.8272
66.1,1.1264,0.37795,0.82809
66.2,1.1275,0.37873,0.82896
66.3,1.1286,0.3795,0.82981
66.4,1.1297,0.38026,0.83064
66.5,1.1308,0.38101,0.83146
66.6,1.1318,0.38175,0.83227
66.7,1.1328,0.38249,0.83306
66.8,1.1338,0.3832,0.83384
66.9,1.1348,0.38391,0.83461
67,1.1358,0.38461,0.83537
67.1,1.1367,0.3853,0.83611
67.2,1.1377,0.38598,0.83684
67.3,1.1385,0.38665,0.83756
67.4,1.1394,0.38731,0.83827
67.5,1.1403,0.38797,0.83896
67.6,1.1411,0.38862,0.83965
67.7,1.1419,0.38926,0.84033
67.8,1.1428,0.38989,0.841
67.9,1.1435,0.39052,0.84166
68,1.1443,0.39114,0.84231
68.1,1.1451,0.39175,0.84295
68.2,1.1458,0.39235,0.84359
68.3,1.1466,0.39295,0.84422
68.4,1.1473,0.39354,0.84484
68.5,1.148,0.39412,0.84545
68.6,1.1487,0.3947,0.84603
68.7,1.1494,0.39527,0.8466
68.8,1.15,0.39583,0.84716
68.9,1.1507,0.39639,0.84771
69,1.1513,0.39694,0.84825
69.1,1.152,0.39748,0.84878
69.2,1.1526,0.39802,0.8493
69.3,1.1532,0.39855,0.84981
69.4,1.1538,0.39908,0.85032
69.5,1.1545,0.3996,0.85081
69.6,1.155,0.40011,0.8513
69.7,1.1555,0.40062,0.85178
69.8,1.1561,0.40112,0.85225
69.9,1.1566,0.40162,0.85271
70,1.1571,0.40211,0.85317
70.1,1.1576,0.40259,0.85362
70.2,1.1581,0.40308,0.85406
70.3,1.1585,0.40355,0.85449
70.4,1.159,0.40402,0.85492
70.5,1.1594,0.40449,0.85533
70.6,1.1599,0.40495,0.85575
70.7,1.1603,0.4054,0.85615
70.8,1.1607,0.40586,0.85652
70.9,1.1611,0.4063,0.85686
71,1.1615,0.40675,0.8572
71.1,1.1619,0.40718,0.85753
71.2,1.1622,0.40762,0.85785
71.3,1.1626,0.40805,0.85817
71.4,1.163,0.40845,0.85847
71.5,1.1633,0.40885,0.85877
71.6,1.1636,0.40924,0.85905
71.7,1.164,0.40962,0.85933
71.8,1.1643,0.41,0.85961
71.9,1.1646,0.41037,0.85987
72,1.1648,0.41074,0.86013
72.1,1.1651,0.41111,0.86038
72.2,1.1653,0.41147,0.86062
72.3,1.1655,0.41182,0.86085
72.4,1.1657,0.41217,0.86108
72.5,1.1659,0.41251,0.8613
72.6,1.1661,0.41285,0.86151
72.7,1.1662,0.41319,0.86172
72.8,1.1664,0.41352,0.86192
72.9,1.1666,0.41384,0.86211
73,1.1667,0.41416,0.8623
73.1,1.1668,0.41448,0.86248
73.2,1.1669,0.41479,0.86265
73.3,1.1671,0.4151,0.86282
73.4,1.1672,0.4154,0.86298
73.5,1.1673,0.4157,0.86313
73.6,1.1673,0.416,0.86328
73.7,1.1674,0.41629,0.86343
73.8,1.1675,0.41657,0.86357
73.9,1.1675,0.41686,0.8637
74,1.1676,0.41713,0.86383
74.1,1.1676,0.41741,0.86395
74.2,1.1676,0.41768,0.86407
74.3,1.1677,0.41795,0.86418
74.4,1.1677,0.41821,0.86429
74.5,1.1677,0.41847,0.86439
74.6,1.1677,0.41873,0.86449
74.7,1.1677,0.41898,0.86458
74.8,1.1676,0.41923,0.86467
74.9,1.1676,0.41948,0.86475
75,1.1676,0.41972,0.86483
75.1,1.1675,0.41996,0.86491
75.2,1.1675,0.4202,0.86498
75.3,1.1674,0.42043,0.86505
75.4,1.1674,0.42066,0.86512
75.5,1.1673,0.42089,0.86518
75.6,1.1672,0.42112,0.8652
75.7,1.1672,0.42134,0.86521
75.8,1.1671,0.42156,0.86522
75.9,1.167,0.42178,0.86522
76,1.1669,0.42197,0.86521
76.1,1.1668,0.42217,0.8652
76.2,1.1667,0.42235,0.86519
76.3,1.1665,0.42254,0.86517
76.4,1.1664,0.42272,0.86514
76.5,1.1662,0.42289,0.86511
76.6,1.166,0.42307,0.86507
76.7,1.1658,0.42324,0.86503
76.8,1.1656,0.4234,0.86498
76.9,1.1654,0.42357,0.86493
77,1.1652,0.42373,0.86487
77.1,1.165,0.42388,0.86481
77.2,1.1648,0.42403,0.86475
77.3,1.1645,0.42418,0.86467
77.4,1.1643,0.42433,0.8646
77.5,1.1641,0.42447,0.86452
77.6,1.1638,0.42461,0.86443
77.7,1.1636,0.42475,0.86434
77.8,1.1633,0.42488,0.86425
77.9,1.163,0.42501,0.86415
78,1.1627,0.42514,0.86405
78.1,1.1624,0.42526,0.86394
78.2,1.1622,0.42539,0.86383
78.3,1.1619,0.4255,0.86371
78.4,1.1615,0.42562,0.86359
78.5,1.1612,0.42573,0.86347
78.6,1.1609,0.42584,0.86334
78.7,1.1606,0.42595,0.86321
78.8,1.1603,0.42605,0.86307
78.9,1.1599,0.42615,0.86293
79,1.1596,0.42625,0.86279
79.1,1.1592,0.42635,0.86265
79.2,1.1589,0.42644,0.8625
79.3,1.1585,0.42654,0.86234
79.4,1.1582,0.42662,0.86219
79.5,1.1578,0.42671,0.86203
79.6,1.1574,0.42679,0.86186
79.7,1.157,0.42688,0.8617
79.8,1.1566,0.42695,0.86153
79.9,1.1562,0.42703,0.86136
80,1.1558,0.42711,0.86118
80.1,1.1554,0.42718,0.861
80.2,1.155,0.42725,0.86082
80.3,1.1546,0.42732,0.86064
80.4,1.1542,0.42738,0.86043
80.5,1.1538,0.42745,0.86021
80.6,1.1533,0.4275,0.86
80.7,1.1529,0.42755,0.85977
80.8,1.1524,0.42759,0.85955
80.9,1.152,0.42764,0.85932
81,1.1515,0.42768,0.85909
81.1,1.151,0.42772,0.85885
81.2,1.1505,0.42775,0.85861
81.3,1.1501,0.42779,0.85837
81.4,1.1496,0.42782,0.85812
81.5,1.1491,0.42785,0.85787
81.6,1.1486,0.42787,0.85761
81.7,1.1481,0.4279,0.85735
81.8,1.1476,0.42792,0.85709
81.9,1.147,0.42794,0.85683
82,1.1465,0.42795,0.85656
82.1,1.146,0.42797,0.85628
82.2,1.1455,0.42798,0.85601
82.3,1.1449,0.42799,0.85573
82.4,1.1444,0.42799,0.85544
82.5,1.1438,0.428,0.85516
82.6,1.1433,0.428,0.85487
82.7,1.1427,0.428,0.85458
82.8,1.1422,0.428,0.85428
82.9,1.1416,0.428,0.85398
83,1.141,0.42799,0.85368
83.1,1.1404,0.42798,0.85337
83.2,1.1399,0.42797,0.85307
83.3,1.1393,0.42796,0.85275
83.4,1.1387,0.42795,0.85244
83.5,1.1381,0.42793,0.85212
83.6,1.1375,0.42791,0.8518
83.7,1.1369,0.42789,0.85148
83.8,1.1363,0.42787,0.85116
83.9,1.1357,0.42785,0.85083
84,1.1351,0.42782,0.8505
84.1,1.1344,0.42779,0.85016
84.2,1.1338,0.42777,0.84983
84.3,1.1332,0.42773,0.84949
84.4,1.1326,0.4277,0.84914
84.5,1.1319,0.42767,0.8488
84.6,1.1313,0.42763,0.84845
84.7,1.1306,0.42759,0.8481
84.8,1.13,0.42755,0.84775
84.9,1.1293,0.42751,0.8474
85,1.1287,0.42747,0.84704
85.1,1.128,0.42742,0.84668
85.2,1.1273,0.42737,0.84631
85.3,1.1267,0.42732,0.84594
85.4,1.126,0.42727,0.84556
85.5,1.1253,0.42721,0.84518
85.6,1.1246,0.42715,0.8448
85.7,1.1239,0.42709,0.84441
85.8,1.1232,0.42703,0.84403
85.9,1.1225,0.42696,0.84364
86,1.1218,0.4269,0.84324
86.1,1.1211,0.42683,0.84285
86.2,1.1204,0.42676,0.84245
86.3,1.1197,0.42669,0.84205
86.4,1.119,0.42662,0.84164
86.5,1.1183,0.42654,0.84124
86.6,1.1175,0.42647,0.84083
86.7,1.1168,0.42639,0.84042
86.8,1.1161,0.42631,0.84001
86.9,1.1153,0.42623,0.83959
87,1.1146,0.42615,0.83917
87.1,1.1139,0.42606,0.83875
87.2,1.1131,0.42598,0.83833
87.3,1.1124,0.42589,0.8379
87.4,1.1116,0.4258,0.83747
87.5,1.1109,0.42571,0.83704
87.6,1.1101,0.42562,0.83661
87.7,1.1093,0.42553,0.83618
87.8,1.1086,0.42543,0.83574
87.9,1.1078,0.42534,0.8353
88,1.107,0.42524,0.83486
88.1,1.1063,0.42514,0.83442
88.2,1.1055,0.42504,0.83397
88.3,1.1047,0.42494,0.83352
88.4,1.1039,0.42484,0.83307
88.5,1.1031,0.42473,0.83262
88.6,1.1023,0.42463,0.83217
88.7,1.1015,0.42452,0.83171
88.8,1.1008,0.42441,0.83126
88.9,1.1,0.4243,0.8308
89,1.0992,0.42419,0.83033
89.1,1.0984,0.42408,0.82987
89.2,1.0975,0.42397,0.82941
89.3,1.0967,0.42385,0.82894
89.4,1.0959,0.42374,0.82847
89.5,1.0951,0.42362,0.828
89.6,1.0943,0.42351,0.82753
89.7,1.0934,0.42339,0.82705
89.8,1.0926,0.42326,0.82658
89.9,1.0918,0.42314,0.8261
90,1.091,0.42301,0.82561
90.1,1.0901,0.42288,0.82513
90.2,1.0893,0.42275,0.82464
90.3,1.0884,0.42262,0.82415
90.4,1.0876,0.42249,0.82365
90.5,1.0867,0.42235,0.82316
90.6,1.0859,0.42222,0.82266
90.7,1.085,0.42208,0.82217
90.8,1.0842,0.42195,0.82167
90.9,1.0833,0.42181,0.82117
91,1.0825,0.42167,0.82066
91.1,1.0816,0.42153,0.82016
91.2,1.0807,0.42139,0.81965
91.3,1.0799,0.42124,0.81914
91.4,1.079,0.4211,0.81863
91.5,1.0781,0.42095,0.81812
91.6,1.0773,0.42081,0.81761
91.7,1.0764,0.42066,0.81709
91.8,1.0755,0.42051,0.81657
91.9,1.0746,0.42036,0.81606
92,1.0737,0.42021,0.81554
92.1,1.0729,0.42006,0.81501
92.2,1.072,0.41991,0.81449
92.3,1.0711,0.41975,0.81397
92.4,1.0702,0.4196,0.81344
92.5,1.0693,0.41944,0.81291
92.6,1.0684,0.41929,0.81238
92.7,1.0675,0.41913,0.81185
92.8,1.0666,0.41897,0.81132
92.9,1.0657,0.41881,0.81079
93,1.0648,0.41865,0.81025
93.1,1.0639,0.41849,0.80971
93.2,1.063,0.41833,0.80918
93.3,1.0621,0.41816,0.80864
93.4,1.0612,0.418,0.8081
93.5,1.0603,0.41784,0.80756
93.6,1.0593,0.41767,0.80701
93.7,1.0584,0.4175,0.80647
93.8,1.0575,0.41734,0.80592
93.9,1.0565,0.41717,0.80538
94,1.0556,0.417,0.80483
94.1,1.0547,0.41683,0.80428
94.2,1.0537,0.41666,0.80373
94.3,1.0528,0.41649,0.80318
94.4,1.0519,0.41632,0.80262
94.5,1.0509,0.41615,0.80207
94.6,1.05,0.41597,0.80151
94.7,1.049,0.4158,0.80095
94.8,1.0481,0.41562,0.80039
94.9,1.0471,0.41545,0.79982
95,1.0462,0.41527,0.79925
95.1,1.0452,0.4151,0.79868
95.2,1.0443,0.41492,0.79811
95.3,1.0433,0.41474,0.79754
95.4,1.0423,0.41456,0.79697
95.5,1.0414,0.41439,0.7964
95.6,1.0404,0.41421,0.79582
95.7,1.0395,0.41403,0.79524
95.8,1.0385,0.41385,0.79466
95.9,1.0375,0.41366,0.79409
96,1.0366,0.41347,0.79351
96.1,1.0356,0.41328,0.79292
96.2,1.0346,0.4131,0.79234
96.3,1.0336,0.41291,0.79176
96.4,1.0327,0.41272,0.79117
96.5,1.0317,0.41253,0.79059
96.6,1.0307,0.41233,0.79
96.7,1.0297,0.41214,0.78941
96.8,1.0287,0.41195,0.78882
96.9,1.0278,0.41175,0.78823
97,1.0268,0.41156,0.78764
97.1,1.0258,0.41136,0.78705
97.2,1.0248,0.41117,0.78645
97.3,1.0238,0.41097,0.78586
97.4,1.0228,0.41077,0.78526
97.5,1.0218,0.41058,0.78467
97.6,1.0208,0.41038,0.78407
97.7,1.0198,0.41018,0.78347
97.8,1.0189,0.40998,0.78287
97.9,1.0179,0.40978,0.78227
98,1.0169,0.40958,0.78167
98.1,1.0159,0.40938,0.78107
98.2,1.0149,0.40917,0.78046
98.3,1.0139,0.40897,0.77986
98.4,1.0129,0.40877,0.77925
98.5,1.0119,0.40857,0.77865
98.6,1.0109,0.40836,0.77804
98.7,1.0099,0.40816,0.77743
98.8,1.0088,0.40795,0.77683
98.9,1.0078,0.40774,0.77622
99,1.0068,0.40754,0.77561
99.1,1.0058,0.40733,0.775
99.2,1.0048,0.40712,0.77439
99.3,1.0038,0.40692,0.77378
99.4,1.0028,0.40671,0.77316
99.5,1.0018,0.4065,0.77255
99.6,1.0008,0.40629,0.77194
99.7,0.99976,0.40608,0.77132
99.8,0.99875,0.40587,0.77071
99.9,0.99773,0.40566,0.77009
100,0.99672,0.40545,0.76947
100.1,0.9957,0.40524,0.76886
100.2,0.99469,0.40502,0.76824
100.3,0.99367,0.40481,0.76762
100.4,0.99265,0.4046,0.767
100.5,0.99163,0.40439,0.76638
100.6,0.99061,0.40417,0.76576
100.7,0.98958,0.40396,0.76514
100.8,0.98854,0.40375,0.76452
100.9,0.98751,0.40353,0.7639
101,0.98647,0.40332,0.76328
101.1,0.98543,0.4031,0.76266
101.2,0.98439,0.40289,0.76204
101.3,0.98335,0.40267,0.76141
101.4,0.98231,0.40245,0.76079
101.5,0.98126,0.40224,0.76017
101.6,0.98022,0.40202,0.75954
101.7,0.97918,0.4018,0.75892
101.8,0.97813,0.40159,0.75829
101.9,0.97708,0.40137,0.75767
102,0.97604,0.40115,0.75704
102.1,0.97499,0.40092,0.75641
102.2,0.97394,0.4007,0.75577
102.3,0.97289,0.40048,0.75514
102.4,0.97184,0.40025,0.7545
102.5,0.97078,0.40003,0.75386
102.6,0.96973,0.3998,0.75322
102.7,0.96868,0.39958,0.75258
102.8,0.96762,0.39935,0.75194
102.9,0.96657,0.39912,0.7513
103,0.96551,0.3989,0.75066
103.1,0.96445,0.39867,0.75001
103.2,0.96339,0.39844,0.74937
103.3,0.96234,0.39821,0.74873
103.4,0.96128,0.39799,0.74808
103.5,0.96022,0.39776,0.74744
103.6,0.95915,0.39753,0.74679
103.7,0.95809,0.3973,0.74614
103.8,0.95703,0.39707,0.7455
103.9,0.95597,0.39684,0.74485
104,0.9549,0.39661,0.7442
104.1,0.95384,0.39638,0.74355
104.2,0.95277,0.39615,0.7429
104.3,0.95171,0.39591,0.74226
104.4,0.95064,0.39568,0.74161
104.5,0.94957,0.39545,0.74095
104.6,0.94851,0.39522,0.7403
104.7,0.94744,0.39498,0.73965
104.8,0.94637,0.39475,0.739
104.9,0.9453,0.39452,0.73835
105,0.94423,0.39428,0.7377
105.1,0.94316,0.39405,0.73704
105.2,0.94209,0.39381,0.73639
105.3,0.94102,0.39358,0.73573
105.4,0.93995,0.39334,0.73508
105.5,0.93888,0.39311,0.73442
105.6,0.9378,0.39287,0.73377
105.7,0.93673,0.39264,0.73311
105.8,0.93566,0.3924,0.73246
105.9,0.93458,0.39216,0.7318
106,0.93351,0.39193,0.73114
106.1,0.93243,0.39169,0.73049
106.2,0.93136,0.39145,0.72983
106.3,0.93028,0.39122,0.72917
106.4,0.92921,0.39098,0.72851
106.5,0.92813,0.39074,0.72786
106.6,0.92706,0.3905,0.7272
106.7,0.92598,0.39026,0.72654
106.8,0.9249,0.39002,0.72588
106.9,0.92383,0.38979,0.72522
107,0.92275,0.38955,0.72456
107.1,0.92167,0.38931,0.7239
107.2,0.92059,0.38907,0.72324
107.3,0.91952,0.38883,0.72258
107.4,0.91844,0.38859,0.72192
107.5,0.91736,0.38835,0.72126
107.6,0.91628,0.38811,0.72059
107.7,0.9152,0.38787,0.71993
107.8,0.91411,0.38763,0.71927
107.9,0.91302,0.38739,0.71861
108,0.91192,0.38714,0.71795
108.1,0.91083,0.3869,0.71728
108.2,0.90974,0.38665,0.71662
108.3,0.90865,0.38641,0.71596
108.4,0.90755,0.38616,0.7153
108.5,0.90646,0.38592,0.71463
108.6,0.90536,0.38567,0.71397
108.7,0.90426,0.38543,0.71331
108.8,0.90317,0.38518,0.71264
108.9,0.90207,0.38494,0.71198
109,0.90097,0.38469,0.71132
109.1,0.89988,0.38444,0.71065
109.2,0.89878,0.3842,0.70999
109.3,0.89768,0.38395,0.70933
109.4,0.89658,0.3837,0.70866
109.5,0.89548,0.38345,0.708
109.6,0.89438,0.38321,0.70732
109.7,0.89328,0.38296,0.70665
109.8,0.89217,0.38271,0.70598
109.9,0.89107,0.38246,0.70531
110,0.88997,0.38221,0.70463
110.1,0.88887,0.38196,0.70396
110.2,0.88776,0.38171,0.70328
110.3,0.88666,0.38146,0.70261
110.4,0.88556,0.38121,0.70193
110.5,0.88445,0.38096,0.70126
110.6,0.88335,0.38071,0.70058
110.7,0.88224,0.38046,0.69991
110.8,0.88113,0.38021,0.69923
110.9,0.88003,0.37996,0.69855
111,0.87892,0.37971,0.69788
111.1,0.87781,0.37946,0.6972
111.2,0.87671,0.37921,0.69652
111.3,0.8756,0.37895,0.69584
111.4,0.87449,0.3787,0.69516
111.5,0.87338,0.37845,0.69449
111.6,0.87227,0.3782,0.69381
111.7,0.87116,0.37795,0.69313
111.8,0.87005,0.37769,0.69245
111.9,0.86894,0.37744,0.69177
112,0.86783,0.37719,0.69109
112.1,0.86672,0.37693,0.69041
112.2,0.86561,0.37668,0.68973
112.3,0.8645,0.37643,0.68905
112.4,0.86339,0.37617,0.68837
112.5,0.86228,0.37592,0.68769
112.6,0.86117,0.37566,0.687
112.7,0.86006,0.37541,0.68632
112.8,0.85894,0.37516,0.68564
112.9,0.85783,0.3749,0.68496
113,0.85672,0.37465,0.68428
113.1,0.8556,0.37439,0.68359
113.2,0.85449,0.37414,0.68291
113.3,0.85338,0.37388,0.68223
113.4,0.85226,0.37363,0.68155
113.5,0.85115,0.37337,0.68086
113.6,0.85004,0.37312,0.68018
113.7,0.84892,0.37286,0.6795
113.8,0.84781,0.37261,0.67881
113.9,0.84669,0.37235,0.67813
114,0.84558,0.37209,0.67744
114.1,0.84446,0.37184,0.67676
114.2,0.84335,0.37158,0.67607
114.3,0.84223,0.37132,0.67539
114.4,0.84112,0.37106,0.67471
114.5,0.84,0.3708,0.67402
114.6,0.83889,0.37055,0.67334
114.7,0.83777,0.37029,0.67265
114.8,0.83666,0.37003,0.67197
114.9,0.83556,0.36977,0.67128
115,0.83445,0.36951,0.67059
115.1,0.83335,0.36925,0.66991
115.2,0.83225,0.36899,0.66922
115.3,0.83115,0.36873,0.66854
115.4,0.83005,0.36847,0.66785
115.5,0.82896,0.36821,0.66716
115.6,0.82786,0.36795,0.66648
115.7,0.82676,0.36769,0.66579
115.8,0.82566,0.36743,0.66511
115.9,0.82457,0.36717,0.66442
116,0.82347,0.36691,0.66373
116.1,0.82238,0.36665,0.66305
116.2,0.82128,0.36639,0.66236
116.3,0.82019,0.36613,0.66167
116.4,0.8191,0.36587,0.66099
116.5,0.818,0.36561,0.6603
116.6,0.81691,0.36535,0.65961
116.7,0.81582,0.36508,0.65892
116.8,0.81473,0.36482,0.65824
116.9,0.81364,0.36456,0.65755
117,0.81256,0.3643,0.65689
117.1,0.81147,0.36404,0.65622
117.2,0.81038,0.36377,0.65555
117.3,0.8093,0.36351,0.65489
117.4,0.80821,0.36325,0.65422
117.5,0.80713,0.36299,0.65356
117.6,0.80604,0.36272,0.65289
117.7,0.80496,0.36246,0.65223
117.8,0.80388,0.3622,0.65157
117.9,0.8028,0.36194,0.6509
118,0.80172,0.36167,0.65024
118.1,0.80064,0.36141,0.64958
118.2,0.79957,0.36115,0.64893
118.3,0.79849,0.36088,0.64827
118.4,0.79741,0.36062,0.64761
118.5,0.79634,0.36036,0.64695
118.6,0.79527,0.36009,0.6463
118.7,0.7942,0.35983,0.64564
118.8,0.79312,0.35956,0.64499
118.9,0.79205,0.3593,0.64434
119,0.79099,0.35904,0.64369
119.1,0.78992,0.35877,0.64304
119.2,0.78885,0.35851,0.64239
119.3,0.78779,0.35824,0.64174
119.4,0.78672,0.35798,0.64109
119.5,0.78566,0.35771,0.64045
119.6,0.7846,0.35745,0.6398
119.7,0.78354,0.35719,0.63916
119.8,0.78248,0.35692,0.63851
119.9,0.78142,0.35666,0.63787
120,0.78036,0.35639,0.63723
120.1,0.77931,0.35613,0.63659
120.2,0.77825,0.35588,0.63596
120.3,0.7772,0.35563,0.63532
120.4,0.77615,0.35538,0.63468
120.5,0.7751,0.35513,0.63405
120.6,0.77405,0.35488,0.63341
120.7,0.773,0.35463,0.63278
120.8,0.77196,0.35438,0.63215
120.9,0.77091,0.35414,0.63152
121,0.76987,0.35389,0.63089
121.1,0.76883,0.35364,0.63027
121.2,0.76779,0.3534,0.62964
121.3,0.76675,0.35315,0.62902
121.4,0.76571,0.3529,0.62839
121.5,0.76468,0.35266,0.62777
121.6,0.76364,0.35242,0.62715
121.7,0.76261,0.35217,0.62653
121.8,0.76158,0.35193,0.62591
121.9,0.76056,0.35169,0.6253
122,0.75957,0.35144,0.62468
122.1,0.75858,0.3512,0.62407
122.2,0.7576,0.35096,0.62346
122.3,0.75662,0.35072,0.62285
122.4,0.75564,0.35048,0.62224
122.5,0.75467,0.35024,0.62163
122.6,0.7537,0.35001,0.62102
122.7,0.75274,0.34977,0.62042
122.8,0.75178,0.34953,0.61982
122.9,0.75082,0.34929,0.61922
123,0.74987,0.34906,0.61862
123.1,0.74892,0.34882,0.61802
123.2,0.74798,0.34859,0.61742
123.3,0.74704,0.34836,0.61683
123.4,0.74611,0.34812,0.61623
123.5,0.74517,0.34789,0.61564
123.6,0.74425,0.34766,0.61505
123.7,0.74332,0.34743,0.61446
123.8,0.74241,0.3472,0.61388
123.9,0.74149,0.34697,0.61329
124,0.74058,0.34674,0.61271
124.1,0.73968,0.34652,0.61213
124.2,0.73878,0.34629,0.61155
124.3,0.73788,0.34606,0.61097
124.4,0.73699,0.34584,0.6104
124.5,0.73611,0.34561,0.60982
124.6,0.73522,0.34539,0.60925
124.7,0.73435,0.34517,0.60868
124.8,0.73348,0.34495,0.60811
124.9,0.73261,0.34472,0.60755
125,0.73175,0.3445,0.60698
125.1,0.73089,0.34428,0.60642
125.2,0.73004,0.34407,0.60586
125.3,0.72919,0.34385,0.6053
125.4,0.72835,0.34363,0.60475
125.5,0.72752,0.34342,0.60419
125.6,0.72669,0.3432,0.60364
125.7,0.72586,0.34299,0.60309
125.8,0.72504,0.34277,0.60254
125.9,0.72423,0.34256,0.602
126,0.72342,0.34235,0.60145
126.1,0.72261,0.34214,0.60091
126.2,0.72182,0.34193,0.60037
126.3,0.72102,0.34172,0.59983
126.4,0.72024,0.34151,0.5993
126.5,0.71946,0.34131,0.59876
126.6,0.71868,0.3411,0.59823
126.7,0.71791,0.3409,0.5977
126.8,0.71715,0.34069,0.59718
126.9,0.71639,0.34049,0.59665
127,0.71564,0.34029,0.59613
127.1,0.71489,0.34009,0.59561
127.2,0.71415,0.33989,0.59509
127.3,0.71342,0.33969,0.59457
127.4,0.71269,0.33949,0.59406
127.5,0.71197,0.3393,0.59355
127.6,0.71126,0.3391,0.59304
127.7,0.71051,0.33891,0.59253
127.8,0.70977,0.33871,0.59203
127.9,0.70904,0.33851,0.59153
128,0.7083,0.33831,0.59103
128.1,0.70758,0.33811,0.59053
128.2,0.70685,0.33791,0.59003
128.3,0.70613,0.33771,0.58954
128.4,0.70542,0.33751,0.58905
128.5,0.70471,0.33732,0.58856
128.6,0.70401,0.33712,0.58808
128.7,0.70331,0.33692,0.58759
128.8,0.70261,0.33673,0.58711
128.9,0.70192,0.33653,0.58664
129,0.70123,0.33634,0.58616
129.1,0.70055,0.33614,0.58569
129.2,0.69987,0.33595,0.58522
129.3,0.6992,0.33576,0.58475
129.4,0.69853,0.33557,0.58428
129.5,0.69787,0.33538,0.58382
129.6,0.69721,0.33519,0.58336
129.7,0.69656,0.335,0.5829
129.8,0.69591,0.33481,0.58245
129.9,0.69527,0.33462,0.582
130,0.69463,0.33444,0.58155
130.1,0.69399,0.33425,0.5811
130.2,0.69336,0.33407,0.58066
130.3,0.69274,0.33388,0.58022
130.4,0.69212,0.3337,0.57978
130.5,0.6915,0.33351,0.57934
130.6,0.69089,0.33333,0.57891
130.7,0.69029,0.33315,0.57848
130.8,0.68969,0.33297,0.57805
130.9,0.68909,0.33279,0.57762
131,0.6885,0.33261,0.5772
131.1,0.68792,0.33243,0.57678
131.2,0.68734,0.33226,0.57637
131.3,0.68676,0.33208,0.57595
131.4,0.68619,0.33191,0.57554
131.5,0.68562,0.33173,0.57513
131.6,0.68506,0.33156,0.57473
131.7,0.68451,0.33138,0.57433
131.8,0.68396,0.33121,0.57392
131.9,0.68341,0.33104,0.57351
132,0.68287,0.33087,0.5731
132.1,0.68234,0.3307,0.57269
132.2,0.68181,0.33053,0.57229
132.3,0.68128,0.33036,0.57188
132.4,0.68077,0.3302,0.57148
132.5,0.68025,0.33003,0.57109
132.6,0.67974,0.32987,0.57069
132.7,0.67924,0.3297,0.57029
132.8,0.67874,0.32954,0.5699
132.9,0.67825,0.32937,0.56951
133,0.67776,0.32921,0.56912
133.1,0.67728,0.32905,0.56873
133.2,0.6768,0.32889,0.56835
133.3,0.67633,0.32873,0.56796
133.4,0.67583,0.32857,0.56758
133.5,0.67533,0.32842,0.5672
133.6,0.67483,0.32826,0.56682
133.7,0.67433,0.3281,0.56645
133.8,0.67384,0.32795,0.56607
133.9,0.67335,0.3278,0.5657
134,0.67287,0.32764,0.56533
134.1,0.67238,0.32749,0.56496
134.2,0.67191,0.32734,0.56459
134.3,0.67143,0.32719,0.56423
134.4,0.67096,0.32704,0.56386
134.5,0.67049,0.32689,0.5635
134.6,0.67002,0.32674,0.56314
134.7,0.66956,0.3266,0.56278
134.8,0.6691,0.32645,0.56242
134.9,0.66864,0.32631,0.56207
135,0.66818,0.32616,0.56171
135.1,0.66773,0.32602,0.56136
135.2,0.66728,0.32588,0.56101
135.3,0.66684,0.32574,0.56066
135.4,0.6664,0.3256,0.56031
135.5,0.66596,0.32546,0.55997
135.6,0.66552,0.32532,0.55962
135.7,0.66509,0.32517,0.55928
135.8,0.66466,0.32503,0.55893
135.9,0.66423,0.32488,0.55859
136,0.6638,0.32473,0.55825
136.1,0.66338,0.32458,0.5579
136.2,0.66296,0.32444,0.55756
136.3,0.66255,0.32429,0.55722
136.4,0.66213,0.32415,0.55689
136.5,0.66172,0.324,0.55655
136.6,0.66131,0.32386,0.55621
136.7,0.66091,0.32371,0.55588
136.8,0.66051,0.32357,0.55554
136.9,0.66011,0.32343,0.55521
137,0.65971,0.32328,0.55488
137.1,0.65931,0.32314,0.55455
137.2,0.65892,0.323,0.55422
137.3,0.65853,0.32286,0.55389
137.4,0.65815,0.32272,0.55356
137.5,0.65776,0.32258,0.55323
137.6,0.65738,0.32244,0.55291
137.7,0.657,0.3223,0.55258
137.8,0.65662,0.32216,0.55226
137.9,0.65625,0.32202,0.55194
138,0.65588,0.32188,0.55161
138.1,0.65551,0.32175,0.55129
138.2,0.65514,0.32161,0.55097
138.3,0.65478,0.32147,0.55065
138.4,0.65442,0.32134,0.55033
138.5,0.65406,0.3212,0.55001
138.6,0.6537,0.32106,0.5497
138.7,0.65334,0.32093,0.54938
138.8,0.65299,0.3208,0.54906
138.9,0.65264,0.32066,0.54875
139,0.65229,0.32053,0.54844
139.1,0.65194,0.32039,0.54812
139.2,0.65159,0.32026,0.54781
139.3,0.65124,0.32013,0.5475
139.4,0.6509,0.32,0.54718
139.5,0.65055,0.31987,0.54687
139.6,0.65021,0.31974,0.54656
139.7,0.64986,0.3196,0.54625
139.8,0.64952,0.31947,0.54595
139.9,0.64918,0.31934,0.54564
140,0.64885,0.31922,0.54534
140.1,0.64851,0.31909,0.54503
140.2,0.64818,0.31896,0.54473
140.3,0.64784,0.31883,0.54443
140.4,0.64751,0.3187,0.54412
140.5,0.64718,0.31857,0.54382
140.6,0.64686,0.31845,0.54352
140.7,0.64653,0.31832,0.54322
140.8,0.6462,0.31819,0.54292
140.9,0.64588,0.31807,0.54262
141,0.64556,0.31794,0.54232
141.1,0.64524,0.31782,0.54202
141.2,0.64492,0.31769,0.54173
141.3,0.6446,0.31757,0.54143
141.4,0.64428,0.31744,0.54113
141.5,0.64397,0.31732,0.54084
141.6,0.64365,0.3172,0.54054
141.7,0.64334,0.31707,0.54025
141.8,0.64303,0.31695,0.53995
141.9,0.64272,0.31683,0.53966
142,0.64241,0.31671,0.53937
142.1,0.6421,0.31659,0.53907
142.2,0.64179,0.31647,0.53878
142.3,0.64149,0.31634,0.53849
142.4,0.64118,0.31622,0.5382
142.5,0.64088,0.3161,0.53791
142.6,0.64057,0.31598,0.53762
142.7,0.64027,0.31586,0.53732
142.8,0.63997,0.31575,0.53703
142.9,0.63967,0.31563,0.53674
143,0.63937,0.31551,0.53646
143.1,0.63907,0.31539,0.53617
143.2,0.63877,0.31527,0.53588
143.3,0.63848,0.31516,0.53559
143.4,0.63818,0.31504,0.5353
143.5,0.63788,0.31492,0.53501
143.6,0.63759,0.3148,0.53473
143.7,0.6373,0.31468,0.53445
143.8,0.637,0.31456,0.53416
143.9,0.63671,0.31444,0.53388
144,0.63642,0.31433,0.5336
144.1,0.63613,0.31421,0.53332
144.2,0.63583,0.31409,0.53304
144.3,0.63554,0.31397,0.53275
144.4,0.63525,0.31385,0.53247
144.5,0.63496,0.31374,0.5322
144.6,0.63468,0.31362,0.53192
144.7,0.63439,0.3135,0.53164
144.8,0.6341,0.31339,0.53136
144.9,0.63383,0.31327,0.53108
145,0.63355,0.31315,0.5308
145.1,0.63328,0.31304,0.53053
145.2,0.633,0.31292,0.53025
145.3,0.63273,0.31281,0.52997
145.4,0.63246,0.31269,0.5297
145.5,0.63218,0.31257,0.52942
145.6,0.63191,0.31246,0.52915
145.7,0.63164,0.31234,0.52887
145.8,0.63137,0.31223,0.5286
145.9,0.63111,0.31211,0.52833
146,0.63084,0.312,0.52805
146.1,0.63057,0.31188,0.52778
146.2,0.63031,0.31177,0.52751
146.3,0.63004,0.31166,0.52723
146.4,0.62978,0.31154,0.52696
146.5,0.62951,0.31143,0.52669
146.6,0.62925,0.31131,0.52642
146.7,0.62899,0.3112,0.52615
146.8,0.62872,0.31109,0.52588
146.9,0.62846,0.31097,0.52561
147,0.6282,0.31086,0.52534
147.1,0.62794,0.31074,0.52507
147.2,0.62768,0.31063,0.5248
147.3,0.62742,0.31052,0.52453
147.4,0.62717,0.3104,0.52426
147.5,0.62691,0.31029,0.52399
147.6,0.62665,0.31018,0.52373
147.7,0.62639,0.31006,0.52346
147.8,0.62614,0.30995,0.5232
147.9,0.62588,0.30984,0.52293
148,0.62563,0.30973,0.52267
148.1,0.62537,0.30961,0.5224
148.2,0.62512,0.3095,0.52214
148.3,0.62486,0.30939,0.52187
148.4,0.62461,0.30927,0.52161
148.5,0.62435,0.30916,0.52135
148.6,0.6241,0.30905,0.52108
148.7,0.62385,0.30894,0.52082
148.8,0.6236,0.30882,0.52056
148.9,0.62334,0.30871,0.5203
149,0.62309,0.3086,0.52004
149.1,0.62284,0.30849,0.51978
149.2,0.62259,0.30837,0.51952
149.3,0.62234,0.30826,0.51926
149.4,0.62209,0.30815,0.519
149.5,0.62183,0.30804,0.51874
149.6,0.62158,0.30792,0.51848
149.7,0.62133,0.30781,0.51822
149.8,0.62108,0.3077,0.51796
149.9,0.62083,0.30759,0.5177
150,0.62058,0.30747,0.51744
150.1,0.62033,0.30736,0.51719
150.2,0.62008,0.30725,0.51693
150.3,0.61983,0.30714,0.51667
150.4,0.61958,0.30702,0.51642
150.5,0.61934,0.30691,0.51616
150.6,0.6191,0.3068,0.51591
150.7,0.61886,0.30669,0.51565
150.8,0.61863,0.30657,0.51539
150.9,0.61839,0.30646,0.51514
151,0.61816,0.30635,0.51488
151.1,0.61792,0.30623,0.51463
151.2,0.61769,0.30612,0.51438
151.3,0.61745,0.30601,0.51412
151.4,0.61722,0.3059,0.51387
151.5,0.61699,0.30579,0.51361
151.6,0.61676,0.30568,0.51336
151.7,0.61653,0.30558,0.5131
151.8,0.61629,0.30547,0.51285
151.9,0.61606,0.30536,0.51259
152,0.61583,0.30525,0.51234
152.1,0.6156,0.30514,0.51209
152.2,0.61538,0.30503,0.51183
152.3,0.61515,0.30492,0.51158
152.4,0.61492,0.30481,0.51133
152.5,0.61469,0.3047,0.51107
152.6,0.61446,0.30459,0.51082
152.7,0.61424,0.30448,0.51057
152.8,0.61401,0.30438,0.51032
152.9,0.61379,0.30427,0.51007
153,0.61356,0.30416,0.50982
153.1,0.61333,0.30405,0.50956
153.2,0.61311,0.30394,0.50931
153.3,0.61289,0.30383,0.50906
153.4,0.61266,0.30372,0.50881
153.5,0.61244,0.30362,0.50856
153.6,0.61221,0.30351,0.50831
153.7,0.61199,0.3034,0.50807
153.8,0.61177,0.30329,0.50782
153.9,0.61155,0.30318,0.50757
154,0.61132,0.30307,0.50732
154.1,0.6111,0.30296,0.50707
154.2,0.61088,0.30286,0.50682
154.3,0.61066,0.30275,0.50658
154.4,0.61044,0.30264,0.50633
154.5,0.61022,0.30253,0.50608
154.6,0.61,0.30242,0.50584
154.7,0.60978,0.30231,0.50559
154.8,0.60956,0.3022,0.50535
154.9,0.60934,0.3021,0.5051
155,0.60912,0.30199,0.50485
155.1,0.6089,0.30188,0.50461
155.2,0.60868,0.30177,0.50437
155.3,0.60846,0.30166,0.50412
155.4,0.60824,0.30155,0.50388
155.5,0.60803,0.30144,0.50363
155.6,0.60781,0.30134,0.50339
155.7,0.60759,0.30123,0.50315
155.8,0.60737,0.30112,0.5029
155.9,0.60715,0.30101,0.50266
156,0.60694,0.3009,0.50242
156.1,0.60672,0.30079,0.50218
156.2,0.6065,0.30068,0.50194
156.3,0.60629,0.30057,0.50169
156.4,0.60607,0.30047,0.50145
156.5,0.60585,0.30036,0.50121
156.6,0.60564,0.30025,0.50097
156.7,0.60542,0.30014,0.50073
156.8,0.6052,0.30003,0.50049
156.9,0.60499,0.29992,0.50025
157,0.60477,0.29981,0.50001
157.1,0.60456,0.2997,0.49978
157.2,0.60435,0.29959,0.49954
157.3,0.60414,0.29948,0.4993
157.4,0.60393,0.29938,0.49906
157.5,0.60372,0.29927,0.49882
157.6,0.60352,0.29916,0.49859
157.7,0.60331,0.29905,0.49835
157.8,0.6031,0.29894,0.49811
157.9,0.6029,0.29883,0.49787
158,0.60269,0.29872,0.49764
158.1,0.60248,0.29861,0.4974
158.2,0.60228,0.2985,0.49717
158.3,0.60207,0.29839,0.49693
158.4,0.60187,0.29828,0.4967
158.5,0.60166,0.29817,0.49646
158.6,0.60146,0.29806,0.49623
158.7,0.60125,0.29795,0.49599
158.8,0.60105,0.29784,0.49576
158.9,0.60085,0.29773,0.49553
159,0.60064,0.29762,0.49529
159.1,0.60044,0.29751,0.49506
159.2,0.60024,0.29741,0.49483
159.3,0.60004,0.2973,0.49459
159.4,0.59983,0.29719,0.49435
159.5,0.59963,0.29709,0.49412
159.6,0.59943,0.29698,0.49388
159.7,0.59923,0.29687,0.49364
159.8,0.59903,0.29677,0.49341
159.9,0.59883,0.29666,0.49317
160,0.59863,0.29655,0.49294
160.1,0.59843,0.29645,0.4927
160.2,0.59823,0.29634,0.49247
160.3,0.59803,0.29623,0.49223
160.4,0.59783,0.29613,0.492
160.5,0.59763,0.29602,0.49176
160.6,0.59744,0.29591,0.49153
160.7,0.59724,0.29581,0.49129
160.8,0.59704,0.2957,0.49106
160.9,0.59684,0.2956,0.49082
161,0.59664,0.29549,0.49059
161.1,0.59645,0.29538,0.49036
161.2,0.59625,0.29528,0.49012
161.3,0.59605,0.29517,0.48989
161.4,0.59586,0.29506,0.48966
161.5,0.59566,0.29496,0.48942
161.6,0.59546,0.29485,0.48919
161.7,0.59527,0.29475,0.48896
161.8,0.59507,0.29464,0.48873
161.9,0.59488,0.29453,0.48849
162,0.59468,0.29443,0.48826
162.1,0.59449,0.29432,0.48803
162.2,0.59429,0.29422,0.4878
162.3,0.5941,0.29411,0.48757
162.4,0.5939,0.294,0.48734
162.5,0.59371,0.2939,0.48711
162.6,0.59352,0.29379,0.48687
162.7,0.59332,0.29369,0.48664
162.8,0.59313,0.29358,0.48641
162.9,0.59293,0.29347,0.48618
163,0.59274,0.29337,0.48595
163.1,0.59255,0.29326,0.48572
163.2,0.59236,0.29315,0.48549
163.3,0.59216,0.29305,0.48526
163.4,0.59197,0.29294,0.48503
163.5,0.59178,0.29284,0.4848
163.6,0.59159,0.29273,0.48458
163.7,0.5914,0.29262,0.48435
163.8,0.59121,0.29252,0.48412
163.9,0.59102,0.29241,0.48389
164,0.59083,0.29231,0.48366
164.1,0.59064,0.2922,0.48343
164.2,0.59045,0.29209,0.48321
164.3,0.59026,0.29199,0.48298
164.4,0.59007,0.29188,0.48275
164.5,0.58989,0.29178,0.48252
164.6,0.5897,0.29167,0.4823
164.7,0.58951,0.29156,0.48207
164.8,0.58932,0.29146,0.48184
164.9,0.58914,0.29135,0.48162
165,0.58895,0.29125,0.48139
165.1,0.58876,0.29114,0.48116
165.2,0.58858,0.29103,0.48094
165.3,0.58839,0.29093,0.48071
165.4,0.5882,0.29082,0.48049
165.5,0.58802,0.29072,0.48026
165.6,0.58783,0.29061,0.48003
165.7,0.58765,0.2905,0.47981
165.8,0.58746,0.2904,0.47958
165.9,0.58728,0.29029,0.47936
166,0.58709,0.29018,0.47913
166.1,0.58691,0.29008,0.47891
166.2,0.58672,0.28997,0.47869
166.3,0.58654,0.28987,0.47846
166.4,0.58636,0.28976,0.47824
166.5,0.58617,0.28965,0.47801
166.6,0.58599,0.28955,0.47779
166.7,0.58581,0.28944,0.47757
166.8,0.58562,0.28933,0.47734
166.9,0.58544,0.28923,0.47712
167,0.58526,0.28912,0.4769
167.1,0.58507,0.28901,0.47667
167.2,0.58489,0.28891,0.47645
167.3,0.58471,0.2888,0.47622
167.4,0.58453,0.28869,0.47599
167.5,0.58435,0.28859,0.47577
167.6,0.58417,0.28848,0.47554
167.7,0.58398,0.28837,0.47532
167.8,0.5838,0.28827,0.47509
167.9,0.58362,0.28816,0.47487
168,0.58344,0.28805,0.47464
168.1,0.58326,0.28795,0.47442
168.2,0.58308,0.28784,0.47419
168.3,0.5829,0.28774,0.47397
168.4,0.58272,0.28763,0.47374
168.5,0.58254,0.28753,0.47352
168.6,0.58236,0.28742,0.47329
168.7,0.58218,0.28732,0.47307
168.8,0.582,0.28721,0.47284
168.9,0.58182,0.28711,0.47262
169,0.58164,0.287,0.4724
169.1,0.58146,0.2869,0.47217
169.2,0.58128,0.28679,0.47195
169.3,0.58111,0.28669,0.47172
169.4,0.58093,0.28658,0.4715
169.5,0.58075,0.28648,0.47128
169.6,0.58057,0.28637,0.47105
169.7,0.58039,0.28627,0.47083
169.8,0.58021,0.28616,0.47061
169.9,0.58004,0.28606,0.47038
170,0.57986,0.28595,0.47016
170.1,0.57968,0.28585,0.46994
170.2,0.5795,0.28574,0.46972
170.3,0.57933,0.28564,0.46949
170.4,0.57915,0.28554,0.46927
170.5,0.57897,0.28543,0.46905
170.6,0.5788,0.28533,0.46882
170.7,0.57862,0.28522,0.4686
170.8,0.57845,0.28512,0.46838
170.9,0.57827,0.28501,0.46816
171,0.5781,0.28491,0.46794
171.1,0.57792,0.2848,0.46771
171.2,0.57774,0.2847,0.46749
171.3,0.57757,0.28459,0.46727
171.4,0.57739,0.28449,0.46705
171.5,0.57722,0.28439,0.46683
171.6,0.57704,0.28428,0.4666
171.7,0.57687,0.28418,0.46638
171.8,0.57669,0.28407,0.46616
171.9,0.57652,0.28397,0.46594
172,0.57635,0.28386,0.46572
172.1,0.57617,0.28376,0.4655
172.2,0.576,0.28366,0.46528
172.3,0.57582,0.28355,0.46506
172.4,0.57565,0.28345,0.46484
172.5,0.57548,0.28334,0.46462
172.6,0.5753,0.28324,0.4644
172.7,0.57513,0.28313,0.46417
172.8,0.57496,0.28303,0.46395
172.9,0.57478,0.28293,0.46373
173,0.57461,0.28282,0.46351
173.1,0.57444,0.28272,0.46329
173.2,0.57426,0.28261,0.46307
173.3,0.57409,0.28251,0.46285
173.4,0.57392,0.28241,0.46263
173.5,0.57375,0.2823,0.46241
173.6,0.57357,0.2822,0.4622
173.7,0.5734,0.28209,0.46198
173.8,0.57323,0.28199,0.46176
173.9,0.57306,0.28188,0.46154
174,0.57289,0.28178,0.46132
174.1,0.57271,0.28168,0.4611
174.2,0.57254,0.28157,0.46088
174.3,0.57237,0.28147,0.46066
174.4,0.5722,0.28137,0.46044
174.5,0.57203,0.28126,0.46022
174.6,0.57186,0.28116,0.46001
174.7,0.57169,0.28105,0.45979
174.8,0.57151,0.28095,0.45957
174.9,0.57134,0.28085,0.45935
175,0.57117,0.28074,0.45913
175.1,0.571,0.28064,0.45891
175.2,0.57083,0.28053,0.45869
175.3,0.57066,0.28043,0.45848
175.4,0.57049,0.28033,0.45826
175.5,0.57032,0.28022,0.45804
175.6,0.57015,0.28012,0.45782
175.7,0.56998,0.28002,0.4576
175.8,0.56981,0.27991,0.45739
175.9,0.56964,0.27981,0.45717
176,0.56947,0.2797,0.45695
176.1,0.5693,0.2796,0.45673
176.2,0.56913,0.2795,0.45652
176.3,0.56896,0.27939,0.4563
176.4,0.56879,0.27929,0.45608
176.5,0.56862,0.27919,0.45586
176.6,0.56845,0.27908,0.45565
176.7,0.56828,0.27898,0.45543
176.8,0.56811,0.27888,0.45521
176.9,0.56795,0.27877,0.455
177,0.56779,0.27867,0.45478
177.1,0.56764,0.27856,0.45456
177.2,0.56748,0.27846,0.45434
177.3,0.56732,0.27836,0.45413
177.4,0.56716,0.27825,0.45391
177.5,0.567,0.27815,0.4537
177.6,0.56685,0.27804,0.45348
177.7,0.56669,0.27794,0.45326
177.8,0.56653,0.27783,0.45305
177.9,0.56638,0.27772,0.45283
178,0.56622,0.27762,0.45262
178.1,0.56607,0.27751,0.4524
178.2,0.56592,0.27741,0.45218
178.3,0.56576,0.2773,0.45197
178.4,0.56561,0.27719,0.45175
178.5,0.56546,0.27709,0.45154
178.6,0.56531,0.27698,0.45132
178.7,0.56516,0.27687,0.45111
178.8,0.56501,0.27677,0.45089
178.9,0.56486,0.27666,0.45068
179,0.56471,0.27655,0.45046
179.1,0.56456,0.27645,0.45025
179.2,0.56441,0.27634,0.45003
179.3,0.56426,0.27623,0.44982
179.4,0.56411,0.27613,0.4496
179.5,0.56397,0.27602,0.44939
179.6,0.56382,0.27591,0.44917
179.7,0.56368,0.27581,0.44896
179.8,0.56353,0.2757,0.44874
179.9,0.56339,0.27559,0.44853
180,0.56325,0.27548,0.44832
180.1,0.5631,0.27538,0.4481
180.2,0.56296,0.27527,0.44789
180.3,0.56282,0.27516,0.44767
180.4,0.56268,0.27505,0.44746
180.5,0.56254,0.27495,0.44725
180.6,0.5624,0.27484,0.44703
180.7,0.56226,0.27473,0.44682
180.8,0.56212,0.27462,0.44661
180.9,0.56198,0.27451,0.44639
181,0.56185,0.27441,0.44618
181.1,0.56171,0.2743,0.44597
181.2,0.56158,0.27419,0.44575
181.3,0.56144,0.27408,0.44554
181.4,0.56131,0.27397,0.44533
181.5,0.56117,0.27386,0.44512
181.6,0.56104,0.27375,0.4449
181.7,0.56091,0.27364,0.44469
181.8,0.56078,0.27354,0.44448
181.9,0.56065,0.27343,0.44426
182,0.56051,0.27332,0.44405
182.1,0.56039,0.27321,0.44384
182.2,0.56026,0.2731,0.44363
182.3,0.56013,0.27299,0.44342
182.4,0.56,0.27288,0.4432
182.5,0.55988,0.27277,0.44299
182.6,0.55975,0.27266,0.44278
182.7,0.55962,0.27255,0.44257
182.8,0.5595,0.27244,0.44237
182.9,0.55938,0.27233,0.44216
183,0.55925,0.27222,0.44195
183.1,0.55913,0.27211,0.44174
183.2,0.55901,0.272,0.44153
183.3,0.55889,0.27189,0.44132
183.4,0.55878,0.27178,0.44112
183.5,0.55866,0.27167,0.44091
183.6,0.55855,0.27156,0.4407
183.7,0.55843,0.27145,0.44049
183.8,0.55832,0.27134,0.44028
183.9,0.55821,0.27122,0.44008
184,0.5581,0.27111,0.43987
184.1,0.55799,0.271,0.43966
184.2,0.55789,0.27089,0.43946
184.3,0.55778,0.27078,0.43925
184.4,0.55767,0.27067,0.43904
184.5,0.55757,0.27056,0.43883
184.6,0.55746,0.27044,0.43863
184.7,0.55736,0.27033,0.43842
184.8,0.55726,0.27022,0.43822
184.9,0.55716,0.27011,0.43801
185,0.55706,0.26999,0.4378
185.1,0.55696,0.26988,0.4376
185.2,0.55686,0.26977,0.43739
185.3,0.55677,0.26966,0.43718
185.4,0.55667,0.26954,0.43698
185.5,0.55658,0.26943,0.43677
185.6,0.55648,0.26932,0.43657
185.7,0.55639,0.2692,0.43636
185.8,0.5563,0.26909,0.43616
185.9,0.55621,0.26898,0.43595
186,0.55612,0.26886,0.43575
186.1,0.55603,0.26875,0.43554
186.2,0.55595,0.26864,0.43534
186.3,0.55586,0.26852,0.43513
186.4,0.55578,0.26841,0.43493
186.5,0.5557,0.26829,0.43472
186.6,0.55561,0.26818,0.43452
186.7,0.55553,0.26807,0.43431
186.8,0.55545,0.26795,0.43411
186.9,0.55537,0.26784,0.43391
187,0.5553,0.26772,0.4337
187.1,0.55522,0.26761,0.4335
187.2,0.55515,0.26749,0.43329
187.3,0.55507,0.26738,0.43309
187.4,0.555,0.26726,0.43289
187.5,0.55493,0.26715,0.43268
187.6,0.55486,0.26703,0.43248
187.7,0.55479,0.26692,0.43228
187.8,0.55472,0.2668,0.43207
187.9,0.55466,0.26669,0.43187
188,0.55459,0.26657,0.43167
188.1,0.55453,0.26646,0.43147
188.2,0.55447,0.26634,0.43126
188.3,0.5544,0.26622,0.43106
188.4,0.55434,0.26611,0.43086
188.5,0.55429,0.26599,0.43066
188.6,0.55423,0.26587,0.43045
188.7,0.55417,0.26576,0.43025
188.8,0.55412,0.26564,0.43005
188.9,0.55406,0.26552,0.42985
189,0.55401,0.26541,0.42965
189.1,0.55396,0.26529,0.42945
189.2,0.55391,0.26517,0.42924
189.3,0.55386,0.26505,0.42904
189.4,0.55382,0.26494,0.42884
189.5,0.55377,0.26482,0.42864
189.6,0.55373,0.2647,0.42844
189.7,0.55369,0.26458,0.42824
189.8,0.55364,0.26446,0.42804
189.9,0.5536,0.26435,0.42784
190,0.55357,0.26423,0.42764
190.1,0.55353,0.26411,0.42744
190.2,0.55349,0.26399,0.42724
190.3,0.55346,0.26387,0.42704
190.4,0.55343,0.26375,0.42684
190.5,0.55339,0.26363,0.42664
190.6,0.55336,0.26351,0.42644
190.7,0.55333,0.26339,0.42624
190.8,0.55329,0.26328,0.42604
190.9,0.55325,0.26316,0.42584
191,0.55321,0.26304,0.42564
191.1,0.55318,0.26292,0.42544
191.2,0.55314,0.2628,0.42524
191.3,0.5531,0.26267,0.42504
191.4,0.55307,0.26255,0.42484
191.5,0.55304,0.26243,0.42464
191.6,0.553,0.26231,0.42444
191.7,0.55297,0.26219,0.42424
191.8,0.55294,0.26207,0.42405
191.9,0.55291,0.26195,0.42385
192,0.55288,0.26183,0.42365
192.1,0.55285,0.26171,0.42345
192.2,0.55283,0.26158,0.42325
192.3,0.5528,0.26146,0.42306
192.4,0.55278,0.26134,0.42286
192.5,0.55275,0.26122,0.42266
192.6,0.55273,0.2611,0.42246
192.7,0.55271,0.26097,0.42227
192.8,0.55268,0.26085,0.42207
192.9,0.55266,0.26073,0.42187
193,0.55264,0.2606,0.42167
193.1,0.55263,0.26048,0.42148
193.2,0.55261,0.26036,0.42128
193.3,0.55259,0.26023,0.42108
193.4,0.55258,0.26011,0.42089
193.5,0.55256,0.25999,0.42069
193.6,0.55255,0.25986,0.42049
193.7,0.55253,0.25974,0.4203
193.8,0.55252,0.25961,0.4201
193.9,0.55251,0.25949,0.4199
194,0.5525,0.25936,0.41971
194.1,0.55249,0.25924,0.41951
194.2,0.55248,0.25911,0.41932
194.3,0.55247,0.25899,0.41912
194.4,0.55247,0.25886,0.41893
194.5,0.55246,0.25874,0.41873
194.6,0.55246,0.25861,0.41853
194.7,0.55245,0.25849,0.41834
194.8,0.55245,0.25836,0.41814
194.9,0.55245,0.25823,0.41795
195,0.55245,0.25811,0.41775
195.1,0.55245,0.25798,0.41756
195.2,0.55245,0.25785,0.41737
195.3,0.55245,0.25773,0.41717
195.4,0.55245,0.2576,0.41698
195.5,0.55246,0.25747,0.41678
195.6,0.55246,0.25734,0.41659
195.7,0.55247,0.25722,0.41639
195.8,0.55247,0.25709,0.4162
195.9,0.55248,0.25697,0.41601
196,0.55249,0.25684,0.41581
196.1,0.5525,0.25672,0.41562
196.2,0.55251,0.25659,0.41542
196.3,0.55252,0.25646,0.41523
196.4,0.55253,0.25634,0.41504
196.5,0.55254,0.25621,0.41485
196.6,0.55256,0.25609,0.41465
196.7,0.55257,0.25596,0.41446
196.8,0.55259,0.25583,0.41427
196.9,0.5526,0.25571,0.41407
197,0.55262,0.25558,0.41388
197.1,0.55264,0.25545,0.41369
197.2,0.55266,0.25533,0.4135
197.3,0.55268,0.2552,0.4133
197.4,0.5527,0.25507,0.41311
197.5,0.55272,0.25495,0.41292
197.6,0.55275,0.25482,0.41273
197.7,0.55277,0.25469,0.41254
197.8,0.5528,0.25456,0.41234
197.9,0.55282,0.25444,0.41215
198,0.55285,0.25431,0.41196
198.1,0.55287,0.25418,0.41177
198.2,0.55289,0.25405,0.41158
198.3,0.55291,0.25392,0.41139
198.4,0.55293,0.2538,0.4112
198.5,0.55295,0.25367,0.41101
198.6,0.55297,0.25354,0.41081
198.7,0.553,0.25341,0.41062
198.8,0.55302,0.25328,0.41043
198.9,0.55304,0.25316,0.41024
199,0.55307,0.25303,0.41005
199.1,0.55309,0.2529,0.40986
199.2,0.55312,0.25277,0.40967
199.3,0.55314,0.25264,0.40948
199.4,0.55317,0.25251,0.40929
199.5,0.5532,0.25238,0.4091
199.6,0.55322,0.25225,0.40891
199.7,0.55325,0.25212,0.40872
199.8,0.55328,0.25199,0.40853
199.9,0.55331,0.25187,0.40834
200,0.55334,0.25174,0.40816
200.1,0.55337,0.25161,0.40797
200.2,0.5534,0.25148,0.40778
200.3,0.55343,0.25135,0.40759
200.4,0.55346,0.25122,0.4074
200.5,0.55349,0.25109,0.40721
200.6,0.55352,0.25096,0.40702
200.7,0.55356,0.25083,0.40683
200.8,0.55359,0.2507,0.40665
200.9,0.55362,0.25057,0.40646
201,0.55366,0.25044,0.40627
201.1,0.55369,0.2503,0.40608
201.2,0.55373,0.25017,0.40589
201.3,0.55376,0.25004,0.40571
201.4,0.5538,0.24991,0.40552
201.5,0.55383,0.24978,0.40533
201.6,0.55387,0.24965,0.40514
201.7,0.55391,0.24952,0.40496
201.8,0.55394,0.24939,0.40477
201.9,0.55398,0.24926,0.40458
202,0.55402,0.24913,0.4044
202.1,0.55406,0.24899,0.40421
202.2,0.5541,0.24886,0.40402
202.3,0.55413,0.24873,0.40384
202.4,0.55417,0.2486,0.40365
202.5,0.55421,0.24847,0.40346
202.6,0.55425,0.24834,0.40328
202.7,0.5543,0.2482,0.40309
202.8,0.55434,0.24807,0.4029
202.9,0.55438,0.24794,0.40272
203,0.55442,0.24781,0.40253
203.1,0.55446,0.24767,0.40235
203.2,0.5545,0.24754,0.40216
203.3,0.55455,0.24741,0.40198
203.4,0.55459,0.24728,0.40179
203.5,0.55463,0.24714,0.40161
203.6,0.55468,0.24701,0.40142
203.7,0.55472,0.24688,0.40124
203.8,0.55476,0.24675,0.40105
203.9,0.55481,0.24661,0.40087
204,0.55485,0.24648,0.40068
204.1,0.5549,0.24635,0.4005
204.2,0.55495,0.24621,0.40031
204.3,0.55499,0.24608,0.40013
204.4,0.55504,0.24595,0.39994
204.5,0.55508,0.24581,0.39976
204.6,0.55513,0.24568,0.39958
204.7,0.55518,0.24555,0.39939
204.8,0.55522,0.24541,0.39921
204.9,0.55527,0.24528,0.39902
205,0.55532,0.24515,0.39884
205.1,0.55537,0.24502,0.39866
205.2,0.55541,0.24489,0.39847
205.3,0.55546,0.24476,0.39829
205.4,0.55551,0.24463,0.39811
205.5,0.55556,0.2445,0.39792
205.6,0.55561,0.24437,0.39774
205.7,0.55566,0.24424,0.39756
205.8,0.55571,0.24411,0.39738
205.9,0.55576,0.24397,0.39719
206,0.55581,0.24384,0.397
206.1,0.55586,0.24371,0.39681
206.2,0.55591,0.24358,0.39663
206.3,0.55597,0.24345,0.39644
206.4,0.55602,0.24332,0.39625
206.5,0.55607,0.24319,0.39607
206.6,0.55612,0.24306,0.39588
206.7,0.55617,0.24293,0.39569
206.8,0.55623,0.2428,0.39551
206.9,0.55628,0.24267,0.39532
207,0.55633,0.24253,0.39513
207.1,0.55638,0.2424,0.39495
207.2,0.55644,0.24227,0.39476
207.3,0.55649,0.24214,0.39457
207.4,0.55654,0.24201,0.39439
207.5,0.5566,0.24188,0.3942
207.6,0.55665,0.24175,0.39401
207.7,0.55671,0.24161,0.39383
207.8,0.55676,0.24148,0.39364
207.9,0.55681,0.24135,0.39345
208,0.55687,0.24122,0.39327
208.1,0.55692,0.24109,0.39308
208.2,0.55698,0.24096,0.3929
208.3,0.55703,0.24082,0.39271
208.4,0.55709,0.24069,0.39252
208.5,0.55714,0.24056,0.39234
208.6,0.5572,0.24043,0.39215
208.7,0.55725,0.2403,0.39197
208.8,0.55731,0.24016,0.39178
208.9,0.55736,0.24003,0.3916
209,0.55742,0.2399,0.39141
209.1,0.55748,0.23977,0.39122
209.2,0.55753,0.23963,0.39104
209.3,0.55759,0.2395,0.39085
209.4,0.55764,0.23937,0.39067
209.5,0.5577,0.23924,0.39048
209.6,0.55776,0.2391,0.3903
209.7,0.55781,0.23897,0.39011
209.8,0.55787,0.23884,0.38993
209.9,0.55792,0.23871,0.38974
210,0.55798,0.23857,0.38956
210.1,0.55804,0.23844,0.38937
210.2,0.55809,0.23831,0.38919
210.3,0.55815,0.23818,0.389
210.4,0.55821,0.23804,0.38882
210.5,0.55826,0.23791,0.38863
210.6,0.55832,0.23778,0.38845
210.7,0.55838,0.23764,0.38826
210.8,0.55843,0.23751,0.38808
210.9,0.55849,0.23738,0.3879
211,0.55855,0.23724,0.38771
211.1,0.5586,0.23711,0.38753
211.2,0.55866,0.23698,0.38734
211.3,0.55872,0.23684,0.38716
211.4,0.55877,0.23671,0.38698
211.5,0.55883,0.23658,0.38679
211.6,0.55889,0.23644,0.38661
211.7,0.55894,0.23631,0.38642
211.8,0.559,0.23618,0.38624
211.9,0.55906,0.23604,0.38606
212,0.55911,0.23591,0.38587
212.1,0.55917,0.23578,0.38569
212.2,0.55923,0.23564,0.3855
212.3,0.55928,0.23551,0.38532
212.4,0.55934,0.23537,0.38514
212.5,0.5594,0.23524,0.38495
212.6,0.55945,0.23511,0.38477
212.7,0.55951,0.23497,0.38459
212.8,0.55957,0.23484,0.3844
212.9,0.55963,0.2347,0.38422
213,0.55969,0.23457,0.38404
213.1,0.55975,0.23444,0.38385
213.2,0.55981,0.2343,0.38367
213.3,0.55987,0.23417,0.38349
213.4,0.55993,0.23403,0.38331
213.5,0.55999,0.2339,0.38312
213.6,0.56005,0.23376,0.38294
213.7,0.56011,0.23363,0.38276
213.8,0.56017,0.2335,0.38257
213.9,0.56024,0.23336,0.38239
214,0.5603,0.23323,0.38221
214.1,0.56036,0.23309,0.38203
214.2,0.56042,0.23296,0.38184
214.3,0.56048,0.23282,0.38166
214.4,0.56054,0.23269,0.38148
214.5,0.56061,0.23255,0.3813
214.6,0.56067,0.23242,0.38112
214.7,0.56073,0.23228,0.38093
214.8,0.56079,0.23215,0.38075
214.9,0.56085,0.23201,0.38057
215,0.56091,0.23188,0.38039
215.1,0.56098,0.23174,0.38021
215.2,0.56104,0.23161,0.38002
215.3,0.5611,0.23147,0.37984
215.4,0.56116,0.23134,0.37966
215.5,0.56123,0.2312,0.37948
215.6,0.56129,0.23107,0.3793
215.7,0.56135,0.23093,0.37912
215.8,0.56141,0.2308,0.37893
215.9,0.56147,0.23066,0.37875
216,0.56154,0.23052,0.37857
216.1,0.5616,0.23039,0.37839
216.2,0.56166,0.23025,0.37821
216.3,0.56172,0.23012,0.37803
216.4,0.56179,0.22998,0.37785
216.5,0.56185,0.22985,0.37767
216.6,0.56191,0.22971,0.37748
216.7,0.56197,0.22957,0.3773
216.8,0.56204,0.22944,0.37712
216.9,0.5621,0.2293,0.37694
217,0.56216,0.22917,0.37676
217.1,0.56223,0.22903,0.37658
217.2,0.56229,0.22889,0.3764
217.3,0.56235,0.22876,0.37622
217.4,0.56241,0.22862,0.37604
217.5,0.56248,0.22848,0.37586
217.6,0.56254,0.22835,0.37568
217.7,0.5626,0.22821,0.3755
217.8,0.56266,0.22808,0.37532
217.9,0.56273,0.22794,0.37514
218,0.56279,0.2278,0.37496
218.1,0.56285,0.22767,0.37478
218.2,0.56291,0.22753,0.3746
218.3,0.56298,0.22739,0.37442
218.4,0.56304,0.22726,0.37424
218.5,0.5631,0.22712,0.37406
218.6,0.56316,0.22698,0.37388
218.7,0.56323,0.22685,0.3737
218.8,0.56329,0.22671,0.37352
218.9,0.56335,0.22657,0.37334
219,0.56341,0.22643,0.37316
219.1,0.56348,0.2263,0.37298
219.2,0.56354,0.22616,0.3728
219.3,0.5636,0.22602,0.37262
219.4,0.56366,0.22589,0.37244
219.5,0.56373,0.22575,0.37226
219.6,0.56379,0.22561,0.37208
219.7,0.56385,0.22547,0.3719
219.8,0.56391,0.22534,0.37172
219.9,0.56397,0.2252,0.37154
220,0.56404,0.22506,0.37137
220.1,0.5641,0.22492,0.37119
220.2,0.56416,0.22479,0.37101
220.3,0.56423,0.22465,0.37083
220.4,0.56429,0.22451,0.37065
220.5,0.56436,0.22438,0.37047
220.6,0.56443,0.22424,0.37029
220.7,0.56449,0.22411,0.37011
220.8,0.56456,0.22397,0.36994
220.9,0.56462,0.22384,0.36976
221,0.56469,0.2237,0.36958
221.1,0.56476,0.22356,0.3694
221.2,0.56482,0.22343,0.36922
221.3,0.56489,0.22329,0.36904
221.4,0.56496,0.22316,0.36887
221.5,0.56502,0.22302,0.36869
221.6,0.56509,0.22289,0.36851
221.7,0.56516,0.22275,0.36833
221.8,0.56522,0.22262,0.36815
221.9,0.56529,0.22248,0.36798
222,0.56536,0.22235,0.3678
222.1,0.56542,0.22221,0.36762
222.2,0.56549,0.22208,0.36744
222.3,0.56556,0.22194,0.36727
222.4,0.56562,0.2218,0.36709
222.5,0.56569,0.22167,0.36691
222.6,0.56576,0.22153,0.36673
222.7,0.56582,0.2214,0.36656
222.8,0.56589,0.22126,0.36638
222.9,0.56596,0.22113,0.3662
223,0.56603,0.22099,0.36602
223.1,0.56609,0.22086,0.36585
223.2,0.56616,0.22072,0.36567
223.3,0.56623,0.22058,0.36549
223.4,0.56629,0.22045,0.36532
223.5,0.56636,0.22031,0.36514
223.6,0.56643,0.22018,0.36496
223.7,0.5665,0.22004,0.36479
223.8,0.56656,0.21991,0.36461
223.9,0.56663,0.21977,0.36443
224,0.5667,0.21963,0.36425
224.1,0.56677,0.2195,0.36407
224.2,0.56683,0.21936,0.36389
224.3,0.5669,0.21923,0.36371
224.4,0.56697,0.21909,0.36353
224.5,0.56704,0.21896,0.36335
224.6,0.5671,0.21882,0.36317
224.7,0.56717,0.21868,0.36299
224.8,0.56724,0.21855,0.36281
224.9,0.56731,0.21841,0.36263
225,0.56737,0.21828,0.36245
225.1,0.56744,0.21814,0.36227
225.2,0.56751,0.218,0.36209
225.3,0.56758,0.21787,0.36191
225.4,0.56765,0.21773,0.36173
225.5,0.56771,0.2176,0.36155
225.6,0.56778,0.21746,0.36137
225.7,0.56785,0.21732,0.36119
225.8,0.56792,0.21719,0.36101
225.9,0.56798,0.21705,0.36083
226,0.56805,0.21692,0.36065
226.1,0.56812,0.21678,0.36047
226.2,0.56819,0.21664,0.36029
226.3,0.56826,0.21651,0.36011
226.4,0.56832,0.21637,0.35993
226.5,0.56839,0.21624,0.35975
226.6,0.56846,0.2161,0.35957
226.7,0.56853,0.21596,0.35939
226.8,0.56859,0.21583,0.35921
226.9,0.56866,0.21569,0.35903
227,0.56873,0.21555,0.35885
227.1,0.5688,0.21542,0.35867
227.2,0.56887,0.21528,0.35849
227.3,0.56893,0.21515,0.35831
227.4,0.569,0.21501,0.35813
227.5,0.56907,0.21487,0.35795
227.6,0.56914,0.21474,0.35777
227.7,0.56921,0.2146,0.35759
227.8,0.56927,0.21446,0.35741
227.9,0.56934,0.21433,0.35723
228,0.56941,0.21419,0.35705
228.1,0.56948,0.21406,0.35687
228.2,0.56955,0.21392,0.35669
228.3,0.56961,0.21378,0.35651
228.4,0.56968,0.21365,0.35634
228.5,0.56975,0.21351,0.35616
228.6,0.56982,0.21337,0.35598
228.7,0.56988,0.21324,0.3558
228.8,0.56995,0.2131,0.35562
228.9,0.57002,0.21296,0.35544
229,0.57009,0.21283,0.35526
229.1,0.57016,0.21269,0.35508
229.2,0.57022,0.21255,0.3549
229.3,0.57029,0.21242,0.35472
229.4,0.57036,0.21228,0.35454
229.5,0.57043,0.21214,0.35436
229.6,0.57049,0.21201,0.35418
229.7,0.57056,0.21187,0.354
229.8,0.57063,0.21173,0.35382
229.9,0.5707,0.2116,0.35364
230,0.57077,0.21146,0.35346
230.1,0.57084,0.21132,0.35328
230.2,0.57091,0.21119,0.3531
230.3,0.57098,0.21105,0.35293
230.4,0.57105,0.21091,0.35275
230.5,0.57112,0.21078,0.35257
230.6,0.57119,0.21064,0.35239
230.7,0.57126,0.2105,0.35221
230.8,0.57133,0.21037,0.35203
230.9,0.57139,0.21023,0.35185
231,0.57146,0.21009,0.35167
231.1,0.57153,0.20996,0.35149
231.2,0.5716,0.20982,0.35131
231.3,0.57167,0.20968,0.35113
231.4,0.57174,0.20955,0.35095
231.5,0.57181,0.20941,0.35077
231.6,0.57188,0.20927,0.3506
231.7,0.57195,0.20914,0.35042
231.8,0.57203,0.209,0.35024
231.9,0.5721,0.20886,0.35006
232,0.57217,0.20872,0.34988
232.1,0.57224,0.20859,0.3497
232.2,0.57231,0.20845,0.34952
232.3,0.57238,0.20831,0.34934
232.4,0.57245,0.20818,0.34916
232.5,0.57252,0.20804,0.34898
232.6,0.57259,0.2079,0.34881
232.7,0.57266,0.20776,0.34863
232.8,0.57273,0.20763,0.34845
232.9,0.5728,0.20749,0.34827
233,0.57287,0.20735,0.34809
233.1,0.57294,0.20722,0.34791
233.2,0.57301,0.20708,0.34773
233.3,0.57308,0.20694,0.34755
233.4,0.57315,0.2068,0.34737
233.5,0.57322,0.20667,0.3472
233.6,0.57329,0.20653,0.34702
233.7,0.57336,0.20639,0.34684
233.8,0.57343,0.20626,0.34666
233.9,0.5735,0.20612,0.34648
234,0.57357,0.20598,0.3463
234.1,0.57365,0.20584,0.34612
234.2,0.57372,0.20571,0.34594
234.3,0.57379,0.20557,0.34576
234.4,0.57386,0.20543,0.34559
234.5,0.57393,0.20529,0.34541
234.6,0.574,0.20516,0.34523
234.7,0.57407,0.20502,0.34505
234.8,0.57414,0.20488,0.34487
234.9,0.57421,0.20474,0.34469
235,0.57428,0.20461,0.34451
235.1,0.57435,0.20447,0.34434
235.2,0.57442,0.20433,0.34416
235.3,0.57449,0.20419,0.34398
235.4,0.57457,0.20406,0.3438
235.5,0.57464,0.20392,0.34362
235.6,0.57471,0.20378,0.34344
235.7,0.57478,0.20364,0.34326
235.8,0.57485,0.20351,0.34309
235.9,0.57492,0.20337,0.34291
236,0.57499,0.20323,0.34273
236.1,0.57506,0.20309,0.34255
236.2,0.57513,0.20296,0.34237
236.3,0.5752,0.20282,0.34219
236.4,0.57528,0.20268,0.34201
236.5,0.57535,0.20255,0.34184
236.6,0.57542,0.20241,0.34166
236.7,0.57549,0.20227,0.34148
236.8,0.57556,0.20214,0.3413
236.9,0.57563,0.202,0.34112
237,0.5757,0.20186,0.34094
237.1,0.57577,0.20172,0.34077
237.2,0.57584,0.20159,0.34059
237.3,0.57592,0.20145,0.34041
237.4,0.57599,0.20131,0.34023
237.5,0.57606,0.20118,0.34005
237.6,0.57613,0.20104,0.33987
237.7,0.5762,0.2009,0.3397
237.8,0.57627,0.20076,0.33952
237.9,0.57634,0.20063,0.33934
238,0.57641,0.20049,0.33916
238.1,0.57649,0.20035,0.33898
238.2,0.57656,0.20022,0.33881
238.3,0.57663,0.20008,0.33863
238.4,0.5767,0.19994,0.33845
238.5,0.57677,0.19981,0.33827
238.6,0.57684,0.19967,0.33809
238.7,0.57691,0.19953,0.33792
238.8,0.57699,0.19939,0.33774
238.9,0.57706,0.19926,0.33756
239,0.57713,0.19912,0.33738
239.1,0.5772,0.19898,0.3372
239.2,0.57727,0.19885,0.33702
239.3,0.57734,0.19871,0.33685
239.4,0.57741,0.19857,0.33667
239.5,0.57748,0.19844,0.33649
239.6,0.57756,0.1983,0.33631
239.7,0.57763,0.19816,0.33614
239.8,0.5777,0.19803,0.33596
239.9,0.57777,0.19789,0.33578
240,0.57784,0.19775,0.3356
