0,0.031111,0.021743,0.0087098
0.1,0.062265,0.043486,0.017458
0.2,0.093508,0.06523,0.026254
0.3,0.12488,0.086975,0.035107
0.4,0.15644,0.10872,0.044025
0.5,0.18822,0.13047,0.053018
0.6,0.22027,0.15223,0.062093
0.7,0.25264,0.17399,0.071261
0.8,0.28537,0.19575,0.080529
0.9,0.3185,0.21751,0.089908
1,0.35209,0.23928,0.099405
1.1,0.38618,0.26105,0.10903
1.2,0.42081,0.28282,0.11879
1.3,0.45603,0.3046,0.1287
1.4,0.49187,0.32638,0.13875
1.5,0.52839,0.34817,0.14898
1.6,0.56561,0.36996,0.15937
1.7,0.6036,0.39176,0.16994
1.8,0.64238,0.41357,0.1807
1.9,0.68201,0.43538,0.19165
2,0.7225,0.45719,0.20281
2.1,0.76392,0.47902,0.21419
2.2,0.8063,0.50084,0.22578
2.3,0.84968,0.52268,0.2376
2.4,0.8941,0.54452,0.24966
2.5,0.93959,0.56636,0.26196
2.6,0.9862,0.58822,0.27452
2.7,1.034,0.61009,0.28733
2.8,1.0829,0.63196,0.30042
2.9,1.1331,0.65384,0.31378
3,1.1845,0.67573,0.32743
3.1,1.2372,0.69762,0.34136
3.2,1.2913,0.71952,0.3556
3.3,1.3467,0.74144,0.37014
3.4,1.4036,0.76336,0.385
3.5,1.4618,0.78528,0.40017
3.6,1.5216,0.80722,0.41568
3.7,1.5828,0.82917,0.43152
3.8,1.6456,0.85112,0.44771
3.9,1.7099,0.87309,0.46424
4,1.7759,0.89506,0.48113
4.1,1.8435,0.91705,0.49839
4.2,1.9127,0.93904,0.51602
4.3,1.9836,0.96105,0.53402
4.4,2.0563,0.98306,0.55241
4.5,2.1307,1.0051,0.57119
4.6,2.2069,1.0271,0.59037
4.7,2.285,1.0492,0.60996
4.8,2.3648,1.0712,0.62995
4.9,2.4466,1.0933,0.65037
5,2.5302,1.1154,0.67121
5.1,2.6158,1.1375,0.69248
5.2,2.7033,1.1596,0.71419
5.3,2.7928,1.1817,0.73634
5.4,2.8844,1.2038,0.75894
5.5,2.9779,1.226,0.782
5.6,3.0736,1.2481,0.80552
5.7,3.1713,1.2703,0.82951
5.8,3.2712,1.2925,0.85397
5.9,3.3732,1.3146,0.87892
6,3.4773,1.3369,0.90435
6.1,3.5837,1.3591,0.93027
6.2,3.6923,1.3813,0.95669
6.3,3.8031,1.4035,0.98362
6.4,3.9162,1.4258,1.0111
6.5,4.0316,1.4481,1.039
6.6,4.1493,1.4704,1.0675
6.7,4.2694,1.4927,1.0965
6.8,4.3918,1.515,1.126
6.9,4.5166,1.5373,1.1561
7,4.6438,1.5596,1.1867
7.1,4.7734,1.582,1.2179
7.2,4.9055,1.6044,1.2496
7.3,5.0401,1.6268,1.2819
7.4,5.1771,1.6492,1.3147
7.5,5.3167,1.6716,1.3482
7.6,5.4589,1.694,1.3821
7.7,5.6035,1.7165,1.4167
7.8,5.7508,1.7389,1.4519
7.9,5.9007,1.7614,1.4876
8,6.0532,1.7839,1.524
8.1,6.2083,1.8064,1.5609
8.2,6.3661,1.8289,1.5985
8.3,6.5266,1.8515,1.6367
8.4,6.6897,1.874,1.6755
8.5,6.8556,1.8966,1.7149
8.6,7.0243,1.9192,1.7549
8.7,7.1957,1.9418,1.7956
8.8,7.3698,1.9644,1.8369
8.9,7.5468,1.9871,1.8788
9,7.7266,2.0097,1.9214
9.1,7.9091,2.0324,1.9647
9.2,8.0946,2.0551,2.0085
9.3,8.2829,2.0778,2.0531
9.4,8.4741,2.1005,2.0983
9.5,8.6682,2.1233,2.1442
9.6,8.8652,2.146,2.1908
9.7,9.0651,2.1688,2.238
9.8,9.268,2.1916,2.2859
9.9,9.4738,2.2144,2.3345
10,9.6827,2.2373,2.3838
10.1,9.8945,2.2601,2.4338
10.2,10.109,2.283,2.4845
10.3,10.327,2.3059,2.5359
10.4,10.548,2.3288,2.588
10.5,10.772,2.3517,2.6408
10.6,10.999,2.3746,2.6943
10.7,11.229,2.3976,2.7485
10.8,11.462,2.4206,2.8035
10.9,11.699,2.4436,2.8592
11,11.938,2.4666,2.9156
11.1,12.181,2.4896,2.9728
11.2,12.427,2.5127,3.0307
11.3,12.676,2.5358,3.0893
11.4,12.928,2.5589,3.1487
11.5,13.183,2.582,3.2089
11.6,13.442,2.6051,3.2698
11.7,13.703,2.6283,3.3314
11.8,13.968,2.6515,3.3938
11.9,14.237,2.6747,3.457
12,14.508,2.6979,3.521
12.1,14.783,2.7211,3.5857
12.2,15.061,2.7444,3.6512
12.3,15.343,2.7676,3.7175
12.4,15.627,2.7909,3.7846
12.5,15.915,2.8142,3.8524
12.6,16.207,2.8376,3.9211
12.7,16.501,2.8609,3.9905
12.8,16.8,2.8843,4.0607
12.9,17.101,2.9077,4.1318
13,17.406,2.9311,4.2036
13.1,17.714,2.9546,4.2763
13.2,18.026,2.978,4.3498
13.3,18.341,3.0015,4.4241
13.4,18.659,3.025,4.4992
13.5,18.981,3.0485,4.5751
13.6,19.307,3.0721,4.6518
13.7,19.636,3.0956,4.7294
13.8,19.968,3.1192,4.8078
13.9,20.304,3.1428,4.8871
14,20.643,3.1664,4.9672
14.1,20.986,3.1901,5.0481
14.2,21.332,3.2138,5.1298
14.3,21.682,3.2375,5.2125
14.4,22.035,3.2612,5.2959
14.5,22.392,3.2849,5.3802
14.6,22.753,3.3087,5.4654
14.7,23.117,3.3324,5.5514
14.8,23.484,3.3562,5.6383
14.9,23.855,3.3801,5.7261
15,24.23,3.4039,5.8147
15.1,24.608,3.4278,5.9042
15.2,24.99,3.4517,5.9946
15.3,25.376,3.4756,6.0858
15.4,25.765,3.4995,6.1779
15.5,26.158,3.5235,6.2709
15.6,26.554,3.5474,6.3648
15.7,26.954,3.5714,6.4596
15.8,27.358,3.5955,6.5553
15.9,27.765,3.6195,6.6518
16,28.177,3.6436,6.7493
16.1,28.591,3.6677,6.8476
16.2,29.01,3.6918,6.9469
16.3,29.432,3.7159,7.047
16.4,29.858,3.7401,7.1481
16.5,30.287,3.7643,7.2501
16.6,30.72,3.7885,7.353
16.7,31.157,3.8127,7.4568
16.8,31.598,3.837,7.5615
16.9,32.043,3.8612,7.6671
17,32.491,3.8855,7.7736
17.1,32.943,3.9098,7.8811
17.2,33.398,3.9342,7.9895
17.3,33.858,3.9586,8.0988
17.4,34.321,3.9829,8.2091
17.5,34.788,4.0074,8.3203
17.6,35.259,4.0318,8.4324
17.7,35.733,4.0563,8.5455
17.8,36.212,4.0807,8.6595
17.9,36.694,4.1053,8.7744
18,37.18,4.1298,8.8903
18.1,37.67,4.1543,9.0071
18.2,38.163,4.1789,9.1249
18.3,38.661,4.2035,9.2436
18.4,39.162,4.2281,9.3633
18.5,39.667,4.2528,9.484
18.6,40.176,4.2775,9.6056
18.7,40.689,4.3022,9.7281
18.8,41.206,4.3269,9.8516
18.9,41.726,4.3516,9.9761
19,42.251,4.3764,10.102
19.1,42.779,4.4012,10.228
19.2,43.311,4.426,10.355
19.3,43.847,4.4508,10.484
19.4,44.387,4.4757,10.613
19.5,44.931,4.5006,10.743
19.6,45.479,4.5255,10.875
19.7,46.031,4.5504,11.007
19.8,46.586,4.5754,11.14
19.9,47.146,4.6004,11.274
20,47.709,4.6254,11.41
20.1,48.277,4.6504,11.546
20.2,48.848,4.6754,11.683
20.3,49.423,4.7005,11.821
20.4,50.002,4.7256,11.96
20.5,50.585,4.7508,12.101
20.6,51.172,4.7759,12.242
20.7,51.763,4.8011,12.384
20.8,52.358,4.8263,12.527
20.9,52.957,4.8515,12.671
21,53.56,4.8767,12.816
21.1,54.167,4.902,12.963
21.2,54.778,4.9273,13.11
21.3,55.393,4.9526,13.258
21.4,56.012,4.978,13.407
21.5,56.634,5.0034,13.557
21.6,57.261,5.0288,13.709
21.7,57.892,5.0542,13.861
21.8,58.527,5.0796,14.014
21.9,59.166,5.1051,14.169
22,59.808,5.1306,14.324
22.1,60.455,5.1561,14.48
22.2,61.106,5.1817,14.638
22.3,61.761,5.2072,14.796
22.4,62.42,5.2328,14.955
22.5,63.083,5.2584,15.116
22.6,63.75,5.2841,15.277
22.7,64.421,5.3097,15.44
22.8,65.096,5.3354,15.603
22.9,65.775,5.3612,15.768
23,66.458,5.3869,15.934
23.1,67.145,5.4127,16.1
23.2,67.837,5.4385,16.268
23.3,68.532,5.4643,16.437
23.4,69.231,5.4901,16.606
23.5,69.935,5.516,16.777
23.6,70.642,5.5419,16.949
23.7,71.354,5.5678,17.122
23.8,72.069,5.5938,17.296
23.9,72.789,5.6197,17.471
24,73.513,5.6457,17.647
24.1,74.241,5.6717,17.824
24.2,74.973,5.6978,18.002
24.3,75.709,5.7238,18.182
24.4,76.449,5.7499,18.362
24.5,77.193,5.7761,18.543
24.6,77.942,5.8022,18.726
24.7,78.694,5.8284,18.909
24.8,79.451,5.8546,19.093
24.9,80.211,5.8808,19.279
25,80.976,5.907,19.466
25.1,81.745,5.9333,19.653
25.2,82.518,5.9596,19.842
25.3,83.295,5.9859,20.032
25.4,84.076,6.0123,20.223
25.5,84.862,6.0386,20.415
25.6,85.651,6.065,20.608
25.7,86.445,6.0914,20.802
25.8,87.242,6.1179,20.997
25.9,88.044,6.1444,21.194
26,88.85,6.1709,21.391
26.1,89.661,6.1974,21.589
26.2,90.475,6.2239,21.789
26.3,91.293,6.2505,21.989
26.4,92.116,6.2771,22.191
26.5,92.943,6.3037,22.394
26.6,93.774,6.3304,22.598
26.7,94.609,6.357,22.803
26.8,95.448,6.3837,23.009
26.9,96.291,6.4105,23.216
27,97.139,6.4372,23.424
27.1,97.991,6.464,23.633
27.2,98.847,6.4908,23.843
27.3,99.707,6.5176,24.055
27.4,100.57,6.5445,24.267
27.5,101.44,6.5713,24.481
27.6,102.31,6.5982,24.696
27.7,103.19,6.6252,24.912
27.8,104.07,6.6521,25.128
27.9,104.96,6.6791,25.346
28,105.85,6.7061,25.566
28.1,106.74,6.7331,25.786
28.2,107.64,6.7602,26.007
28.3,108.54,6.7873,26.229
28.4,109.45,6.8144,26.453
28.5,110.36,6.8415,26.678
28.6,111.28,6.8687,26.903
28.7,112.19,6.8958,27.13
28.8,113.12,6.923,27.358
28.9,114.05,6.9503,27.587
29,114.98,6.9775,27.817
29.1,115.92,7.0048,28.048
29.2,116.86,7.0321,28.281
29.3,117.81,7.0595,28.514
29.4,118.76,7.0868,28.749
29.5,119.71,7.1142,28.984
29.6,120.67,7.1417,29.221
29.7,121.63,7.1692,29.459
29.8,122.6,7.1967,29.698
29.9,123.57,7.2243,29.938
30,124.55,7.2519,30.18
30.1,125.53,7.2797,30.422
30.2,126.52,7.3075,30.666
30.3,127.51,7.3355,30.911
30.4,128.5,7.3636,31.156
30.5,129.5,7.392,31.403
30.6,130.5,7.4206,31.652
30.7,131.51,7.4496,31.901
30.8,132.52,7.479,32.152
30.9,133.54,7.5087,32.403
31,134.56,7.539,32.656
31.1,135.59,7.5697,32.91
31.2,136.62,7.601,33.165
31.3,137.65,7.6328,33.422
31.4,138.69,7.6653,33.68
31.5,139.74,7.6985,33.938
31.6,140.79,7.7324,34.198
31.7,141.84,7.7671,34.46
31.8,142.9,7.8025,34.722
31.9,143.96,7.8388,34.986
32,145.03,7.8759,35.251
32.1,146.11,7.914,35.517
32.2,147.18,7.953,35.785
32.3,148.27,7.993,36.053
32.4,149.35,8.034,36.323
32.5,150.45,8.076,36.595
32.6,151.54,8.1192,36.867
32.7,152.64,8.1635,37.141
32.8,153.75,8.2089,37.416
32.9,154.86,8.2556,37.692
33,155.98,8.3034,37.97
33.1,157.1,8.3526,38.249
33.2,158.23,8.403,38.529
33.3,159.36,8.4548,38.811
33.4,160.49,8.508,39.094
33.5,161.64,8.5625,39.378
33.6,162.78,8.6185,39.664
33.7,163.93,8.676,39.951
33.8,165.09,8.7349,40.239
33.9,166.25,8.7954,40.529
34,167.42,8.8575,40.82
34.1,168.59,8.9211,41.112
34.2,169.77,8.9864,41.406
34.3,170.95,9.0533,41.701
34.4,172.14,9.1219,41.997
34.5,173.33,9.1921,42.295
34.6,174.53,9.2642,42.594
34.7,175.74,9.338,42.895
34.8,176.95,9.4136,43.197
34.9,178.16,9.491,43.501
35,179.38,9.5703,43.806
35.1,180.61,9.6515,44.112
35.2,181.84,9.7345,44.42
35.3,183.08,9.8195,44.729
35.4,184.32,9.9065,45.04
35.5,185.57,9.9955,45.352
35.6,186.82,10.086,45.665
35.7,188.08,10.179,45.98
35.8,189.35,10.274,46.297
35.9,190.62,10.372,46.615
36,191.89,10.471,46.934
36.1,193.17,10.572,47.255
36.2,194.46,10.676,47.577
36.3,195.75,10.782,47.901
36.4,197.05,10.889,48.226
36.5,198.36,11,48.553
36.6,199.67,11.112,48.881
36.7,200.98,11.227,49.211
36.8,202.31,11.344,49.542
36.9,203.63,11.463,49.875
37,204.97,11.585,50.209
37.1,206.3,11.709,50.545
37.2,207.65,11.835,50.882
37.3,209,11.964,51.221
37.4,210.36,12.095,51.561
37.5,211.72,12.229,51.903
37.6,213.09,12.365,52.247
37.7,214.46,12.503,52.592
37.8,215.84,12.645,52.938
37.9,217.23,12.788,53.286
38,218.62,12.934,53.636
38.1,220.02,13.083,53.987
38.2,221.42,13.235,54.339
38.3,222.84,13.389,54.694
38.4,224.25,13.545,55.049
38.5,225.67,13.704,55.407
38.6,227.1,13.866,55.766
38.7,228.54,14.031,56.126
38.8,229.98,14.198,56.488
38.9,231.43,14.368,56.852
39,232.88,14.54,57.217
39.1,234.34,14.716,57.584
39.2,235.81,14.894,57.952
39.3,237.28,15.075,58.322
39.4,238.76,15.259,58.694
39.5,240.24,15.445,59.067
39.6,241.73,15.634,59.441
39.7,243.23,15.827,59.818
39.8,244.74,16.022,60.196
39.9,246.25,16.22,60.575
40,247.76,16.42,60.956
40.1,249.29,16.624,61.339
40.2,250.81,16.831,61.724
40.3,252.35,17.04,62.11
40.4,253.89,17.253,62.497
40.5,255.44,17.468,62.887
40.6,256.99,17.687,63.277
40.7,258.55,17.908,63.67
40.8,260.12,18.133,64.064
40.9,261.7,18.36,64.46
41,263.28,18.591,64.857
41.1,264.86,18.824,65.256
41.2,266.46,19.061,65.657
41.3,268.05,19.3,66.06
41.4,269.66,19.543,66.464
41.5,271.27,19.789,66.869
41.6,272.89,20.038,67.277
41.7,274.52,20.29,67.686
41.8,276.15,20.545,68.096
41.9,277.79,20.803,68.509
42,279.43,21.065,68.923
42.1,281.09,21.329,69.338
42.2,282.74,21.597,69.756
42.3,284.41,21.868,70.175
42.4,286.08,22.143,70.595
42.5,287.76,22.42,71.018
42.6,289.44,22.701,71.442
42.7,291.13,22.985,71.868
42.8,292.83,23.272,72.295
42.9,294.54,23.562,72.724
43,296.25,23.856,73.155
43.1,297.97,24.153,73.588
43.2,299.69,24.453,74.022
43.3,301.42,24.757,74.458
43.4,303.16,25.064,74.896
43.5,304.9,25.374,75.335
43.6,306.66,25.687,75.776
43.7,308.41,26.004,76.219
43.8,310.18,26.324,76.664
43.9,311.95,26.648,77.11
44,313.73,26.975,77.558
44.1,315.51,27.305,78.007
44.2,317.3,27.639,78.459
44.3,319.1,27.976,78.912
44.4,320.91,28.317,79.367
44.5,322.72,28.661,79.823
44.6,324.54,29.008,80.282
44.7,326.36,29.359,80.742
44.8,328.19,29.713,81.204
44.9,330.03,30.071,81.667
45,331.88,30.432,82.133
45.1,333.73,30.797,82.6
45.2,335.59,31.165,83.068
45.3,337.46,31.537,83.539
45.4,339.33,31.912,84.011
45.5,341.21,32.29,84.485
45.6,343.09,32.672,84.961
45.7,344.99,33.058,85.439
45.8,346.89,33.447,85.918
45.9,348.79,33.84,86.399
46,350.71,34.236,86.882
46.1,352.63,34.636,87.367
46.2,354.55,35.04,87.853
46.3,356.49,35.446,88.341
46.4,358.43,35.857,88.831
46.5,360.37,36.271,89.323
46.6,362.33,36.689,89.816
46.7,364.29,37.11,90.312
46.8,366.26,37.535,90.809
46.9,368.23,37.964,91.308
47,370.21,38.396,91.808
47.1,372.2,38.832,92.311
47.2,374.2,39.271,92.815
47.3,376.2,39.714,93.321
47.4,378.21,40.161,93.829
47.5,380.23,40.611,94.338
47.6,382.25,41.065,94.849
47.7,384.28,41.523,95.363
47.8,386.32,41.984,95.878
47.9,388.36,42.449,96.394
48,390.41,42.918,96.913
48.1,392.47,43.39,97.433
48.2,394.53,43.866,97.955
48.3,396.6,44.346,98.479
48.4,398.68,44.83,99.005
48.5,400.77,45.317,99.533
48.6,402.86,45.808,100.06
48.7,404.96,46.302,100.59
48.8,407.06,46.801,101.13
48.9,409.18,47.303,101.66
49,411.3,47.809,102.2
49.1,413.42,48.318,102.74
49.2,415.56,48.832,103.28
49.3,417.7,49.349,103.82
49.4,419.84,49.869,104.36
49.5,422,50.394,104.91
49.6,424.16,50.922,105.46
49.7,426.33,51.455,106.01
49.8,428.5,51.991,106.56
49.9,430.69,52.53,107.11
50,432.87,53.074,107.67
50.1,435.07,53.621,108.22
50.2,437.27,54.172,108.78
50.3,439.48,54.727,109.34
50.4,441.7,55.286,109.9
50.5,443.92,55.848,110.47
50.6,446.16,56.415,111.03
50.7,448.39,56.985,111.6
50.8,450.64,57.559,112.17
50.9,452.89,58.137,112.74
51,455.15,58.718,113.32
51.1,457.42,59.304,113.89
51.2,459.69,59.893,114.47
51.3,461.97,60.486,115.05
51.4,464.26,61.083,115.63
51.5,466.55,61.684,116.21
51.6,468.85,62.289,116.79
51.7,471.16,62.898,117.38
51.8,473.47,63.51,117.97
51.9,475.8,64.127,118.56
52,478.12,64.747,119.15
52.1,480.46,65.371,119.74
52.2,482.8,65.999,120.34
52.3,485.15,66.631,120.94
52.4,487.51,67.266,121.54
52.5,489.88,67.906,122.14
52.6,492.25,68.55,122.74
52.7,494.62,69.197,123.35
52.8,497.01,69.848,123.95
52.9,499.4,70.504,124.56
53,501.8,71.163,125.17
53.1,504.21,71.826,125.78
53.2,506.62,72.493,126.4
53.3,509.04,73.164,127.02
53.4,511.47,73.839,127.63
53.5,513.9,74.517,128.25
53.6,516.35,75.2,128.87
53.7,518.79,75.887,129.5
53.8,521.25,76.577,130.12
53.9,523.71,77.272,130.75
54,526.18,77.97,131.38
54.1,528.66,78.673,132.01
54.2,531.14,79.379,132.65
54.3,533.63,80.089,133.28
54.4,536.13,80.803,133.92
54.5,538.64,81.522,134.56
54.6,541.15,82.244,135.2
54.7,543.67,82.97,135.84
54.8,546.19,83.7,136.48
54.9,548.73,84.434,137.13
55,551.27,85.172,137.78
55.1,553.81,85.914,138.43
55.2,556.37,86.66,139.08
55.3,558.93,87.41,139.73
55.4,561.5,88.164,140.39
55.5,564.07,88.922,141.05
55.6,566.66,89.683,141.71
55.7,569.25,90.449,142.37
55.8,571.84,91.219,143.03
55.9,574.45,91.993,143.7
56,577.06,92.771,144.36
56.1,579.68,93.553,145.03
56.2,582.3,94.338,145.7
56.3,584.93,95.128,146.38
56.4,587.57,95.922,147.05
56.5,590.22,96.72,147.73
56.6,592.87,97.522,148.41
56.7,595.53,98.328,149.09
56.8,598.2,99.137,149.77
56.9,600.88,99.951,150.45
57,603.56,100.77,151.14
57.1,606.25,101.59,151.83
57.2,608.95,102.42,152.52
57.3,611.65,103.25,153.21
57.4,614.36,104.08,153.9
57.5,617.08,104.92,154.6
57.6,619.8,105.76,155.3
57.7,622.53,106.61,156
57.8,625.27,107.46,156.7
57.9,628.02,108.31,157.4
58,630.77,109.17,158.11
58.1,633.53,110.03,158.81
58.2,636.3,110.9,159.52
58.3,639.08,111.77,160.24
58.4,641.86,112.64,160.95
58.5,644.65,113.52,161.66
58.6,647.44,114.4,162.38
58.7,650.25,115.29,163.1
58.8,653.06,116.18,163.82
58.9,655.87,117.07,164.54
59,658.7,117.97,165.27
59.1,661.53,118.88,165.99
59.2,664.37,119.78,166.72
59.3,667.22,120.69,167.45
59.4,670.07,121.6,168.18
59.5,672.93,122.52,168.92
59.6,675.8,123.44,169.65
59.7,678.67,124.37,170.39
59.8,681.55,125.3,171.13
59.9,684.44,126.23,171.87
60,687.33,127.17,172.62
60.1,690.24,128.11,173.36
60.2,693.15,129.05,174.11
60.3,696.06,130,174.86
60.4,698.98,130.95,175.61
60.5,701.91,131.91,176.36
60.6,704.85,132.87,177.12
60.7,707.79,133.83,177.88
60.8,710.74,134.8,178.63
60.9,713.69,135.77,179.39
61,716.65,136.74,180.16
61.1,719.62,137.72,180.92
61.2,722.6,138.7,181.68
61.3,725.58,139.68,182.45
61.4,728.56,140.67,183.22
61.5,731.55,141.66,183.99
61.6,734.55,142.66,184.76
61.7,737.55,143.65,185.54
61.8,740.56,144.65,186.31
61.9,743.57,145.66,187.09
62,746.59,146.67,187.87
62.1,749.62,147.68,188.65
62.2,752.64,148.69,189.43
62.3,755.68,149.71,190.21
62.4,758.72,150.73,191
62.5,761.76,151.75,191.78
62.6,764.81,152.78,192.57
62.7,767.86,153.81,193.36
62.8,770.92,154.84,194.15
62.9,773.98,155.87,194.94
63,777.05,156.91,195.74
63.1,780.12,157.95,196.53
63.2,783.2,158.99,197.33
63.3,786.28,160.04,198.12
63.4,789.36,161.09,198.92
63.5,792.45,162.14,199.72
63.6,795.54,163.19,200.53
63.7,798.63,164.25,201.33
63.8,801.73,165.3,202.13
63.9,804.83,166.36,202.94
64,807.94,167.43,203.75
64.1,811.05,168.49,204.55
64.2,814.16,169.56,205.36
64.3,817.27,170.63,206.17
64.4,820.39,171.7,206.99
64.5,823.51,172.78,207.8
64.6,826.63,173.86,208.61
64.7,829.76,174.94,209.43
64.8,832.89,176.02,210.24
64.9,836.02,177.1,211.06
65,839.15,178.19,211.88
65.1,842.29,179.27,212.7
65.2,845.43,180.36,213.52
65.3,848.57,181.46,214.34
65.4,851.72,182.55,215.16
65.5,854.86,183.64,215.99
65.6,858.01,184.74,216.81
65.7,861.16,185.84,217.64
65.8,864.31,186.94,218.46
65.9,867.47,188.04,219.29
66,870.62,189.15,220.12
66.1,873.78,190.25,220.95
66.2,876.94,191.36,221.78
66.3,880.1,192.47,222.61
66.4,883.27,193.58,223.44
66.5,886.43,194.69,224.27
66.6,889.6,195.8,225.11
66.7,892.77,196.92,225.94
66.8,895.94,198.04,226.78
66.9,899.11,199.15,227.61
67,902.28,200.27,228.45
67.1,905.46,201.39,229.28
67.2,908.63,202.52,230.12
67.3,911.81,203.64,230.96
67.4,914.99,204.76,231.8
67.5,918.16,205.89,232.64
67.6,921.35,207.02,233.48
67.7,924.53,208.15,234.32
67.8,927.71,209.28,235.16
67.9,930.89,210.41,236.01
68,934.08,211.54,236.85
68.1,937.26,212.67,237.69
68.2,940.45,213.81,238.54
68.3,943.64,214.94,239.38
68.4,946.82,216.08,240.23
68.5,950.01,217.22,241.08
68.6,953.2,218.35,241.92
68.7,956.39,219.49,242.77
68.8,959.58,220.63,243.62
68.9,962.77,221.78,244.47
69,965.96,222.92,245.32
69.1,969.16,224.06,246.17
69.2,972.35,225.21,247.02
69.3,975.54,226.35,247.87
69.4,978.74,227.5,248.72
69.5,981.93,228.64,249.57
69.6,985.13,229.79,250.42
69.7,988.32,230.94,251.27
69.8,991.51,232.09,252.12
69.9,994.71,233.24,252.98
70,997.9,234.39,253.83
70.1,1001.1,235.54,254.69
70.2,1004.3,236.69,255.54
70.3,1007.5,237.84,256.4
70.4,1010.7,239,257.25
70.5,1013.9,240.15,258.11
70.6,1017.1,241.31,258.96
70.7,1020.3,242.46,259.82
70.8,1023.5,243.62,260.68
70.9,1026.7,244.77,261.53
71,1029.9,245.93,262.39
71.1,1033,247.09,263.25
71.2,1036.2,248.25,264.11
71.3,1039.4,249.41,264.97
71.4,1042.6,250.56,265.82
71.5,1045.8,251.72,266.68
71.6,1049,252.88,267.54
71.7,1052.2,254.05,268.4
71.8,1055.4,255.21,269.26
71.9,1058.6,256.37,270.12
72,1061.8,257.53,270.98
72.1,1065,258.69,271.84
72.2,1068.2,259.86,272.71
72.3,1071.4,261.02,273.57
72.4,1074.5,262.18,274.43
72.5,1077.7,263.35,275.29
72.6,1080.9,264.51,276.15
72.7,1084.1,265.68,277.01
72.8,1087.3,266.84,277.88
72.9,1090.5,268.01,278.74
73,1093.7,269.17,279.6
73.1,1096.8,270.34,280.47
73.2,1100,271.5,281.33
73.3,1103.2,272.67,282.19
73.4,1106.4,273.84,283.06
73.5,1109.6,275,283.92
73.6,1112.8,276.17,284.78
73.7,1115.9,277.34,285.65
73.8,1119.1,278.51,286.51
73.9,1122.3,279.68,287.38
74,1125.5,280.84,288.24
74.1,1128.6,282.01,289.11
74.2,1131.8,283.18,289.97
74.3,1135,284.35,290.84
74.4,1138.1,285.52,291.7
74.5,1141.3,286.69,292.57
74.6,1144.5,287.86,293.43
74.7,1147.7,289.03,294.3
74.8,1150.8,290.2,295.16
74.9,1154,291.37,296.03
75,1157.2,292.54,296.89
75.1,1160.3,293.71,297.76
75.2,1163.5,294.88,298.62
75.3,1166.6,296.05,299.49
75.4,1169.8,297.22,300.35
75.5,1173,298.39,301.22
75.6,1176.1,299.56,302.09
75.7,1179.3,300.73,302.95
75.8,1182.4,301.9,303.82
75.9,1185.6,303.07,304.68
76,1188.7,304.24,305.55
76.1,1191.9,305.41,306.41
76.2,1195,306.58,307.28
76.3,1198.2,307.75,308.14
76.4,1201.3,308.92,309.01
76.5,1204.4,310.09,309.88
76.6,1207.6,311.26,310.74
76.7,1210.7,312.43,311.61
76.8,1213.9,313.6,312.47
76.9,1217,314.77,313.34
77,1220.1,315.94,314.2
77.1,1223.3,317.11,315.07
77.2,1226.4,318.28,315.93
77.3,1229.5,319.45,316.8
77.4,1232.7,320.62,317.66
77.5,1235.8,321.79,318.53
77.6,1238.9,322.96,319.39
77.7,1242,324.13,320.26
77.8,1245.2,325.3,321.12
77.9,1248.3,326.47,321.99
78,1251.4,327.64,322.85
78.1,1254.5,328.81,323.72
78.2,1257.6,329.98,324.58
78.3,1260.7,331.15,325.45
78.4,1263.8,332.32,326.31
78.5,1267,333.49,327.18
78.6,1270.1,334.65,328.04
78.7,1273.2,335.82,328.9
78.8,1276.3,336.99,329.77
78.9,1279.4,338.16,330.63
79,1282.5,339.33,331.49
79.1,1285.6,340.49,332.36
79.2,1288.7,341.66,333.22
79.3,1291.8,342.83,334.08
79.4,1294.8,344,334.95
79.5,1297.9,345.16,335.81
79.6,1301,346.33,336.67
79.7,1304.1,347.49,337.53
79.8,1307.2,348.66,338.4
79.9,1310.3,349.83,339.26
80,1313.3,350.99,340.12
80.1,1316.4,352.16,340.98
80.2,1319.5,353.32,341.84
80.3,1322.6,354.49,342.7
80.4,1325.6,355.65,343.56
80.5,1328.7,356.81,344.42
80.6,1331.8,357.98,345.28
80.7,1334.8,359.14,346.14
80.8,1337.9,360.31,347
80.9,1341,361.47,347.86
81,1344,362.63,348.72
81.1,1347.1,363.79,349.58
81.2,1350.1,364.96,350.44
81.3,1353.2,366.12,351.3
81.4,1356.2,367.28,352.16
81.5,1359.3,368.44,353.02
81.6,1362.3,369.6,353.88
81.7,1365.4,370.76,354.73
81.8,1368.4,371.92,355.59
81.9,1371.4,373.08,356.45
82,1374.5,374.24,357.31
82.1,1377.5,375.4,358.16
82.2,1380.5,376.56,359.02
82.3,1383.6,377.72,359.88
82.4,1386.6,378.87,360.73
82.5,1389.6,380.03,361.59
82.6,1392.6,381.19,362.44
82.7,1395.7,382.34,363.3
82.8,1398.7,383.5,364.15
82.9,1401.7,384.66,365.01
83,1404.7,385.81,365.86
83.1,1407.7,386.97,366.71
83.2,1410.7,388.12,367.57
83.3,1413.7,389.28,368.42
83.4,1416.7,390.43,369.27
83.5,1419.7,391.58,370.13
83.6,1422.7,392.74,370.98
83.7,1425.7,393.89,371.83
83.8,1428.7,395.04,372.68
83.9,1431.7,396.19,373.53
84,1434.7,397.35,374.39
84.1,1437.7,398.5,375.24
84.2,1440.7,399.65,376.09
84.3,1443.6,400.8,376.94
84.4,1446.6,401.95,377.79
84.5,1449.6,403.1,378.63
84.6,1452.6,404.24,379.48
84.7,1455.5,405.39,380.33
84.8,1458.5,406.54,381.18
84.9,1461.5,407.69,382.03
85,1464.4,408.83,382.88
85.1,1467.4,409.98,383.72
85.2,1470.4,411.13,384.57
85.3,1473.3,412.27,385.42
85.4,1476.3,413.42,386.26
85.5,1479.2,414.56,387.11
85.6,1482.2,415.71,387.95
85.7,1485.1,416.85,388.8
85.8,1488.1,417.99,389.64
85.9,1491,419.14,390.48
86,1493.9,420.28,391.33
86.1,1496.9,421.42,392.17
86.2,1499.8,422.56,393.01
86.3,1502.7,423.7,393.86
86.4,1505.7,424.84,394.7
86.5,1508.6,425.98,395.54
86.6,1511.5,427.12,396.38
86.7,1514.4,428.26,397.22
86.8,1517.4,429.4,398.06
86.9,1520.3,430.53,398.9
87,1523.2,431.67,399.74
87.1,1526.1,432.81,400.58
87.2,1529,433.94,401.42
87.3,1531.9,435.08,402.26
87.4,1534.8,436.21,403.1
87.5,1537.7,437.35,403.93
87.6,1540.6,438.48,404.77
87.7,1543.5,439.61,405.61
87.8,1546.4,440.75,406.44
87.9,1549.3,441.88,407.28
88,1552.2,443.01,408.11
88.1,1555.1,444.14,408.95
88.2,1557.9,445.27,409.78
88.3,1560.8,446.4,410.62
88.4,1563.7,447.53,411.45
88.5,1566.6,448.66,412.28
88.6,1569.4,449.79,413.11
88.7,1572.3,450.92,413.95
88.8,1575.2,452.04,414.78
88.9,1578,453.17,415.61
89,1580.9,454.3,416.44
89.1,1583.7,455.42,417.27
89.2,1586.6,456.55,418.1
89.3,1589.5,457.67,418.93
89.4,1592.3,458.79,419.76
89.5,1595.2,459.92,420.59
89.6,1598,461.04,421.41
89.7,1600.8,462.16,422.24
89.8,1603.7,463.28,423.07
89.9,1606.5,464.4,423.89
90,1609.3,465.52,424.72
90.1,1612.2,466.64,425.54
90.2,1615,467.76,426.37
90.3,1617.8,468.88,427.19
90.4,1620.6,470,428.02
90.5,1623.5,471.11,428.84
90.6,1626.3,472.23,429.66
90.7,1629.1,473.35,430.49
90.8,1631.9,474.46,431.31
90.9,1634.7,475.58,432.13
91,1637.5,476.69,432.95
91.1,1640.3,477.8,433.77
91.2,1643.1,478.92,434.59
91.3,1645.9,480.03,435.41
91.4,1648.7,481.14,436.23
91.5,1651.5,482.25,437.05
91.6,1654.3,483.36,437.87
91.7,1657.1,484.47,438.68
91.8,1659.9,485.58,439.5
91.9,1662.6,486.69,440.32
92,1665.4,487.8,441.13
92.1,1668.2,488.9,441.95
92.2,1671,490.01,442.76
92.3,1673.7,491.12,443.58
92.4,1676.5,492.22,444.39
92.5,1679.3,493.33,445.2
92.6,1682,494.43,446.01
92.7,1684.8,495.53,446.83
92.8,1687.5,496.64,447.64
92.9,1690.3,497.74,448.45
93,1693,498.84,449.26
93.1,1695.8,499.94,450.07
93.2,1698.5,501.04,450.88
93.3,1701.3,502.14,451.69
93.4,1704,503.24,452.5
93.5,1706.7,504.34,453.3
93.6,1709.5,505.44,454.11
93.7,1712.2,506.54,454.92
93.8,1714.9,507.63,455.72
93.9,1717.6,508.73,456.53
94,1720.4,509.82,457.33
94.1,1723.1,510.92,458.14
94.2,1725.8,512.01,458.94
94.3,1728.5,513.11,459.74
94.4,1731.2,514.2,460.55
94.5,1733.9,515.29,461.35
94.6,1736.6,516.38,462.15
94.7,1739.3,517.47,462.95
94.8,1742,518.56,463.75
94.9,1744.7,519.65,464.55
95,1747.4,520.74,465.35
95.1,1750.1,521.83,466.15
95.2,1752.8,522.92,466.95
95.3,1755.5,524,467.75
95.4,1758.2,525.09,468.54
95.5,1760.8,526.17,469.34
95.6,1763.5,527.26,470.14
95.7,1766.2,528.34,470.93
95.8,1768.9,529.43,471.73
95.9,1771.5,530.51,472.52
96,1774.2,531.59,473.31
96.1,1776.8,532.67,474.11
96.2,1779.5,533.75,474.9
96.3,1782.2,534.83,475.69
96.4,1784.8,535.91,476.48
96.5,1787.5,536.99,477.27
96.6,1790.1,538.07,478.06
96.7,1792.7,539.15,478.85
96.8,1795.4,540.22,479.64
96.9,1798,541.3,480.43
97,1800.7,542.38,481.22
97.1,1803.3,543.45,482.01
97.2,1805.9,544.53,482.79
97.3,1808.5,545.6,483.58
97.4,1811.2,546.67,484.36
97.5,1813.8,547.74,485.15
97.6,1816.4,548.81,485.93
97.7,1819,549.89,486.72
97.8,1821.6,550.96,487.5
97.9,1824.2,552.03,488.28
98,1826.8,553.09,489.06
98.1,1829.4,554.16,489.85
98.2,1832,555.23,490.63
98.3,1834.6,556.3,491.41
98.4,1837.2,557.36,492.18
98.5,1839.8,558.43,492.96
98.6,1842.4,559.49,493.74
98.7,1845,560.56,494.52
98.8,1847.6,561.62,495.3
98.9,1850.1,562.68,496.07
99,1852.7,563.75,496.85
99.1,1855.3,564.81,497.62
99.2,1857.9,565.87,498.4
99.3,1860.4,566.93,499.17
99.4,1863,567.99,499.95
99.5,1865.6,569.05,500.72
99.6,1868.1,570.1,501.49
99.7,1870.7,571.16,502.26
99.8,1873.2,572.22,503.03
99.9,1875.8,573.27,503.8
100,1878.3,574.33,504.57
100.1,1880.9,575.38,505.34
100.2,1883.4,576.44,506.11
100.3,1885.9,577.49,506.88
100.4,1888.5,578.54,507.64
100.5,1891,579.59,508.41
100.6,1893.5,580.65,509.18
100.7,1896,581.7,509.94
100.8,1898.6,582.75,510.71
100.9,1901.1,583.79,511.47
101,1903.6,584.84,512.23
101.1,1906.1,585.89,513
101.2,1908.6,586.94,513.76
101.3,1911.1,587.98,514.52
101.4,1913.6,589.03,515.28
101.5,1916.1,590.07,516.04
101.6,1918.6,591.12,516.8
101.7,1921.1,592.16,517.56
101.8,1923.6,593.2,518.32
101.9,1926.1,594.25,519.08
102,1928.6,595.29,519.83
102.1,1931.1,596.33,520.59
102.2,1933.6,597.37,521.34
102.3,1936,598.41,522.1
102.4,1938.5,599.45,522.85
102.5,1941,600.48,523.61
102.6,1943.5,601.52,524.36
102.7,1945.9,602.56,525.11
102.8,1948.4,603.59,525.87
102.9,1950.8,604.63,526.62
103,1953.3,605.66,527.37
103.1,1955.8,606.7,528.12
103.2,1958.2,607.73,528.87
103.3,1960.6,608.76,529.62
103.4,1963.1,609.79,530.36
103.5,1965.5,610.83,531.11
103.6,1968,611.86,531.86
103.7,1970.4,612.89,532.61
103.8,1972.8,613.91,533.35
103.9,1975.3,614.94,534.1
104,1977.7,615.97,534.84
104.1,1980.1,617,535.58
104.2,1982.5,618.02,536.33
104.3,1985,619.05,537.07
104.4,1987.4,620.07,537.81
104.5,1989.8,621.1,538.55
104.6,1992.2,622.12,539.29
104.7,1994.6,623.14,540.03
104.8,1997,624.16,540.77
104.9,1999.4,625.19,541.51
105,2001.8,626.21,542.25
105.1,2004.2,627.23,542.98
105.2,2006.6,628.24,543.72
105.3,2009,629.26,544.46
105.4,2011.3,630.28,545.19
105.5,2013.7,631.3,545.93
105.6,2016.1,632.31,546.66
105.7,2018.5,633.33,547.39
105.8,2020.8,634.34,548.13
105.9,2023.2,635.36,548.86
106,2025.6,636.37,549.59
106.1,2027.9,637.38,550.32
106.2,2030.3,638.4,551.05
106.3,2032.7,639.41,551.78
106.4,2035,640.42,552.51
106.5,2037.4,641.43,553.23
106.6,2039.7,642.44,553.96
106.7,2042.1,643.45,554.69
106.8,2044.4,644.45,555.41
106.9,2046.7,645.46,556.14
107,2049.1,646.47,556.86
107.1,2051.4,647.47,557.59
107.2,2053.7,648.48,558.31
107.3,2056.1,649.48,559.03
107.4,2058.4,650.48,559.76
107.5,2060.7,651.49,560.48
107.6,2063,652.49,561.2
107.7,2065.3,653.49,561.92
107.8,2067.6,654.49,562.64
107.9,2069.9,655.49,563.36
108,2072.3,656.49,564.07
108.1,2074.6,657.49,564.79
108.2,2076.9,658.49,565.51
108.3,2079.1,659.48,566.22
108.4,2081.4,660.48,566.94
108.5,2083.7,661.48,567.65
108.6,2086,662.47,568.37
108.7,2088.3,663.46,569.08
108.8,2090.6,664.46,569.79
108.9,2092.9,665.45,570.51
109,2095.1,666.44,571.22
109.1,2097.4,667.43,571.93
109.2,2099.7,668.42,572.64
109.3,2101.9,669.41,573.35
109.4,2104.2,670.4,574.06
109.5,2106.5,671.39,574.76
109.6,2108.7,672.38,575.47
109.7,2111,673.37,576.18
109.8,2113.2,674.35,576.88
109.9,2115.5,675.34,577.59
110,2117.7,676.32,578.29
110.1,2119.9,677.31,579
110.2,2122.2,678.29,579.7
110.3,2124.4,679.27,580.4
110.4,2126.7,680.26,581.11
110.5,2128.9,681.24,581.81
110.6,2131.1,682.22,582.51
110.7,2133.3,683.2,583.21
110.8,2135.5,684.18,583.91
110.9,2137.8,685.16,584.61
111,2140,686.13,585.3
111.1,2142.2,687.11,586
111.2,2144.4,688.09,586.7
111.3,2146.6,689.06,587.39
111.4,2148.8,690.04,588.09
111.5,2151,691.01,588.78
111.6,2153.2,691.98,589.48
111.7,2155.4,692.96,590.17
111.8,2157.6,693.93,590.86
111.9,2159.8,694.9,591.55
112,2161.9,695.87,592.25
112.1,2164.1,696.84,592.94
112.2,2166.3,697.81,593.63
112.3,2168.5,698.78,594.31
112.4,2170.6,699.74,595
112.5,2172.8,700.71,595.69
112.6,2175,701.68,596.38
112.7,2177.1,702.64,597.06
112.8,2179.3,703.61,597.75
112.9,2181.4,704.57,598.44
113,2183.6,705.54,599.12
113.1,2185.7,706.5,599.8
113.2,2187.9,707.46,600.49
113.3,2190,708.42,601.17
113.4,2192.2,709.38,601.85
113.5,2194.3,710.34,602.53
113.6,2196.4,711.3,603.21
113.7,2198.6,712.26,603.89
113.8,2200.7,713.22,604.57
113.9,2202.8,714.17,605.25
114,2205,715.13,605.92
114.1,2207.1,716.08,606.6
114.2,2209.2,717.04,607.28
114.3,2211.3,717.99,607.95
114.4,2213.4,718.95,608.63
114.5,2215.5,719.9,609.3
114.6,2217.6,720.85,609.98
114.7,2219.7,721.8,610.65
114.8,2221.8,722.75,611.32
114.9,2223.9,723.7,611.99
115,2226,724.65,612.66
115.1,2228.1,725.6,613.33
115.2,2230.2,726.54,614
115.3,2232.3,727.49,614.67
115.4,2234.3,728.44,615.34
115.5,2236.4,729.38,616
115.6,2238.5,730.33,616.67
115.7,2240.5,731.27,617.34
115.8,2242.6,732.21,618
115.9,2244.7,733.16,618.67
116,2246.7,734.1,619.33
116.1,2248.8,735.04,619.99
116.2,2250.9,735.98,620.66
116.3,2252.9,736.92,621.32
116.4,2255,737.86,621.98
116.5,2257,738.79,622.64
116.6,2259,739.73,623.3
116.7,2261.1,740.67,623.96
116.8,2263.1,741.6,624.62
116.9,2265.1,742.54,625.27
117,2267.2,743.47,625.93
117.1,2269.2,744.41,626.59
117.2,2271.2,745.34,627.24
117.3,2273.2,746.27,627.9
117.4,2275.3,747.2,628.55
117.5,2277.3,748.14,629.2
117.6,2279.3,749.07,629.86
117.7,2281.3,750,630.51
117.8,2283.3,750.92,631.16
117.9,2285.3,751.85,631.81
118,2287.3,752.78,632.46
118.1,2289.3,753.71,633.11
118.2,2291.3,754.63,633.76
118.3,2293.3,755.56,634.41
118.4,2295.3,756.48,635.05
118.5,2297.3,757.41,635.7
118.6,2299.2,758.33,636.35
118.7,2301.2,759.25,636.99
118.8,2303.2,760.18,637.64
118.9,2305.2,761.1,638.28
119,2307.1,762.02,638.93
119.1,2309.1,762.94,639.57
119.2,2311.1,763.86,640.21
119.3,2313,764.78,640.85
119.4,2315,765.7,641.49
119.5,2317,766.61,642.13
119.6,2318.9,767.53,642.77
119.7,2320.9,768.45,643.41
119.8,2322.8,769.36,644.05
119.9,2324.8,770.28,644.69
120,2326.7,771.19,645.32
120.1,2328.6,772.1,645.96
120.2,2330.6,773.02,646.6
120.3,2332.5,773.93,647.23
120.4,2334.4,774.84,647.87
120.5,2336.4,775.75,648.5
120.6,2338.3,776.66,649.13
120.7,2340.2,777.57,649.77
120.8,2342.1,778.48,650.4
120.9,2344.1,779.39,651.03
121,2346,780.3,651.66
121.1,2347.9,781.2,652.29
121.2,2349.8,782.11,652.92
121.3,2351.7,783.02,653.55
121.4,2353.6,783.92,654.18
121.5,2355.5,784.83,654.8
121.6,2357.4,785.73,655.43
121.7,2359.3,786.63,656.06
121.8,2361.2,787.53,656.68
121.9,2363.1,788.44,657.31
122,2365,789.34,657.93
122.1,2366.9,790.24,658.56
122.2,2368.7,791.14,659.18
122.3,2370.6,792.04,659.8
122.4,2372.5,792.94,660.42
122.5,2374.4,793.83,661.05
122.6,2376.3,794.73,661.67
122.7,2378.1,795.63,662.29
122.8,2380,796.52,662.91
122.9,2381.9,797.42,663.53
123,2383.7,798.31,664.14
123.1,2385.6,799.21,664.76
123.2,2387.4,800.1,665.38
123.3,2389.3,801,666
123.4,2391.1,801.89,666.61
123.5,2393,802.78,667.23
123.6,2394.9,803.67,667.84
123.7,2396.7,804.56,668.46
123.8,2398.5,805.45,669.07
123.9,2400.4,806.34,669.68
124,2402.2,807.23,670.3
124.1,2404.1,808.12,670.91
124.2,2405.9,809.01,671.52
124.3,2407.7,809.89,672.13
124.4,2409.6,810.78,672.74
124.5,2411.4,811.67,673.35
124.6,2413.2,812.55,673.96
124.7,2415,813.44,674.57
124.8,2416.9,814.32,675.18
124.9,2418.7,815.21,675.78
125,2420.5,816.09,676.39
125.1,2422.3,816.97,677
125.2,2424.1,817.86,677.6
125.3,2425.9,818.74,678.21
125.4,2427.7,819.62,678.81
125.5,2429.6,820.5,679.42
125.6,2431.4,821.38,680.02
125.7,2433.2,822.26,680.62
125.8,2435,823.14,681.23
125.9,2436.8,824.02,681.83
126,2438.6,824.9,682.43
126.1,2440.4,825.77,683.03
126.2,2442.2,826.65,683.63
126.3,2443.9,827.53,684.23
126.4,2445.7,828.4,684.83
126.5,2447.5,829.28,685.43
126.6,2449.3,830.15,686.03
126.7,2451.1,831.03,686.62
126.8,2452.9,831.9,687.22
126.9,2454.7,832.78,687.82
127,2456.4,833.65,688.41
127.1,2458.2,834.52,689.01
127.2,2460,835.39,689.6
127.3,2461.8,836.27,690.2
127.4,2463.6,837.14,690.79
127.5,2465.3,838.01,691.39
127.6,2467.1,838.88,691.98
127.7,2468.9,839.75,692.57
127.8,2470.6,840.62,693.16
127.9,2472.4,841.49,693.75
128,2474.2,842.35,694.35
128.1,2475.9,843.22,694.94
128.2,2477.7,844.09,695.53
128.3,2479.5,844.96,696.12
128.4,2481.2,845.82,696.7
128.5,2483,846.69,697.29
128.6,2484.7,847.55,697.88
128.7,2486.5,848.42,698.47
128.8,2488.2,849.28,699.06
128.9,2490,850.15,699.64
129,2491.7,851.01,700.23
129.1,2493.5,851.87,700.81
129.2,2495.2,852.74,701.4
129.3,2497,853.6,701.98
129.4,2498.7,854.46,702.57
129.5,2500.5,855.32,703.15
129.6,2502.2,856.18,703.73
129.7,2503.9,857.04,704.32
129.8,2505.7,857.9,704.9
129.9,2507.4,858.76,705.48
130,2509.1,859.62,706.06
130.1,2510.9,860.48,706.64
130.2,2512.6,861.34,707.22
130.3,2514.4,862.19,707.8
130.4,2516.1,863.05,708.38
130.5,2517.8,863.91,708.96
130.6,2519.5,864.77,709.54
130.7,2521.3,865.62,710.12
130.8,2523,866.48,710.7
130.9,2524.7,867.33,711.28
131,2526.4,868.19,711.85
131.1,2528.2,869.04,712.43
131.2,2529.9,869.89,713.01
131.3,2531.6,870.75,713.58
131.4,2533.3,871.6,714.16
131.5,2535.1,872.45,714.73
131.6,2536.8,873.31,715.31
131.7,2538.5,874.16,715.88
131.8,2540.2,875.01,716.45
131.9,2541.9,875.86,717.03
132,2543.6,876.71,717.6
132.1,2545.3,877.56,718.17
132.2,2547.1,878.41,718.74
132.3,2548.8,879.26,719.32
132.4,2550.5,880.11,719.89
132.5,2552.2,880.96,720.46
132.6,2553.9,881.81,721.03
132.7,2555.6,882.65,721.6
132.8,2557.3,883.5,722.17
132.9,2559,884.35,722.74
133,2560.7,885.19,723.31
133.1,2562.4,886.04,723.87
133.2,2564.1,886.89,724.44
133.3,2565.8,887.73,725.01
133.4,2567.5,888.58,725.58
133.5,2569.2,889.42,726.14
133.6,2570.9,890.27,726.71
133.7,2572.6,891.11,727.28
133.8,2574.3,891.95,727.84
133.9,2576,892.8,728.41
134,2577.7,893.64,728.97
134.1,2579.4,894.48,729.54
134.2,2581.1,895.32,730.1
134.3,2582.8,896.17,730.66
134.4,2584.5,897.01,731.23
134.5,2586.2,897.85,731.79
134.6,2587.8,898.69,732.35
134.7,2589.5,899.53,732.91
134.8,2591.2,900.37,733.47
134.9,2592.9,901.21,734.04
135,2594.6,902.05,734.6
135.1,2596.3,902.89,735.16
135.2,2598,903.73,735.72
135.3,2599.6,904.56,736.28
135.4,2601.3,905.4,736.83
135.5,2603,906.24,737.39
135.6,2604.7,907.08,737.95
135.7,2606.4,907.91,738.51
135.8,2608,908.75,739.07
135.9,2609.7,909.59,739.63
136,2611.4,910.42,740.18
136.1,2613.1,911.26,740.74
136.2,2614.8,912.09,741.29
136.3,2616.4,912.93,741.85
136.4,2618.1,913.76,742.41
136.5,2619.8,914.59,742.96
136.6,2621.4,915.43,743.52
136.7,2623.1,916.26,744.07
136.8,2624.8,917.1,744.62
136.9,2626.5,917.93,745.18
137,2628.1,918.76,745.73
137.1,2629.8,919.59,746.28
137.2,2631.5,920.42,746.84
137.3,2633.1,921.25,747.39
137.4,2634.8,922.09,747.94
137.5,2636.5,922.92,748.49
137.6,2638.1,923.75,749.04
137.7,2639.8,924.58,749.59
137.8,2641.5,925.41,750.14
137.9,2643.1,926.24,750.69
138,2644.8,927.06,751.24
138.1,2646.5,927.89,751.79
138.2,2648.1,928.72,752.34
138.3,2649.8,929.55,752.89
138.4,2651.4,930.38,753.44
138.5,2653.1,931.2,753.99
138.6,2654.8,932.03,754.53
138.7,2656.4,932.86,755.08
138.8,2658.1,933.68,755.63
138.9,2659.7,934.51,756.18
139,2661.4,935.34,756.72
139.1,2663,936.16,757.27
139.2,2664.7,936.99,757.81
139.3,2666.3,937.81,758.36
139.4,2668,938.64,758.9
139.5,2669.7,939.46,759.45
139.6,2671.3,940.28,759.99
139.7,2673,941.11,760.54
139.8,2674.6,941.93,761.08
139.9,2676.3,942.75,761.62
140,2677.9,943.57,762.17
140.1,2679.6,944.4,762.71
140.2,2681.2,945.22,763.25
140.3,2682.8,946.04,763.8
140.4,2684.5,946.86,764.34
140.5,2686.1,947.68,764.88
140.6,2687.8,948.5,765.42
140.7,2689.4,949.32,765.96
140.8,2691.1,950.14,766.5
140.9,2692.7,950.96,767.04
141,2694.4,951.78,767.58
141.1,2696,952.6,768.12
141.2,2697.6,953.42,768.66
141.3,2699.3,954.24,769.2
141.4,2700.9,955.06,769.74
141.5,2702.6,955.88,770.28
141.6,2704.2,956.69,770.82
141.7,2705.8,957.51,771.36
141.8,2707.5,958.33,771.89
141.9,2709.1,959.14,772.43
142,2710.7,959.96,772.97
142.1,2712.4,960.78,773.51
142.2,2714,961.59,774.04
142.3,2715.7,962.41,774.58
142.4,2717.3,963.22,775.11
142.5,2718.9,964.04,775.65
142.6,2720.6,964.85,776.19
142.7,2722.2,965.67,776.72
142.8,2723.8,966.48,777.26
142.9,2725.4,967.3,777.79
143,2727.1,968.11,778.32
143.1,2728.7,968.92,778.86
143.2,2730.3,969.74,779.39
143.3,2732,970.55,779.93
143.4,2733.6,971.36,780.46
143.5,2735.2,972.17,780.99
143.6,2736.8,972.99,781.52
143.7,2738.5,973.8,782.06
143.8,2740.1,974.61,782.59
143.9,2741.7,975.42,783.12
144,2743.3,976.23,783.65
144.1,2745,977.04,784.18
144.2,2746.6,977.85,784.71
144.3,2748.2,978.66,785.25
144.4,2749.8,979.47,785.78
144.5,2751.5,980.28,786.31
144.6,2753.1,981.09,786.84
144.7,2754.7,981.9,787.36
144.8,2756.3,982.71,787.89
144.9,2757.9,983.51,788.42
145,2759.6,984.32,788.95
145.1,2761.2,985.13,789.48
145.2,2762.8,985.94,790.01
145.3,2764.4,986.74,790.54
145.4,2766,987.55,791.06
145.5,2767.6,988.36,791.59
145.6,2769.3,989.16,792.12
145.7,2770.9,989.97,792.64
145.8,2772.5,990.77,793.17
145.9,2774.1,991.58,793.7
146,2775.7,992.38,794.22
146.1,2777.3,993.19,794.75
146.2,2778.9,993.99,795.27
146.3,2780.5,994.8,795.8
146.4,2782.2,995.6,796.32
146.5,2783.8,996.4,796.85
146.6,2785.4,997.21,797.37
146.7,2787,998.01,797.9
146.8,2788.6,998.81,798.42
146.9,2790.2,999.62,798.95
147,2791.8,1000.4,799.47
147.1,2793.4,1001.2,799.99
147.2,2795,1002,800.52
147.3,2796.6,1002.8,801.04
147.4,2798.2,1003.6,801.56
147.5,2799.8,1004.4,802.08
147.6,2801.4,1005.2,802.6
147.7,2803,1006,803.13
147.8,2804.6,1006.8,803.65
147.9,2806.3,1007.6,804.17
148,2807.9,1008.4,804.69
148.1,2809.5,1009.2,805.21
148.2,2811.1,1010,805.73
148.3,2812.7,1010.8,806.25
148.4,2814.3,1011.6,806.77
148.5,2815.9,1012.4,807.29
148.6,2817.5,1013.2,807.81
148.7,2819.1,1014,808.33
148.8,2820.7,1014.8,808.85
148.9,2822.2,1015.6,809.37
149,2823.8,1016.4,809.88
149.1,2825.4,1017.2,810.4
149.2,2827,1018,810.92
149.3,2828.6,1018.8,811.44
149.4,2830.2,1019.6,811.96
149.5,2831.8,1020.4,812.47
149.6,2833.4,1021.2,812.99
149.7,2835,1022,813.51
149.8,2836.6,1022.8,814.02
149.9,2838.2,1023.6,814.54
150,2839.8,1024.4,815.05
150.1,2841.4,1025.1,815.57
150.2,2843,1025.9,816.08
150.3,2844.6,1026.7,816.6
150.4,2846.1,1027.5,817.11
150.5,2847.7,1028.3,817.63
150.6,2849.3,1029.1,818.14
150.7,2850.9,1029.9,818.66
150.8,2852.5,1030.7,819.17
150.9,2854.1,1031.5,819.69
151,2855.7,1032.3,820.2
151.1,2857.3,1033.1,820.71
151.2,2858.8,1033.9,821.22
151.3,2860.4,1034.6,821.74
151.4,2862,1035.4,822.25
151.5,2863.6,1036.2,822.76
151.6,2865.2,1037,823.27
151.7,2866.8,1037.8,823.79
151.8,2868.3,1038.6,824.3
151.9,2869.9,1039.4,824.81
152,2871.5,1040.2,825.32
152.1,2873.1,1041,825.83
152.2,2874.7,1041.7,826.34
152.3,2876.3,1042.5,826.85
152.4,2877.8,1043.3,827.36
152.5,2879.4,1044.1,827.87
152.6,2881,1044.9,828.38
152.7,2882.6,1045.7,828.89
152.8,2884.1,1046.5,829.4
152.9,2885.7,1047.3,829.91
153,2887.3,1048,830.42
153.1,2888.9,1048.8,830.92
153.2,2890.5,1049.6,831.43
153.3,2892,1050.4,831.94
153.4,2893.6,1051.2,832.45
153.5,2895.2,1052,832.95
153.6,2896.8,1052.7,833.46
153.7,2898.3,1053.5,833.97
153.8,2899.9,1054.3,834.47
153.9,2901.5,1055.1,834.98
154,2903,1055.9,835.49
154.1,2904.6,1056.7,835.99
154.2,2906.2,1057.4,836.5
154.3,2907.8,1058.2,837
154.4,2909.3,1059,837.51
154.5,2910.9,1059.8,838.01
154.6,2912.5,1060.6,838.52
154.7,2914,1061.4,839.02
154.8,2915.6,1062.1,839.53
154.9,2917.2,1062.9,840.03
155,2918.7,1063.7,840.54
155.1,2920.3,1064.5,841.04
155.2,2921.9,1065.3,841.54
155.3,2923.4,1066,842.05
155.4,2925,1066.8,842.55
155.5,2926.6,1067.6,843.05
155.6,2928.1,1068.4,843.55
155.7,2929.7,1069.1,844.06
155.8,2931.3,1069.9,844.56
155.9,2932.8,1070.7,845.06
156,2934.4,1071.5,845.56
156.1,2936,1072.3,846.06
156.2,2937.5,1073,846.56
156.3,2939.1,1073.8,847.07
156.4,2940.6,1074.6,847.57
156.5,2942.2,1075.4,848.07
156.6,2943.8,1076.1,848.57
156.7,2945.3,1076.9,849.07
156.8,2946.9,1077.7,849.57
156.9,2948.4,1078.5,850.07
157,2950,1079.2,850.56
157.1,2951.5,1080,851.06
157.2,2953.1,1080.8,851.56
157.3,2954.7,1081.6,852.06
157.4,2956.2,1082.3,852.56
157.5,2957.8,1083.1,853.06
157.6,2959.3,1083.9,853.55
157.7,2960.9,1084.7,854.05
157.8,2962.4,1085.4,854.55
157.9,2964,1086.2,855.05
158,2965.5,1087,855.54
158.1,2967.1,1087.7,856.04
158.2,2968.7,1088.5,856.54
158.3,2970.2,1089.3,857.03
158.4,2971.8,1090.1,857.53
158.5,2973.3,1090.8,858.02
158.6,2974.9,1091.6,858.52
158.7,2976.4,1092.4,859.01
158.8,2978,1093.1,859.51
158.9,2979.5,1093.9,860
159,2981.1,1094.7,860.5
159.1,2982.6,1095.4,860.99
159.2,2984.2,1096.2,861.49
159.3,2985.7,1097,861.98
159.4,2987.3,1097.8,862.48
159.5,2988.8,1098.5,862.97
159.6,2990.3,1099.3,863.46
159.7,2991.9,1100.1,863.95
159.8,2993.4,1100.8,864.45
159.9,2995,1101.6,864.94
160,2996.5,1102.4,865.43
160.1,2998.1,1103.1,865.92
160.2,2999.6,1103.9,866.42
160.3,3001.2,1104.7,866.91
160.4,3002.7,1105.4,867.4
160.5,3004.2,1106.2,867.89
160.6,3005.8,1107,868.38
160.7,3007.3,1107.7,868.87
160.8,3008.9,1108.5,869.36
160.9,3010.4,1109.2,869.85
161,3012,1110,870.34
161.1,3013.5,1110.8,870.83
161.2,3015,1111.5,871.32
161.3,3016.6,1112.3,871.81
161.4,3018.1,1113.1,872.3
161.5,3019.6,1113.8,872.79
161.6,3021.2,1114.6,873.28
161.7,3022.7,1115.3,873.77
161.8,3024.3,1116.1,874.25
161.9,3025.8,1116.9,874.74
162,3027.3,1117.6,875.23
162.1,3028.9,1118.4,875.72
162.2,3030.4,1119.2,876.21
162.3,3031.9,1119.9,876.69
162.4,3033.5,1120.7,877.18
162.5,3035,1121.4,877.67
162.6,3036.5,1122.2,878.15
162.7,3038.1,1123,878.64
162.8,3039.6,1123.7,879.12
162.9,3041.1,1124.5,879.61
163,3042.7,1125.2,880.1
163.1,3044.2,1126,880.58
163.2,3045.7,1126.7,881.07
163.3,3047.3,1127.5,881.55
163.4,3048.8,1128.3,882.04
163.5,3050.3,1129,882.52
163.6,3051.8,1129.8,883
163.7,3053.4,1130.5,883.49
163.8,3054.9,1131.3,883.97
163.9,3056.4,1132,884.46
164,3058,1132.8,884.94
164.1,3059.5,1133.6,885.42
164.2,3061,1134.3,885.9
164.3,3062.5,1135.1,886.39
164.4,3064.1,1135.8,886.87
164.5,3065.6,1136.6,887.35
164.6,3067.1,1137.3,887.83
164.7,3068.6,1138.1,888.32
164.8,3070.2,1138.8,888.8
164.9,3071.7,1139.6,889.28
165,3073.2,1140.3,889.76
165.1,3074.7,1141.1,890.24
165.2,3076.3,1141.9,890.72
165.3,3077.8,1142.6,891.2
165.4,3079.3,1143.4,891.68
165.5,3080.8,1144.1,892.16
165.6,3082.3,1144.9,892.64
165.7,3083.9,1145.6,893.12
165.8,3085.4,1146.4,893.6
165.9,3086.9,1147.1,894.08
166,3088.4,1147.9,894.56
166.1,3089.9,1148.6,895.04
166.2,3091.5,1149.4,895.51
166.3,3093,1150.1,895.99
166.4,3094.5,1150.9,896.47
166.5,3096,1151.6,896.95
166.6,3097.5,1152.4,897.43
166.7,3099,1153.1,897.9
166.8,3100.5,1153.9,898.38
166.9,3102.1,1154.6,898.86
167,3103.6,1155.4,899.33
167.1,3105.1,1156.1,899.81
167.2,3106.6,1156.8,900.29
167.3,3108.1,1157.6,900.76
167.4,3109.6,1158.3,901.24
167.5,3111.1,1159.1,901.71
167.6,3112.7,1159.8,902.19
167.7,3114.2,1160.6,902.66
167.8,3115.7,1161.3,903.14
167.9,3117.2,1162.1,903.61
168,3118.7,1162.8,904.09
168.1,3120.2,1163.6,904.56
168.2,3121.7,1164.3,905.04
168.3,3123.2,1165.1,905.51
168.4,3124.7,1165.8,905.98
168.5,3126.2,1166.5,906.46
168.6,3127.8,1167.3,906.93
168.7,3129.3,1168,907.4
168.8,3130.8,1168.8,907.87
168.9,3132.3,1169.5,908.35
169,3133.8,1170.3,908.82
169.1,3135.3,1171,909.29
169.2,3136.8,1171.7,909.76
169.3,3138.3,1172.5,910.23
169.4,3139.8,1173.2,910.71
169.5,3141.3,1174,911.18
169.6,3142.8,1174.7,911.65
169.7,3144.3,1175.4,912.12
169.8,3145.8,1176.2,912.59
169.9,3147.3,1176.9,913.06
170,3148.8,1177.7,913.53
170.1,3150.3,1178.4,914
170.2,3151.8,1179.1,914.47
170.3,3153.3,1179.9,914.94
170.4,3154.8,1180.6,915.41
170.5,3156.3,1181.4,915.88
170.6,3157.8,1182.1,916.34
170.7,3159.3,1182.8,916.81
170.8,3160.8,1183.6,917.28
170.9,3162.3,1184.3,917.75
171,3163.8,1185,918.22
171.1,3165.3,1185.8,918.68
171.2,3166.8,1186.5,919.15
171.3,3168.3,1187.3,919.62
171.4,3169.8,1188,920.08
171.5,3171.3,1188.7,920.55
171.6,3172.8,1189.5,921.02
171.7,3174.3,1190.2,921.48
171.8,3175.8,1190.9,921.95
171.9,3177.3,1191.7,922.42
172,3178.8,1192.4,922.88
172.1,3180.2,1193.1,923.35
172.2,3181.7,1193.9,923.81
172.3,3183.2,1194.6,924.28
172.4,3184.7,1195.3,924.74
172.5,3186.2,1196.1,925.21
172.6,3187.7,1196.8,925.67
172.7,3189.2,1197.5,926.13
172.8,3190.7,1198.3,926.6
172.9,3192.2,1199,927.06
173,3193.7,1199.7,927.52
173.1,3195.2,1200.5,927.99
173.2,3196.6,1201.2,928.45
173.3,3198.1,1201.9,928.91
173.4,3199.6,1202.7,929.38
173.5,3201.1,1203.4,929.84
173.6,3202.6,1204.1,930.3
173.7,3204.1,1204.9,930.76
173.8,3205.6,1205.6,931.22
173.9,3207,1206.3,931.68
174,3208.5,1207,932.15
174.1,3210,1207.8,932.61
174.2,3211.5,1208.5,933.07
174.3,3213,1209.2,933.53
174.4,3214.5,1210,933.99
174.5,3215.9,1210.7,934.45
174.6,3217.4,1211.4,934.91
174.7,3218.9,1212.1,935.37
174.8,3220.4,1212.9,935.83
174.9,3221.9,1213.6,936.29
175,3223.4,1214.3,936.75
175.1,3224.8,1215,937.2
175.2,3226.3,1215.8,937.66
175.3,3227.8,1216.5,938.12
175.4,3229.3,1217.2,938.58
175.5,3230.8,1217.9,939.04
175.6,3232.2,1218.7,939.49
175.7,3233.7,1219.4,939.95
175.8,3235.2,1220.1,940.41
175.9,3236.7,1220.8,940.87
176,3238.1,1221.6,941.32
176.1,3239.6,1222.3,941.78
176.2,3241.1,1223,942.24
176.3,3242.6,1223.7,942.69
176.4,3244,1224.5,943.15
176.5,3245.5,1225.2,943.6
176.6,3247,1225.9,944.06
176.7,3248.5,1226.6,944.51
176.8,3249.9,1227.3,944.97
176.9,3251.4,1228.1,945.42
177,3252.9,1228.8,945.88
177.1,3254.3,1229.5,946.33
177.2,3255.8,1230.2,946.79
177.3,3257.3,1231,947.24
177.4,3258.8,1231.7,947.7
177.5,3260.2,1232.4,948.15
177.6,3261.7,1233.1,948.6
177.7,3263.2,1233.8,949.05
177.8,3264.6,1234.5,949.51
177.9,3266.1,1235.3,949.96
178,3267.6,1236,950.41
178.1,3269,1236.7,950.87
178.2,3270.5,1237.4,951.32
178.3,3272,1238.1,951.77
178.4,3273.4,1238.9,952.22
178.5,3274.9,1239.6,952.67
178.6,3276.4,1240.3,953.12
178.7,3277.8,1241,953.57
178.8,3279.3,1241.7,954.02
178.9,3280.8,1242.4,954.48
179,3282.2,1243.2,954.93
179.1,3283.7,1243.9,955.38
179.2,3285.2,1244.6,955.83
179.3,3286.6,1245.3,956.28
179.4,3288.1,1246,956.72
179.5,3289.5,1246.7,957.17
179.6,3291,1247.4,957.62
179.7,3292.5,1248.2,958.07
179.8,3293.9,1248.9,958.52
179.9,3295.4,1249.6,958.97
180,3296.9,1250.3,959.42
180.1,3298.3,1251,959.86
180.2,3299.8,1251.7,960.31
180.3,3301.2,1252.4,960.76
180.4,3302.7,1253.1,961.21
180.5,3304.2,1253.9,961.65
180.6,3305.6,1254.6,962.1
180.7,3307.1,1255.3,962.55
180.8,3308.5,1256,962.99
180.9,3310,1256.7,963.44
181,3311.4,1257.4,963.89
181.1,3312.9,1258.1,964.33
181.2,3314.4,1258.8,964.78
181.3,3315.8,1259.5,965.22
181.4,3317.3,1260.2,965.67
181.5,3318.7,1261,966.11
181.6,3320.2,1261.7,966.56
181.7,3321.6,1262.4,967
181.8,3323.1,1263.1,967.45
181.9,3324.5,1263.8,967.89
182,3326,1264.5,968.34
182.1,3327.5,1265.2,968.78
182.2,3328.9,1265.9,969.22
182.3,3330.4,1266.6,969.67
182.4,3331.8,1267.3,970.11
182.5,3333.3,1268,970.55
182.6,3334.7,1268.7,971
182.7,3336.2,1269.4,971.44
182.8,3337.6,1270.1,971.88
182.9,3339.1,1270.8,972.32
183,3340.5,1271.5,972.76
183.1,3342,1272.3,973.21
183.2,3343.4,1273,973.65
183.3,3344.9,1273.7,974.09
183.4,3346.3,1274.4,974.53
183.5,3347.8,1275.1,974.97
183.6,3349.2,1275.8,975.41
183.7,3350.7,1276.5,975.85
183.8,3352.1,1277.2,976.29
183.9,3353.6,1277.9,976.73
184,3355,1278.6,977.17
184.1,3356.5,1279.3,977.61
184.2,3357.9,1280,978.05
184.3,3359.4,1280.7,978.49
184.4,3360.8,1281.4,978.93
184.5,3362.3,1282.1,979.37
184.6,3363.7,1282.8,979.81
184.7,3365.2,1283.5,980.25
184.8,3366.6,1284.2,980.68
184.9,3368.1,1284.9,981.12
185,3369.5,1285.6,981.56
185.1,3371,1286.3,982
185.2,3372.4,1287,982.43
185.3,3373.9,1287.7,982.87
185.4,3375.3,1288.4,983.31
185.5,3376.8,1289.1,983.74
185.6,3378.2,1289.8,984.18
185.7,3379.7,1290.5,984.62
185.8,3381.1,1291.1,985.05
185.9,3382.6,1291.8,985.49
186,3384,1292.5,985.93
186.1,3385.4,1293.2,986.36
186.2,3386.9,1293.9,986.8
186.3,3388.3,1294.6,987.23
186.4,3389.8,1295.3,987.67
186.5,3391.2,1296,988.1
186.6,3392.7,1296.7,988.54
186.7,3394.1,1297.4,988.97
186.8,3395.6,1298.1,989.4
186.9,3397,1298.8,989.84
187,3398.5,1299.5,990.27
187.1,3399.9,1300.2,990.71
187.2,3401.4,1300.9,991.14
187.3,3402.8,1301.5,991.57
187.4,3404.3,1302.2,992
187.5,3405.7,1302.9,992.44
187.6,3407.1,1303.6,992.87
187.7,3408.6,1304.3,993.3
187.8,3410,1305,993.73
187.9,3411.5,1305.7,994.17
188,3412.9,1306.4,994.6
188.1,3414.4,1307.1,995.03
188.2,3415.8,1307.8,995.46
188.3,3417.3,1308.4,995.89
188.4,3418.7,1309.1,996.32
188.5,3420.1,1309.8,996.75
188.6,3421.6,1310.5,997.18
188.7,3423,1311.2,997.61
188.8,3424.5,1311.9,998.04
188.9,3425.9,1312.6,998.47
189,3427.4,1313.3,998.9
189.1,3428.8,1313.9,999.33
189.2,3430.3,1314.6,999.76
189.3,3431.7,1315.3,1000.2
189.4,3433.2,1316,1000.6
189.5,3434.6,1316.7,1001
189.6,3436,1317.4,1001.5
189.7,3437.5,1318,1001.9
189.8,3438.9,1318.7,1002.3
189.9,3440.4,1319.4,1002.8
190,3441.8,1320.1,1003.2
190.1,3443.3,1320.8,1003.6
190.2,3444.7,1321.5,1004
190.3,3446.2,1322.1,1004.5
190.4,3447.6,1322.8,1004.9
190.5,3449,1323.5,1005.3
190.6,3450.5,1324.2,1005.8
190.7,3451.9,1324.9,1006.2
190.8,3453.4,1325.5,1006.6
190.9,3454.8,1326.2,1007
191,3456.3,1326.9,1007.5
191.1,3457.7,1327.6,1007.9
191.2,3459.2,1328.3,1008.3
191.3,3460.6,1328.9,1008.7
191.4,3462,1329.6,1009.2
191.5,3463.5,1330.3,1009.6
191.6,3464.9,1331,1010
191.7,3466.4,1331.6,1010.4
191.8,3467.8,1332.3,1010.9
191.9,3469.3,1333,1011.3
192,3470.7,1333.7,1011.7
192.1,3472.2,1334.4,1012.1
192.2,3473.6,1335,1012.5
192.3,3475,1335.7,1013
192.4,3476.5,1336.4,1013.4
192.5,3477.9,1337.1,1013.8
192.6,3479.4,1337.7,1014.2
192.7,3480.8,1338.4,1014.7
192.8,3482.3,1339.1,1015.1
192.9,3483.7,1339.7,1015.5
193,3485.2,1340.4,1015.9
193.1,3486.6,1341.1,1016.3
193.2,3488.1,1341.8,1016.8
193.3,3489.5,1342.4,1017.2
193.4,3490.9,1343.1,1017.6
193.5,3492.4,1343.8,1018
193.6,3493.8,1344.5,1018.5
193.7,3495.3,1345.1,1018.9
193.8,3496.7,1345.8,1019.3
193.9,3498.2,1346.5,1019.7
194,3499.6,1347.1,1020.1
194.1,3501.1,1347.8,1020.6
194.2,3502.5,1348.5,1021
194.3,3504,1349.1,1021.4
194.4,3505.4,1349.8,1021.8
194.5,3506.8,1350.5,1022.2
194.6,3508.3,1351.1,1022.7
194.7,3509.7,1351.8,1023.1
194.8,3511.2,1352.5,1023.5
194.9,3512.6,1353.1,1023.9
195,3514.1,1353.8,1024.3
195.1,3515.5,1354.5,1024.7
195.2,3517,1355.1,1025.2
195.3,3518.4,1355.8,1025.6
195.4,3519.9,1356.5,1026
195.5,3521.3,1357.1,1026.4
195.6,3522.8,1357.8,1026.8
195.7,3524.2,1358.5,1027.2
195.8,3525.6,1359.1,1027.7
195.9,3527.1,1359.8,1028.1
196,3528.5,1360.5,1028.5
196.1,3530,1361.1,1028.9
196.2,3531.4,1361.8,1029.3
196.3,3532.9,1362.4,1029.7
196.4,3534.3,1363.1,1030.2
196.5,3535.8,1363.8,1030.6
196.6,3537.2,1364.4,1031
196.7,3538.7,1365.1,1031.4
196.8,3540.1,1365.7,1031.8
196.9,3541.6,1366.4,1032.2
197,3543,1367.1,1032.6
197.1,3544.5,1367.7,1033.1
197.2,3545.9,1368.4,1033.5
197.3,3547.4,1369,1033.9
197.4,3548.8,1369.7,1034.3
197.5,3550.3,1370.3,1034.7
197.6,3551.7,1371,1035.1
197.7,3553.1,1371.7,1035.5
197.8,3554.6,1372.3,1035.9
197.9,3556,1373,1036.4
198,3557.5,1373.6,1036.8
198.1,3558.9,1374.3,1037.2
198.2,3560.4,1374.9,1037.6
198.3,3561.8,1375.6,1038
198.4,3563.3,1376.3,1038.4
198.5,3564.7,1376.9,1038.8
198.6,3566.2,1377.6,1039.2
198.7,3567.6,1378.2,1039.7
198.8,3569.1,1378.9,1040.1
198.9,3570.5,1379.5,1040.5
199,3572,1380.2,1040.9
199.1,3573.4,1380.8,1041.3
199.2,3574.9,1381.5,1041.7
199.3,3576.3,1382.1,1042.1
199.4,3577.8,1382.8,1042.5
199.5,3579.2,1383.4,1042.9
199.6,3580.7,1384.1,1043.3
199.7,3582.1,1384.7,1043.7
199.8,3583.6,1385.4,1044.2
199.9,3585,1386,1044.6
200,3586.5,1386.7,1045
200.1,3587.9,1387.3,1045.4
200.2,3589.4,1388,1045.8
200.3,3590.8,1388.6,1046.2
200.4,3592.3,1389.3,1046.6
200.5,3593.8,1389.9,1047
200.6,3595.2,1390.6,1047.4
200.7,3596.7,1391.2,1047.8
200.8,3598.1,1391.9,1048.2
200.9,3599.6,1392.5,1048.6
201,3601,1393.1,1049
201.1,3602.5,1393.8,1049.5
201.2,3603.9,1394.4,1049.9
201.3,3605.4,1395.1,1050.3
201.4,3606.8,1395.7,1050.7
201.5,3608.3,1396.4,1051.1
201.6,3609.7,1397,1051.5
201.7,3611.2,1397.7,1051.9
201.8,3612.6,1398.3,1052.3
201.9,3614.1,1398.9,1052.7
202,3615.5,1399.6,1053.1
202.1,3617,1400.2,1053.5
202.2,3618.5,1400.9,1053.9
202.3,3619.9,1401.5,1054.3
202.4,3621.4,1402.1,1054.7
202.5,3622.8,1402.8,1055.1
202.6,3624.3,1403.4,1055.5
202.7,3625.7,1404.1,1055.9
202.8,3627.2,1404.7,1056.3
202.9,3628.6,1405.3,1056.7
203,3630.1,1406,1057.1
203.1,3631.5,1406.6,1057.5
203.2,3633,1407.3,1057.9
203.3,3634.5,1407.9,1058.3
203.4,3635.9,1408.5,1058.8
203.5,3637.4,1409.2,1059.2
203.6,3638.8,1409.8,1059.6
203.7,3640.3,1410.4,1060
203.8,3641.7,1411.1,1060.4
203.9,3643.2,1411.7,1060.8
204,3644.6,1412.3,1061.2
204.1,3646.1,1413,1061.6
204.2,3647.6,1413.6,1062
204.3,3649,1414.2,1062.4
204.4,3650.5,1414.9,1062.8
204.5,3651.9,1415.5,1063.2
204.6,3653.4,1416.1,1063.6
204.7,3654.9,1416.8,1064
204.8,3656.3,1417.4,1064.4
204.9,3657.8,1418,1064.8
205,3659.2,1418.7,1065.2
205.1,3660.7,1419.3,1065.6
205.2,3662.1,1419.9,1066
205.3,3663.6,1420.6,1066.4
205.4,3665.1,1421.2,1066.8
205.5,3666.5,1421.8,1067.2
205.6,3668,1422.5,1067.5
205.7,3669.4,1423.1,1067.9
205.8,3670.9,1423.7,1068.3
205.9,3672.4,1424.3,1068.7
206,3673.8,1425,1069.1
206.1,3675.3,1425.6,1069.5
206.2,3676.7,1426.2,1069.9
206.3,3678.2,1426.8,1070.3
206.4,3679.7,1427.5,1070.7
206.5,3681.1,1428.1,1071.1
206.6,3682.6,1428.7,1071.5
206.7,3684,1429.3,1071.9
206.8,3685.5,1430,1072.3
206.9,3687,1430.6,1072.7
207,3688.4,1431.2,1073.1
207.1,3689.9,1431.8,1073.5
207.2,3691.3,1432.5,1073.9
207.3,3692.8,1433.1,1074.3
207.4,3694.3,1433.7,1074.7
207.5,3695.7,1434.3,1075.1
207.6,3697.2,1435,1075.5
207.7,3698.7,1435.6,1075.9
207.8,3700.1,1436.2,1076.3
207.9,3701.6,1436.8,1076.7
208,3703,1437.4,1077
208.1,3704.5,1438.1,1077.4
208.2,3706,1438.7,1077.8
208.3,3707.4,1439.3,1078.2
208.4,3708.9,1439.9,1078.6
208.5,3710.4,1440.5,1079
208.6,3711.8,1441.2,1079.4
208.7,3713.3,1441.8,1079.8
208.8,3714.8,1442.4,1080.2
208.9,3716.2,1443,1080.6
209,3717.7,1443.6,1081
209.1,3719.2,1444.2,1081.4
209.2,3720.6,1444.9,1081.8
209.3,3722.1,1445.5,1082.1
209.4,3723.5,1446.1,1082.5
209.5,3725,1446.7,1082.9
209.6,3726.5,1447.3,1083.3
209.7,3727.9,1447.9,1083.7
209.8,3729.4,1448.6,1084.1
209.9,3730.9,1449.2,1084.5
210,3732.3,1449.8,1084.9
210.1,3733.8,1450.4,1085.3
210.2,3735.3,1451,1085.7
210.3,3736.7,1451.6,1086
210.4,3738.2,1452.2,1086.4
210.5,3739.7,1452.8,1086.8
210.6,3741.1,1453.5,1087.2
210.7,3742.6,1454.1,1087.6
210.8,3744.1,1454.7,1088
210.9,3745.6,1455.3,1088.4
211,3747,1455.9,1088.8
211.1,3748.5,1456.5,1089.2
211.2,3750,1457.1,1089.5
211.3,3751.4,1457.7,1089.9
211.4,3752.9,1458.3,1090.3
211.5,3754.4,1458.9,1090.7
211.6,3755.8,1459.5,1091.1
211.7,3757.3,1460.2,1091.5
211.8,3758.8,1460.8,1091.9
211.9,3760.2,1461.4,1092.2
212,3761.7,1462,1092.6
212.1,3763.2,1462.6,1093
212.2,3764.7,1463.2,1093.4
212.3,3766.1,1463.8,1093.8
212.4,3767.6,1464.4,1094.2
212.5,3769.1,1465,1094.6
212.6,3770.5,1465.6,1094.9
212.7,3772,1466.2,1095.3
212.8,3773.5,1466.8,1095.7
212.9,3775,1467.4,1096.1
213,3776.4,1468,1096.5
213.1,3777.9,1468.6,1096.9
213.2,3779.4,1469.2,1097.3
213.3,3780.8,1469.8,1097.6
213.4,3782.3,1470.4,1098
213.5,3783.8,1471,1098.4
213.6,3785.3,1471.6,1098.8
213.7,3786.7,1472.2,1099.2
213.8,3788.2,1472.8,1099.6
213.9,3789.7,1473.4,1099.9
214,3791.2,1474,1100.3
214.1,3792.6,1474.6,1100.7
214.2,3794.1,1475.2,1101.1
214.3,3795.6,1475.8,1101.5
214.4,3797.1,1476.4,1101.8
214.5,3798.5,1477,1102.2
214.6,3800,1477.6,1102.6
214.7,3801.5,1478.2,1103
214.8,3803,1478.8,1103.4
214.9,3804.4,1479.4,1103.8
215,3805.9,1480,1104.1
215.1,3807.4,1480.6,1104.5
215.2,3808.9,1481.2,1104.9
215.3,3810.3,1481.8,1105.3
215.4,3811.8,1482.4,1105.7
215.5,3813.3,1483,1106
215.6,3814.8,1483.6,1106.4
215.7,3816.2,1484.2,1106.8
215.8,3817.7,1484.8,1107.2
215.9,3819.2,1485.3,1107.6
216,3820.7,1485.9,1107.9
216.1,3822.2,1486.5,1108.3
216.2,3823.6,1487.1,1108.7
216.3,3825.1,1487.7,1109.1
216.4,3826.6,1488.3,1109.4
216.5,3828.1,1488.9,1109.8
216.6,3829.5,1489.5,1110.2
216.7,3831,1490.1,1110.6
216.8,3832.5,1490.7,1111
216.9,3834,1491.2,1111.3
217,3835.5,1491.8,1111.7
217.1,3836.9,1492.4,1112.1
217.2,3838.4,1493,1112.5
217.3,3839.9,1493.6,1112.8
217.4,3841.4,1494.2,1113.2
217.5,3842.9,1494.8,1113.6
217.6,3844.3,1495.4,1114
217.7,3845.8,1495.9,1114.3
217.8,3847.3,1496.5,1114.7
217.9,3848.8,1497.1,1115.1
218,3850.3,1497.7,1115.5
218.1,3851.7,1498.3,1115.8
218.2,3853.2,1498.9,1116.2
218.3,3854.7,1499.5,1116.6
218.4,3856.2,1500,1117
218.5,3857.7,1500.6,1117.3
218.6,3859.2,1501.2,1117.7
218.7,3860.6,1501.8,1118.1
218.8,3862.1,1502.4,1118.5
218.9,3863.6,1502.9,1118.8
219,3865.1,1503.5,1119.2
219.1,3866.6,1504.1,1119.6
219.2,3868.1,1504.7,1120
219.3,3869.5,1505.3,1120.3
219.4,3871,1505.9,1120.7
219.5,3872.5,1506.4,1121.1
219.6,3874,1507,1121.5
219.7,3875.5,1507.6,1121.8
219.8,3877,1508.2,1122.2
219.9,3878.4,1508.7,1122.6
220,3879.9,1509.3,1122.9
220.1,3881.4,1509.9,1123.3
220.2,3882.9,1510.5,1123.7
220.3,3884.4,1511.1,1124.1
220.4,3885.9,1511.6,1124.4
220.5,3887.4,1512.2,1124.8
220.6,3888.8,1512.8,1125.2
220.7,3890.3,1513.4,1125.5
220.8,3891.8,1513.9,1125.9
220.9,3893.3,1514.5,1126.3
221,3894.8,1515.1,1126.6
221.1,3896.3,1515.7,1127
221.2,3897.8,1516.2,1127.4
221.3,3899.3,1516.8,1127.8
221.4,3900.7,1517.4,1128.1
221.5,3902.2,1517.9,1128.5
221.6,3903.7,1518.5,1128.9
221.7,3905.2,1519.1,1129.2
221.8,3906.7,1519.7,1129.6
221.9,3908.2,1520.2,1130
222,3909.7,1520.8,1130.3
222.1,3911.2,1521.4,1130.7
222.2,3912.7,1521.9,1131.1
222.3,3914.1,1522.5,1131.4
222.4,3915.6,1523.1,1131.8
222.5,3917.1,1523.6,1132.2
222.6,3918.6,1524.2,1132.5
222.7,3920.1,1524.8,1132.9
222.8,3921.6,1525.4,1133.3
222.9,3923.1,1525.9,1133.6
223,3924.6,1526.5,1134
223.1,3926.1,1527.1,1134.4
223.2,3927.6,1527.6,1134.7
223.3,3929.1,1528.2,1135.1
223.4,3930.5,1528.8,1135.5
223.5,3932,1529.3,1135.8
223.6,3933.5,1529.9,1136.2
223.7,3935,1530.4,1136.6
223.8,3936.5,1531,1136.9
223.9,3938,1531.6,1137.3
224,3939.5,1532.1,1137.7
224.1,3941,1532.7,1138
224.2,3942.5,1533.3,1138.4
224.3,3944,1533.8,1138.8
224.4,3945.5,1534.4,1139.1
224.5,3947,1534.9,1139.5
224.6,3948.5,1535.5,1139.8
224.7,3950,1536.1,1140.2
224.8,3951.4,1536.6,1140.6
224.9,3952.9,1537.2,1140.9
225,3954.4,1537.7,1141.3
225.1,3955.9,1538.3,1141.7
225.2,3957.4,1538.9,1142
225.3,3958.9,1539.4,1142.4
225.4,3960.4,1540,1142.7
225.5,3961.9,1540.5,1143.1
225.6,3963.4,1541.1,1143.5
225.7,3964.9,1541.7,1143.8
225.8,3966.4,1542.2,1144.2
225.9,3967.9,1542.8,1144.6
226,3969.4,1543.3,1144.9
226.1,3970.9,1543.9,1145.3
226.2,3972.4,1544.4,1145.6
226.3,3973.9,1545,1146
226.4,3975.4,1545.5,1146.4
226.5,3976.9,1546.1,1146.7
226.6,3978.4,1546.7,1147.1
226.7,3979.9,1547.2,1147.4
226.8,3981.4,1547.8,1147.8
226.9,3982.9,1548.3,1148.2
227,3984.4,1548.9,1148.5
227.1,3985.9,1549.4,1148.9
227.2,3987.4,1550,1149.2
227.3,3988.9,1550.5,1149.6
227.4,3990.4,1551.1,1149.9
227.5,3991.9,1551.6,1150.3
227.6,3993.4,1552.2,1150.7
227.7,3994.9,1552.7,1151
227.8,3996.4,1553.3,1151.4
227.9,3997.9,1553.8,1151.7
228,3999.4,1554.4,1152.1
228.1,4000.9,1554.9,1152.4
228.2,4002.4,1555.5,1152.8
228.3,4003.9,1556,1153.2
228.4,4005.4,1556.6,1153.5
228.5,4006.9,1557.1,1153.9
228.6,4008.4,1557.7,1154.2
228.7,4009.9,1558.2,1154.6
228.8,4011.4,1558.8,1154.9
228.9,4012.9,1559.3,1155.3
229,4014.4,1559.8,1155.7
229.1,4015.9,1560.4,1156
229.2,4017.4,1560.9,1156.4
229.3,4018.9,1561.5,1156.7
229.4,4020.4,1562,1157.1
229.5,4021.9,1562.6,1157.4
229.6,4023.4,1563.1,1157.8
229.7,4024.9,1563.7,1158.1
229.8,4026.4,1564.2,1158.5
229.9,4027.9,1564.7,1158.8
230,4029.4,1565.3,1159.2
230.1,4030.9,1565.8,1159.6
230.2,4032.4,1566.4,1159.9
230.3,4033.9,1566.9,1160.3
230.4,4035.4,1567.4,1160.6
230.5,4036.9,1568,1161
230.6,4038.4,1568.5,1161.3
230.7,4039.9,1569.1,1161.7
230.8,4041.5,1569.6,1162
230.9,4043,1570.1,1162.4
231,4044.5,1570.7,1162.7
231.1,4046,1571.2,1163.1
231.2,4047.5,1571.8,1163.4
231.3,4049,1572.3,1163.8
231.4,4050.5,1572.8,1164.1
231.5,4052,1573.4,1164.5
231.6,4053.5,1573.9,1164.8
231.7,4055,1574.4,1165.2
231.8,4056.5,1575,1165.5
231.9,4058,1575.5,1165.9
232,4059.5,1576,1166.2
232.1,4061,1576.6,1166.6
232.2,4062.6,1577.1,1166.9
232.3,4064.1,1577.6,1167.3
232.4,4065.6,1578.2,1167.6
232.5,4067.1,1578.7,1168
232.6,4068.6,1579.2,1168.3
232.7,4070.1,1579.8,1168.7
232.8,4071.6,1580.3,1169
232.9,4073.1,1580.8,1169.4
233,4074.6,1581.4,1169.7
233.1,4076.1,1581.9,1170.1
233.2,4077.6,1582.4,1170.4
233.3,4079.2,1583,1170.8
233.4,4080.7,1583.5,1171.1
233.5,4082.2,1584,1171.5
233.6,4083.7,1584.5,1171.8
233.7,4085.2,1585.1,1172.2
233.8,4086.7,1585.6,1172.5
233.9,4088.2,1586.1,1172.8
234,4089.7,1586.7,1173.2
234.1,4091.2,1587.2,1173.5
234.2,4092.8,1587.7,1173.9
234.3,4094.3,1588.2,1174.2
234.4,4095.8,1588.8,1174.6
234.5,4097.3,1589.3,1174.9
234.6,4098.8,1589.8,1175.3
234.7,4100.3,1590.3,1175.6
234.8,4101.8,1590.9,1176
234.9,4103.4,1591.4,1176.3
235,4104.9,1591.9,1176.6
235.1,4106.4,1592.4,1177
235.2,4107.9,1593,1177.3
235.3,4109.4,1593.5,1177.7
235.4,4110.9,1594,1178
235.5,4112.4,1594.5,1178.4
235.6,4114,1595,1178.7
235.7,4115.5,1595.6,1179.1
235.8,4117,1596.1,1179.4
235.9,4118.5,1596.6,1179.7
236,4120,1597.1,1180.1
236.1,4121.5,1597.6,1180.4
236.2,4123,1598.2,1180.8
236.3,4124.6,1598.7,1181.1
236.4,4126.1,1599.2,1181.5
236.5,4127.6,1599.7,1181.8
236.6,4129.1,1600.2,1182.1
236.7,4130.6,1600.8,1182.5
236.8,4132.1,1601.3,1182.8
236.9,4133.7,1601.8,1183.2
237,4135.2,1602.3,1183.5
237.1,4136.7,1602.8,1183.8
237.2,4138.2,1603.3,1184.2
237.3,4139.7,1603.9,1184.5
237.4,4141.3,1604.4,1184.9
237.5,4142.8,1604.9,1185.2
237.6,4144.3,1605.4,1185.5
237.7,4145.8,1605.9,1185.9
237.8,4147.3,1606.4,1186.2
237.9,4148.9,1606.9,1186.6
238,4150.4,1607.5,1186.9
238.1,4151.9,1608,1187.2
238.2,4153.4,1608.5,1187.6
238.3,4154.9,1609,1187.9
238.4,4156.5,1609.5,1188.3
238.5,4158,1610,1188.6
238.6,4159.5,1610.5,1188.9
238.7,4161,1611,1189.3
238.8,4162.5,1611.5,1189.6
238.9,4164.1,1612.1,1189.9
239,4165.6,1612.6,1190.3
239.1,4167.1,1613.1,1190.6
239.2,4168.6,1613.6,1191
239.3,4170.1,1614.1,1191.3
239.4,4171.7,1614.6,1191.6
239.5,4173.2,1615.1,1192
239.6,4174.7,1615.6,1192.3
239.7,4176.2,1616.1,1192.6
239.8,4177.8,1616.6,1193
239.9,4179.3,1617.1,1193.3
240,4180.8,1617.6,1193.7
