0,0.045754,0.0096287,0.04672
0.1,0.045759,0.0096287,0.046727
0.2,0.045769,0.0096289,0.046743
0.3,0.045785,0.0096292,0.046766
0.4,0.045805,0.0096301,0.046796
0.5,0.045831,0.0096311,0.046834
0.6,0.045862,0.0096321,0.04688
0.7,0.045899,0.009633,0.046934
0.8,0.045941,0.009634,0.046996
0.9,0.045988,0.009635,0.047066
1,0.046041,0.009636,0.047144
1.1,0.046099,0.0096369,0.04723
1.2,0.046162,0.0096379,0.047323
1.3,0.046231,0.0096389,0.047424
1.4,0.046304,0.0096406,0.047532
1.5,0.046382,0.0096424,0.047648
1.6,0.046466,0.0096441,0.047771
1.7,0.046554,0.0096459,0.047902
1.8,0.046648,0.0096476,0.04804
1.9,0.046747,0.0096494,0.048186
2,0.046852,0.0096511,0.04834
2.1,0.046961,0.0096529,0.048502
2.2,0.047076,0.0096546,0.048671
2.3,0.047195,0.0096564,0.048846
2.4,0.047319,0.0096589,0.049027
2.5,0.047448,0.0096614,0.049216
2.6,0.047581,0.0096639,0.049413
2.7,0.04772,0.0096664,0.049616
2.8,0.047863,0.0096689,0.049827
2.9,0.048011,0.0096714,0.050045
3,0.048165,0.0096739,0.05027
3.1,0.048323,0.0096764,0.050503
3.2,0.048486,0.0096789,0.050742
3.3,0.048654,0.0096814,0.050986
3.4,0.048826,0.0096841,0.051238
3.5,0.049002,0.0096869,0.051496
3.6,0.049183,0.0096898,0.051761
3.7,0.049369,0.0096927,0.052032
3.8,0.049559,0.0096957,0.052311
3.9,0.049754,0.0096988,0.052596
4,0.049954,0.009702,0.052888
4.1,0.050158,0.0097052,0.053187
4.2,0.050367,0.0097085,0.053491
4.3,0.050581,0.0097118,0.053802
4.4,0.0508,0.0097152,0.054119
4.5,0.051024,0.0097187,0.054442
4.6,0.051252,0.0097222,0.054772
4.7,0.051485,0.0097259,0.055108
4.8,0.051722,0.0097295,0.055449
4.9,0.051964,0.0097333,0.055797
5,0.05221,0.0097371,0.056151
5.1,0.05246,0.009741,0.056511
5.2,0.052715,0.0097449,0.056877
5.3,0.052974,0.0097489,0.057249
5.4,0.053238,0.009753,0.057626
5.5,0.053505,0.0097572,0.05801
5.6,0.053777,0.0097614,0.058399
5.7,0.054053,0.0097657,0.058794
5.8,0.054334,0.00977,0.059195
5.9,0.054619,0.0097745,0.059601
6,0.054907,0.009779,0.060013
6.1,0.0552,0.0097835,0.06043
6.2,0.055497,0.0097881,0.060853
6.3,0.055799,0.0097928,0.061281
6.4,0.056104,0.0097976,0.061715
6.5,0.056413,0.0098024,0.062154
6.6,0.056727,0.0098073,0.062599
6.7,0.057044,0.0098123,0.063049
6.8,0.057366,0.0098173,0.063505
6.9,0.057691,0.0098224,0.063966
7,0.05802,0.0098275,0.064432
7.1,0.058354,0.0098328,0.064904
7.2,0.058691,0.0098381,0.06538
7.3,0.059032,0.0098434,0.065862
7.4,0.059377,0.0098489,0.066349
7.5,0.059726,0.0098544,0.066841
7.6,0.060078,0.0098599,0.067338
7.7,0.060435,0.0098655,0.067839
7.8,0.060795,0.0098711,0.068346
7.9,0.061159,0.0098767,0.068858
8,0.061527,0.0098825,0.069374
8.1,0.061898,0.0098882,0.069895
8.2,0.062273,0.0098941,0.070421
8.3,0.062652,0.0099,0.070952
8.4,0.063034,0.0099059,0.071487
8.5,0.06342,0.0099119,0.072027
8.6,0.063809,0.009918,0.072571
8.7,0.064202,0.0099242,0.07312
8.8,0.064602,0.0099304,0.073674
8.9,0.065007,0.0099367,0.074232
9,0.065417,0.009943,0.074794
9.1,0.06583,0.0099494,0.075362
9.2,0.066248,0.0099559,0.075934
9.3,0.066669,0.0099624,0.076511
9.4,0.067094,0.009969,0.077093
9.5,0.067522,0.0099756,0.077678
9.6,0.067955,0.0099823,0.078268
9.7,0.068391,0.0099891,0.078863
9.8,0.068831,0.0099959,0.079461
9.9,0.069275,0.010003,0.080064
10,0.069722,0.01001,0.080671
10.1,0.070173,0.010017,0.081282
10.2,0.070628,0.010024,0.081897
10.3,0.071087,0.010031,0.082517
10.4,0.071549,0.010038,0.08314
10.5,0.072015,0.010046,0.083768
10.6,0.072484,0.010053,0.084399
10.7,0.072957,0.01006,0.085034
10.8,0.073434,0.010068,0.085674
10.9,0.073914,0.010075,0.086317
11,0.074398,0.010083,0.086964
11.1,0.074885,0.01009,0.087614
11.2,0.075376,0.010098,0.088269
11.3,0.07587,0.010106,0.088927
11.4,0.076368,0.010114,0.089589
11.5,0.076869,0.010122,0.090256
11.6,0.077374,0.01013,0.090927
11.7,0.077883,0.010138,0.091601
11.8,0.078394,0.010146,0.092279
11.9,0.07891,0.010154,0.092961
12,0.079428,0.010162,0.093647
12.1,0.07995,0.01017,0.094336
12.2,0.080476,0.010179,0.095028
12.3,0.081005,0.010187,0.095725
12.4,0.081537,0.010195,0.096425
12.5,0.082072,0.010204,0.097128
12.6,0.082611,0.010212,0.097835
12.7,0.083153,0.010221,0.098545
12.8,0.083699,0.010229,0.099259
12.9,0.084247,0.010238,0.099976
13,0.084799,0.010247,0.1007
13.1,0.085355,0.010256,0.10142
13.2,0.085913,0.010265,0.10215
13.3,0.086483,0.010274,0.10288
13.4,0.087058,0.010282,0.10361
13.5,0.087638,0.010292,0.10435
13.6,0.088222,0.010301,0.10509
13.7,0.088811,0.01031,0.10583
13.8,0.089404,0.010319,0.10658
13.9,0.090002,0.010328,0.10734
14,0.090605,0.010338,0.10811
14.1,0.091214,0.010347,0.10889
14.2,0.091826,0.010356,0.10967
14.3,0.092444,0.010366,0.11047
14.4,0.093067,0.010375,0.11127
14.5,0.093695,0.010385,0.11207
14.6,0.094329,0.010395,0.11289
14.7,0.094967,0.010404,0.11371
14.8,0.095611,0.010414,0.11454
14.9,0.09626,0.010424,0.11538
15,0.096914,0.010436,0.11623
15.1,0.097574,0.010455,0.11709
15.2,0.09826,0.01048,0.11796
15.3,0.098973,0.010515,0.11884
15.4,0.099709,0.010559,0.11976
15.5,0.10047,0.010612,0.12071
15.6,0.10126,0.010676,0.12169
15.7,0.10207,0.010749,0.12271
15.8,0.10292,0.010832,0.12376
15.9,0.10379,0.010924,0.12484
16,0.10469,0.011025,0.12596
16.1,0.10563,0.011136,0.12712
16.2,0.10661,0.011256,0.12832
16.3,0.10761,0.011386,0.12956
16.4,0.10864,0.011526,0.13083
16.5,0.10971,0.011675,0.13214
16.6,0.1108,0.011833,0.13349
16.7,0.11193,0.012,0.13487
16.8,0.11309,0.012176,0.13629
16.9,0.11428,0.012362,0.13774
17,0.1155,0.012557,0.13923
17.1,0.11675,0.012761,0.14075
17.2,0.11803,0.012975,0.14231
17.3,0.11934,0.013198,0.1439
17.4,0.12067,0.013429,0.14552
17.5,0.12204,0.013669,0.14717
17.6,0.12343,0.013918,0.14886
17.7,0.12486,0.014177,0.15058
17.8,0.12631,0.014444,0.15233
17.9,0.12779,0.01472,0.15411
18,0.1293,0.015006,0.15593
18.1,0.13084,0.0153,0.15779
18.2,0.13241,0.015603,0.15967
18.3,0.13401,0.015914,0.16158
18.4,0.13564,0.016235,0.16352
18.5,0.13729,0.016564,0.1655
18.6,0.13897,0.016902,0.1675
18.7,0.14069,0.017249,0.16953
18.8,0.14242,0.017605,0.17159
18.9,0.14419,0.017969,0.17368
19,0.14598,0.018342,0.1758
19.1,0.1478,0.018724,0.17794
19.2,0.14965,0.019114,0.18011
19.3,0.15152,0.019513,0.18231
19.4,0.15342,0.019921,0.18454
19.5,0.15535,0.020337,0.1868
19.6,0.15731,0.020761,0.18909
19.7,0.1593,0.021194,0.19141
19.8,0.16131,0.021636,0.19376
19.9,0.16335,0.022086,0.19613
20,0.16542,0.022545,0.19853
20.1,0.16752,0.023011,0.20096
20.2,0.16965,0.023487,0.20341
20.3,0.1718,0.02397,0.20589
20.4,0.17398,0.024462,0.2084
20.5,0.17618,0.024963,0.21093
20.6,0.17841,0.025471,0.21349
20.7,0.18067,0.025989,0.21607
20.8,0.18296,0.026515,0.21867
20.9,0.18527,0.027049,0.22131
21,0.18761,0.027592,0.22396
21.1,0.18997,0.028143,0.22665
21.2,0.19237,0.028702,0.22936
21.3,0.19479,0.029269,0.2321
21.4,0.19724,0.029845,0.23486
21.5,0.19972,0.030429,0.23764
21.6,0.20223,0.031021,0.24045
21.7,0.20476,0.031622,0.24329
21.8,0.20732,0.03223,0.24614
21.9,0.2099,0.032847,0.24903
22,0.21252,0.033472,0.25193
22.1,0.21516,0.034104,0.25486
22.2,0.21782,0.034745,0.25781
22.3,0.22052,0.035395,0.26079
22.4,0.22324,0.036052,0.26378
22.5,0.22599,0.036719,0.2668
22.6,0.22876,0.037393,0.26985
22.7,0.23157,0.038076,0.27292
22.8,0.2344,0.038767,0.27601
22.9,0.23726,0.039466,0.27912
23,0.24014,0.040173,0.28225
23.1,0.24306,0.040888,0.28541
23.2,0.246,0.041612,0.28859
23.3,0.24897,0.042343,0.29179
23.4,0.25196,0.043083,0.29501
23.5,0.25498,0.043831,0.29825
23.6,0.25804,0.044587,0.30152
23.7,0.26111,0.045351,0.3048
23.8,0.26422,0.046123,0.30811
23.9,0.26735,0.046903,0.31144
24,0.27051,0.047691,0.31478
24.1,0.2737,0.048487,0.31815
24.2,0.27691,0.049293,0.32154
24.3,0.28015,0.050106,0.32495
24.4,0.28342,0.050928,0.32838
24.5,0.28672,0.051757,0.33183
24.6,0.29005,0.052595,0.3353
24.7,0.2934,0.053442,0.33879
24.8,0.29678,0.054296,0.3423
24.9,0.30019,0.055158,0.34583
25,0.30362,0.056029,0.34938
25.1,0.30709,0.056908,0.35295
25.2,0.31058,0.057795,0.35653
25.3,0.3141,0.05869,0.36014
25.4,0.31765,0.059594,0.36376
25.5,0.32122,0.060505,0.3674
25.6,0.32482,0.061425,0.37106
25.7,0.32846,0.062353,0.37474
25.8,0.33213,0.063289,0.37844
25.9,0.33583,0.064233,0.38216
26,0.33957,0.065186,0.3859
26.1,0.34333,0.066148,0.38966
26.2,0.34712,0.067118,0.39343
26.3,0.35093,0.068096,0.39723
26.4,0.35478,0.069082,0.40104
26.5,0.35866,0.070077,0.40486
26.6,0.36256,0.07108,0.40871
26.7,0.36649,0.072092,0.41257
26.8,0.37045,0.073112,0.41645
26.9,0.37444,0.07414,0.42035
27,0.37846,0.075177,0.42426
27.1,0.38251,0.076222,0.42819
27.2,0.38658,0.077275,0.43214
27.3,0.39068,0.078337,0.4361
27.4,0.39482,0.079407,0.44008
27.5,0.39898,0.080485,0.44408
27.6,0.40317,0.081572,0.44809
27.7,0.40738,0.082665,0.45212
27.8,0.41163,0.083764,0.45616
27.9,0.4159,0.084871,0.46022
28,0.42021,0.085986,0.46429
28.1,0.42454,0.087109,0.46838
28.2,0.4289,0.08824,0.47249
28.3,0.43329,0.089378,0.47661
28.4,0.43771,0.090525,0.48074
28.5,0.44215,0.09168,0.48489
28.6,0.44663,0.092842,0.48905
28.7,0.45113,0.094013,0.49323
28.8,0.45566,0.095191,0.49743
28.9,0.46022,0.096377,0.50163
29,0.46481,0.097571,0.50585
29.1,0.46943,0.098773,0.51009
29.2,0.47407,0.099983,0.51434
29.3,0.47875,0.1012,0.5186
29.4,0.48345,0.10243,0.52288
29.5,0.48816,0.10366,0.52717
29.6,0.49286,0.1049,0.53147
29.7,0.49763,0.10615,0.53578
29.8,0.50248,0.10741,0.54011
29.9,0.50733,0.10867,0.54435
30,0.51221,0.10995,0.54858
30.1,0.51708,0.11123,0.5528
30.2,0.52184,0.11251,0.55701
30.3,0.52654,0.1138,0.56119
30.4,0.53123,0.11509,0.56536
30.5,0.53593,0.11638,0.5695
30.6,0.54063,0.11766,0.57362
30.7,0.54533,0.11895,0.57771
30.8,0.55002,0.12024,0.58177
30.9,0.55472,0.12153,0.5858
31,0.55942,0.12282,0.58979
31.1,0.56412,0.1241,0.59376
31.2,0.56869,0.12539,0.59768
31.3,0.5732,0.12667,0.60157
31.4,0.57772,0.12796,0.60541
31.5,0.58224,0.12924,0.60921
31.6,0.58676,0.13051,0.61297
31.7,0.59128,0.13179,0.61668
31.8,0.5958,0.13306,0.62033
31.9,0.60032,0.13432,0.62394
32,0.60468,0.13558,0.62749
32.1,0.60902,0.13684,0.63105
32.2,0.61335,0.1381,0.63456
32.3,0.61769,0.13935,0.63804
32.4,0.62203,0.1406,0.64147
32.5,0.62636,0.14185,0.64485
32.6,0.6307,0.14309,0.6482
32.7,0.63502,0.14433,0.65149
32.8,0.63917,0.14556,0.65474
32.9,0.64332,0.14679,0.65795
33,0.64747,0.14802,0.6611
33.1,0.65162,0.14925,0.66421
33.2,0.65577,0.15047,0.66731
33.3,0.65992,0.15169,0.67037
33.4,0.66407,0.15291,0.67339
33.5,0.6682,0.15412,0.67638
33.6,0.67224,0.15533,0.67932
33.7,0.67626,0.15654,0.68223
33.8,0.68026,0.15774,0.68511
33.9,0.68424,0.15894,0.68794
34,0.68819,0.16014,0.69074
34.1,0.69212,0.16133,0.6935
34.2,0.69602,0.16252,0.69622
34.3,0.69991,0.16371,0.69892
34.4,0.70377,0.16489,0.70158
34.5,0.7076,0.16607,0.70421
34.6,0.71141,0.16725,0.70681
34.7,0.7152,0.16842,0.70937
34.8,0.71896,0.16959,0.71191
34.9,0.72271,0.17075,0.71441
35,0.72642,0.1719,0.71688
35.1,0.73012,0.17305,0.71931
35.2,0.73379,0.1742,0.72172
35.3,0.73744,0.17535,0.7241
35.4,0.74106,0.17649,0.72644
35.5,0.74466,0.17763,0.72874
35.6,0.74824,0.17876,0.73102
35.7,0.7518,0.17989,0.73326
35.8,0.75533,0.18102,0.73548
35.9,0.75883,0.18214,0.73766
36,0.76232,0.18326,0.73981
36.1,0.76578,0.18438,0.74194
36.2,0.76919,0.18549,0.74404
36.3,0.77258,0.1866,0.74611
36.4,0.77594,0.1877,0.74815
36.5,0.77928,0.1888,0.75016
36.6,0.7826,0.1899,0.75215
36.7,0.78589,0.19099,0.75411
36.8,0.78915,0.19208,0.75604
36.9,0.79239,0.19317,0.75794
37,0.7956,0.19425,0.75982
37.1,0.79879,0.19533,0.76168
37.2,0.80196,0.19641,0.76351
37.3,0.8051,0.19748,0.76531
37.4,0.80821,0.19855,0.76709
37.5,0.8113,0.19961,0.76883
37.6,0.81436,0.20067,0.77054
37.7,0.8174,0.20173,0.77223
37.8,0.82041,0.20278,0.77389
37.9,0.8234,0.20383,0.77552
38,0.82636,0.20488,0.77713
38.1,0.8293,0.20592,0.77872
38.2,0.83222,0.20696,0.78027
38.3,0.8351,0.20799,0.78181
38.4,0.83797,0.20901,0.78332
38.5,0.84081,0.21002,0.7848
38.6,0.84362,0.21103,0.78627
38.7,0.84641,0.21204,0.7877
38.8,0.84916,0.21304,0.78912
38.9,0.85188,0.21404,0.79051
39,0.85458,0.21503,0.79188
39.1,0.85725,0.21602,0.79322
39.2,0.8599,0.21701,0.79454
39.3,0.86252,0.21799,0.79584
39.4,0.86512,0.21897,0.79712
39.5,0.86769,0.21994,0.79837
39.6,0.87023,0.22091,0.7996
39.7,0.87275,0.22187,0.8008
39.8,0.87524,0.22283,0.80198
39.9,0.8777,0.22378,0.80313
40,0.88014,0.22473,0.80427
40.1,0.88255,0.22568,0.80538
40.2,0.88494,0.22662,0.80647
40.3,0.8873,0.22756,0.80754
40.4,0.88964,0.22849,0.80858
40.5,0.89195,0.22942,0.80961
40.6,0.89423,0.23035,0.81061
40.7,0.89649,0.23127,0.81159
40.8,0.89872,0.23218,0.81255
40.9,0.90093,0.2331,0.81349
41,0.9031,0.234,0.81441
41.1,0.90526,0.23491,0.81531
41.2,0.90739,0.23581,0.81619
41.3,0.90949,0.2367,0.81704
41.4,0.91156,0.23759,0.81788
41.5,0.91362,0.23848,0.8187
41.6,0.91564,0.23936,0.8195
41.7,0.91764,0.24024,0.82027
41.8,0.91962,0.24111,0.82103
41.9,0.92156,0.24197,0.82176
42,0.92349,0.24283,0.82248
42.1,0.92538,0.24368,0.82317
42.2,0.92725,0.24453,0.82385
42.3,0.9291,0.24537,0.82451
42.4,0.93092,0.2462,0.82514
42.5,0.93271,0.24703,0.82576
42.6,0.93448,0.24786,0.82636
42.7,0.93622,0.24868,0.82695
42.8,0.93793,0.2495,0.82751
42.9,0.93962,0.25031,0.82805
43,0.94129,0.25112,0.82858
43.1,0.94292,0.25192,0.82909
43.2,0.94454,0.25272,0.82958
43.3,0.94612,0.25351,0.83005
43.4,0.94768,0.2543,0.83051
43.5,0.94922,0.25508,0.83095
43.6,0.95073,0.25586,0.83137
43.7,0.95221,0.25664,0.83177
43.8,0.95367,0.25741,0.83215
43.9,0.9551,0.25817,0.83252
44,0.95653,0.25893,0.83287
44.1,0.95795,0.25968,0.8332
44.2,0.95935,0.26043,0.83352
44.3,0.96072,0.26118,0.83382
44.4,0.96207,0.26192,0.8341
44.5,0.9634,0.26266,0.83437
44.6,0.9647,0.26339,0.83462
44.7,0.96597,0.26411,0.83485
44.8,0.96722,0.26483,0.83507
44.9,0.96845,0.26555,0.83527
45,0.96965,0.26626,0.83545
45.1,0.97083,0.26697,0.83562
45.2,0.97199,0.26767,0.83578
45.3,0.97312,0.26837,0.83592
45.4,0.97423,0.26906,0.83604
45.5,0.97531,0.26975,0.83615
45.6,0.97637,0.27042,0.83625
45.7,0.9774,0.2711,0.83632
45.8,0.97841,0.27177,0.83637
45.9,0.9794,0.27243,0.83641
46,0.98036,0.27309,0.83644
46.1,0.98129,0.27375,0.83645
46.2,0.98221,0.2744,0.83644
46.3,0.98309,0.27504,0.83642
46.4,0.98396,0.27568,0.83639
46.5,0.9848,0.27632,0.83634
46.6,0.98561,0.27695,0.83627
46.7,0.98641,0.27757,0.83619
46.8,0.98717,0.27819,0.8361
46.9,0.98792,0.27881,0.83599
47,0.98864,0.27942,0.83587
47.1,0.98933,0.28002,0.83574
47.2,0.99,0.28062,0.83559
47.3,0.99065,0.28122,0.83543
47.4,0.99127,0.28181,0.83526
47.5,0.99187,0.28239,0.83507
47.6,0.99244,0.28297,0.83487
47.7,0.99299,0.28355,0.83465
47.8,0.99352,0.28412,0.83442
47.9,0.99402,0.28468,0.83418
48,0.99449,0.28524,0.83393
48.1,0.99495,0.2858,0.83366
48.2,0.99538,0.28635,0.83339
48.3,0.99578,0.2869,0.8331
48.4,0.99616,0.28744,0.83279
48.5,0.99651,0.28797,0.83248
48.6,0.99685,0.2885,0.83215
48.7,0.99715,0.28903,0.83181
48.8,0.99744,0.28955,0.83146
48.9,0.99773,0.29006,0.8311
49,0.99803,0.29057,0.83073
49.1,0.99831,0.29109,0.83034
49.2,0.99856,0.29159,0.82994
49.3,0.9988,0.2921,0.82954
49.4,0.99901,0.29259,0.82912
49.5,0.9992,0.29309,0.82869
49.6,0.99938,0.29358,0.82825
49.7,0.99953,0.29406,0.8278
49.8,0.99966,0.29454,0.82733
49.9,0.99977,0.29501,0.82686
50,0.99986,0.29548,0.82638
50.1,0.99992,0.29595,0.82588
50.2,0.99997,0.29641,0.82538
50.3,1,0.29686,0.82487
50.4,1,0.29731,0.82435
50.5,0.99998,0.29776,0.82381
50.6,0.99995,0.2982,0.82327
50.7,0.99989,0.29863,0.82272
50.8,0.99981,0.29907,0.82213
50.9,0.99971,0.29949,0.82154
51,0.99959,0.29991,0.82094
51.1,0.99945,0.30033,0.82032
51.2,0.99928,0.30074,0.8197
51.3,0.9991,0.30115,0.81906
51.4,0.9989,0.30155,0.81841
51.5,0.99867,0.30195,0.81776
51.6,0.99842,0.30234,0.81709
51.7,0.99816,0.30273,0.81642
51.8,0.99787,0.30312,0.81573
51.9,0.99756,0.3035,0.81504
52,0.99723,0.30387,0.81433
52.1,0.99688,0.30424,0.81362
52.2,0.9965,0.30461,0.8129
52.3,0.99611,0.30497,0.81216
52.4,0.9957,0.30532,0.81142
52.5,0.99529,0.30567,0.81067
52.6,0.99491,0.30602,0.80991
52.7,0.99451,0.30636,0.80914
52.8,0.99409,0.30669,0.80836
52.9,0.99366,0.30703,0.80758
53,0.99321,0.30735,0.80678
53.1,0.99274,0.30767,0.80598
53.2,0.99225,0.30799,0.80517
53.3,0.99175,0.3083,0.80435
53.4,0.99123,0.30861,0.80352
53.5,0.99069,0.30892,0.80268
53.6,0.99014,0.30921,0.80184
53.7,0.98957,0.30951,0.80098
53.8,0.98898,0.3098,0.80012
53.9,0.98837,0.31008,0.79925
54,0.98775,0.31036,0.79838
54.1,0.98711,0.31063,0.79749
54.2,0.98645,0.3109,0.7966
54.3,0.98578,0.31117,0.7957
54.4,0.98509,0.31143,0.7948
54.5,0.98438,0.31168,0.79388
54.6,0.98365,0.31194,0.79296
54.7,0.98291,0.31218,0.79204
54.8,0.98215,0.31242,0.7911
54.9,0.98137,0.31266,0.79016
55,0.98058,0.3129,0.78921
55.1,0.97977,0.31315,0.78826
55.2,0.97894,0.31338,0.78729
55.3,0.9781,0.31362,0.78633
55.4,0.97723,0.31385,0.78535
55.5,0.97635,0.31407,0.78437
55.6,0.97546,0.31429,0.78338
55.7,0.97454,0.31451,0.78239
55.8,0.97361,0.31472,0.78138
55.9,0.97267,0.31493,0.78037
56,0.9717,0.31514,0.77934
56.1,0.97074,0.31534,0.77831
56.2,0.96982,0.31553,0.77728
56.3,0.96888,0.31572,0.77623
56.4,0.96793,0.31591,0.77518
56.5,0.96697,0.3161,0.77413
56.6,0.96599,0.31628,0.77307
56.7,0.965,0.31645,0.772
56.8,0.964,0.31662,0.77093
56.9,0.96299,0.31679,0.76985
57,0.96196,0.31695,0.76876
57.1,0.96092,0.31711,0.76767
57.2,0.95987,0.31727,0.76658
57.3,0.9588,0.31742,0.76548
57.4,0.95772,0.31757,0.76437
57.5,0.95663,0.31771,0.76326
57.6,0.95552,0.31785,0.76214
57.7,0.9544,0.31798,0.76102
57.8,0.95327,0.31811,0.75989
57.9,0.95212,0.31824,0.75876
58,0.95097,0.31836,0.75762
58.1,0.94979,0.31848,0.75648
58.2,0.94861,0.31859,0.75533
58.3,0.94741,0.3187,0.75418
58.4,0.9462,0.31881,0.75302
58.5,0.94498,0.31891,0.75186
58.6,0.94374,0.31901,0.7507
58.7,0.94249,0.3191,0.74953
58.8,0.94123,0.31919,0.74835
58.9,0.93995,0.31928,0.74717
59,0.93866,0.31936,0.74599
59.1,0.93736,0.31944,0.74481
59.2,0.93605,0.31951,0.74362
59.3,0.93472,0.3196,0.74242
59.4,0.93338,0.31969,0.74122
59.5,0.93202,0.31977,0.74002
59.6,0.93065,0.31986,0.73882
59.7,0.92929,0.31994,0.73761
59.8,0.92804,0.32001,0.73639
59.9,0.92679,0.32009,0.73518
60,0.92555,0.32016,0.73396
60.1,0.9243,0.32023,0.73274
60.2,0.92305,0.3203,0.73151
60.3,0.92181,0.32037,0.73028
60.4,0.92056,0.32043,0.72905
60.5,0.91931,0.32049,0.72781
60.6,0.91806,0.32054,0.72658
60.7,0.91682,0.3206,0.72534
60.8,0.91557,0.32065,0.72411
60.9,0.91432,0.3207,0.72291
61,0.91308,0.32075,0.72172
61.1,0.91183,0.32079,0.72052
61.2,0.91058,0.32083,0.71932
61.3,0.90933,0.32087,0.71813
61.4,0.90809,0.3209,0.71693
61.5,0.90684,0.32093,0.71574
61.6,0.90559,0.32096,0.71455
61.7,0.90435,0.32099,0.71336
61.8,0.9031,0.32102,0.71217
61.9,0.90185,0.32104,0.71098
62,0.9006,0.32106,0.70979
62.1,0.89936,0.32107,0.70861
62.2,0.89811,0.32109,0.70743
62.3,0.89686,0.3211,0.70625
62.4,0.89565,0.32111,0.70507
62.5,0.89449,0.32113,0.70389
62.6,0.89333,0.32115,0.70272
62.7,0.89218,0.32117,0.70155
62.8,0.89102,0.32119,0.70038
62.9,0.88986,0.32121,0.69921
63,0.88871,0.32122,0.69805
63.1,0.88755,0.32124,0.69689
63.2,0.8864,0.32125,0.69574
63.3,0.88524,0.32126,0.69458
63.4,0.88408,0.32127,0.69343
63.5,0.88293,0.32127,0.69229
63.6,0.88177,0.32128,0.69115
63.7,0.88061,0.32128,0.69001
63.8,0.87946,0.32129,0.68888
63.9,0.8783,0.32129,0.68775
64,0.87714,0.32129,0.68662
64.1,0.87599,0.32128,0.6855
64.2,0.87483,0.32128,0.68439
64.3,0.87367,0.32127,0.68327
64.4,0.87252,0.32127,0.68217
64.5,0.87136,0.32126,0.68107
64.6,0.8702,0.32125,0.67997
64.7,0.86905,0.32124,0.67888
64.8,0.86789,0.32122,0.67779
64.9,0.86673,0.32121,0.67671
65,0.86558,0.32119,0.67564
65.1,0.86447,0.32117,0.67457
65.2,0.86341,0.32115,0.67351
65.3,0.86234,0.32113,0.67245
65.4,0.86127,0.32111,0.6714
65.5,0.86021,0.32108,0.67036
65.6,0.85914,0.32106,0.66932
65.7,0.85808,0.32104,0.66829
65.8,0.85701,0.32102,0.66727
65.9,0.85594,0.32099,0.66621
66,0.85488,0.32097,0.66516
66.1,0.85381,0.32095,0.66411
66.2,0.85274,0.32092,0.66307
66.3,0.85168,0.3209,0.66204
66.4,0.85061,0.32087,0.661
66.5,0.84954,0.32084,0.65997
66.6,0.84848,0.32081,0.65895
66.7,0.84741,0.32078,0.65793
66.8,0.84635,0.32075,0.65692
66.9,0.84528,0.32072,0.65591
67,0.84421,0.32069,0.6549
67.1,0.84315,0.32065,0.6539
67.2,0.84208,0.32062,0.65291
67.3,0.84104,0.32058,0.65192
67.4,0.84006,0.32054,0.65093
67.5,0.83907,0.32051,0.64996
67.6,0.83808,0.32047,0.64898
67.7,0.8371,0.32042,0.64801
67.8,0.83611,0.32038,0.64705
67.9,0.83512,0.32034,0.64609
68,0.83414,0.3203,0.64514
68.1,0.83315,0.32025,0.6442
68.2,0.83216,0.32021,0.64326
68.3,0.83118,0.32016,0.64232
68.4,0.83019,0.32011,0.64139
68.5,0.8292,0.32006,0.64047
68.6,0.82822,0.32001,0.63955
68.7,0.82723,0.31996,0.63864
68.8,0.82624,0.31991,0.63774
68.9,0.82526,0.31986,0.63684
69,0.82427,0.31981,0.63595
69.1,0.82328,0.31976,0.63506
69.2,0.8223,0.31971,0.63418
69.3,0.82131,0.31965,0.63331
69.4,0.82032,0.3196,0.63244
69.5,0.81935,0.31955,0.63158
69.6,0.81843,0.31949,0.63073
69.7,0.81751,0.31944,0.62988
69.8,0.8166,0.31938,0.62904
69.9,0.81568,0.31932,0.62817
70,0.81476,0.31927,0.6273
70.1,0.81384,0.31921,0.62643
70.2,0.81292,0.31915,0.62557
70.3,0.81201,0.31909,0.62471
70.4,0.81109,0.31903,0.62386
70.5,0.81017,0.31896,0.623
70.6,0.80925,0.3189,0.62216
70.7,0.80834,0.31884,0.62131
70.8,0.80742,0.31877,0.62047
70.9,0.8065,0.31871,0.61963
71,0.80558,0.31864,0.6188
71.1,0.80466,0.31858,0.61797
71.2,0.80375,0.31851,0.61714
71.3,0.80283,0.31844,0.61632
71.4,0.80191,0.31837,0.6155
71.5,0.80099,0.3183,0.61469
71.6,0.80007,0.31823,0.61388
71.7,0.79916,0.31816,0.61307
71.8,0.79826,0.31809,0.61227
71.9,0.79737,0.31801,0.61147
72,0.79647,0.31794,0.61067
72.1,0.79559,0.31787,0.60988
72.2,0.7947,0.3178,0.60909
72.3,0.79381,0.31773,0.6083
72.4,0.79293,0.31766,0.60752
72.5,0.79205,0.31758,0.60674
72.6,0.79118,0.31751,0.60597
72.7,0.7903,0.31744,0.6052
72.8,0.78943,0.31736,0.60443
72.9,0.78856,0.31729,0.60367
73,0.78769,0.31721,0.60291
73.1,0.78683,0.31713,0.60215
73.2,0.78597,0.31706,0.6014
73.3,0.78511,0.31698,0.60065
73.4,0.78425,0.3169,0.5999
73.5,0.78339,0.31682,0.59916
73.6,0.78254,0.31674,0.59842
73.7,0.78169,0.31666,0.59768
73.8,0.78084,0.31658,0.59695
73.9,0.78,0.3165,0.59621
74,0.77916,0.31642,0.59547
74.1,0.77832,0.31634,0.59474
74.2,0.77748,0.31625,0.594
74.3,0.77664,0.31617,0.59327
74.4,0.77581,0.31608,0.59254
74.5,0.77498,0.316,0.59181
74.6,0.77415,0.31591,0.59109
74.7,0.77333,0.31583,0.59037
74.8,0.7725,0.31574,0.58965
74.9,0.77168,0.31565,0.58893
75,0.77086,0.31556,0.58821
75.1,0.77005,0.31547,0.5875
75.2,0.76923,0.31538,0.58679
75.3,0.76842,0.31529,0.58608
75.4,0.76761,0.3152,0.58537
75.5,0.76681,0.31511,0.58467
75.6,0.76601,0.31502,0.58396
75.7,0.7652,0.31493,0.58326
75.8,0.76441,0.31483,0.58256
75.9,0.76361,0.31474,0.58187
76,0.76282,0.31464,0.58117
76.1,0.76202,0.31455,0.58048
76.2,0.76122,0.31445,0.57978
76.3,0.76043,0.31435,0.57909
76.4,0.75963,0.31426,0.57841
76.5,0.75884,0.31416,0.57772
76.6,0.75805,0.31406,0.57703
76.7,0.75726,0.31396,0.57635
76.8,0.75648,0.31386,0.57567
76.9,0.75569,0.31376,0.57499
77,0.75491,0.31366,0.57431
77.1,0.75413,0.31356,0.57363
77.2,0.75335,0.31346,0.57296
77.3,0.75258,0.31337,0.57228
77.4,0.7518,0.31327,0.57161
77.5,0.75103,0.31317,0.57094
77.6,0.75026,0.31307,0.57027
77.7,0.7495,0.31297,0.5696
77.8,0.74873,0.31287,0.56893
77.9,0.74797,0.31277,0.56827
78,0.74721,0.31267,0.56761
78.1,0.74645,0.31256,0.56695
78.2,0.74569,0.31246,0.56629
78.3,0.74493,0.31236,0.56564
78.4,0.74418,0.31225,0.56498
78.5,0.74343,0.31215,0.56433
78.6,0.74268,0.31205,0.56368
78.7,0.74193,0.31194,0.56303
78.8,0.74119,0.31184,0.56238
78.9,0.74045,0.31173,0.56173
79,0.7397,0.31163,0.56109
79.1,0.73897,0.31152,0.56044
79.2,0.73823,0.31141,0.5598
79.3,0.73749,0.3113,0.55916
79.4,0.73676,0.3112,0.55852
79.5,0.73603,0.31109,0.55788
79.6,0.7353,0.31098,0.55724
79.7,0.73457,0.31087,0.55661
79.8,0.73385,0.31076,0.55597
79.9,0.73313,0.31065,0.55534
80,0.73241,0.31054,0.5547
80.1,0.73169,0.31043,0.55407
80.2,0.73097,0.31032,0.55344
80.3,0.73026,0.3102,0.55281
80.4,0.72955,0.31009,0.55218
80.5,0.72883,0.30998,0.55155
80.6,0.72811,0.30986,0.55093
80.7,0.72739,0.30975,0.5503
80.8,0.72668,0.30964,0.54967
80.9,0.72596,0.30952,0.54905
81,0.72525,0.30941,0.54843
81.1,0.72454,0.30929,0.5478
81.2,0.72383,0.30917,0.54718
81.3,0.72313,0.30906,0.54656
81.4,0.72242,0.30894,0.54594
81.5,0.72172,0.30882,0.54532
81.6,0.72101,0.3087,0.5447
81.7,0.72031,0.30859,0.54409
81.8,0.71961,0.30847,0.54347
81.9,0.71892,0.30835,0.54285
82,0.71822,0.30823,0.54224
82.1,0.71753,0.30811,0.54164
82.2,0.71683,0.30799,0.54103
82.3,0.71614,0.30787,0.54042
82.4,0.71545,0.30775,0.53982
82.5,0.71477,0.30764,0.53922
82.6,0.71408,0.30752,0.53861
82.7,0.7134,0.3074,0.53801
82.8,0.71271,0.30728,0.53741
82.9,0.71203,0.30716,0.53681
83,0.71135,0.30704,0.53622
83.1,0.71067,0.30692,0.53562
83.2,0.71,0.3068,0.53502
83.3,0.70932,0.30668,0.53443
83.4,0.70865,0.30656,0.53383
83.5,0.70798,0.30643,0.53324
83.6,0.70731,0.30631,0.53265
83.7,0.70664,0.30619,0.53206
83.8,0.70597,0.30607,0.53147
83.9,0.70531,0.30594,0.53088
84,0.70465,0.30582,0.53029
84.1,0.70398,0.3057,0.5297
84.2,0.70332,0.30557,0.52912
84.3,0.70266,0.30545,0.52853
84.4,0.70201,0.30533,0.52795
84.5,0.70135,0.3052,0.52736
84.6,0.7007,0.30508,0.52678
84.7,0.70005,0.30495,0.5262
84.8,0.69939,0.30482,0.52562
84.9,0.69873,0.3047,0.52504
85,0.69808,0.30457,0.52446
85.1,0.69742,0.30444,0.52388
85.2,0.69677,0.30432,0.5233
85.3,0.69611,0.30419,0.52272
85.4,0.69546,0.30406,0.52214
85.5,0.69481,0.30393,0.52157
85.6,0.69416,0.30381,0.52099
85.7,0.69351,0.30368,0.52042
85.8,0.69287,0.30355,0.51985
85.9,0.69222,0.30342,0.51927
86,0.69158,0.30329,0.51871
86.1,0.69093,0.30316,0.51814
86.2,0.69029,0.30303,0.51757
86.3,0.68965,0.3029,0.51701
86.4,0.68901,0.30277,0.51644
86.5,0.68837,0.30264,0.51588
86.6,0.68773,0.3025,0.51532
86.7,0.6871,0.30237,0.51476
86.8,0.68646,0.30224,0.5142
86.9,0.68583,0.30211,0.51364
87,0.6852,0.30197,0.51308
87.1,0.68457,0.30184,0.51252
87.2,0.68394,0.30171,0.51196
87.3,0.68331,0.30158,0.51141
87.4,0.68268,0.30144,0.51085
87.5,0.68205,0.30131,0.5103
87.6,0.68143,0.30118,0.50974
87.7,0.6808,0.30105,0.50919
87.8,0.68018,0.30092,0.50864
87.9,0.67956,0.30078,0.50809
88,0.67894,0.30065,0.50754
88.1,0.67832,0.30052,0.50699
88.2,0.6777,0.30038,0.50644
88.3,0.67708,0.30025,0.50589
88.4,0.67647,0.30012,0.50534
88.5,0.67585,0.29998,0.50479
88.6,0.67524,0.29985,0.50425
88.7,0.67463,0.29971,0.5037
88.8,0.67402,0.29958,0.50316
88.9,0.67341,0.29944,0.50262
89,0.6728,0.29931,0.50207
89.1,0.67219,0.29917,0.50153
89.2,0.67159,0.29904,0.50099
89.3,0.67098,0.2989,0.50045
89.4,0.67038,0.29877,0.49991
89.5,0.66977,0.29863,0.49937
89.6,0.66917,0.29849,0.49883
89.7,0.66857,0.29836,0.49829
89.8,0.66796,0.29822,0.49776
89.9,0.66736,0.29808,0.49722
90,0.66676,0.29794,0.49668
90.1,0.66617,0.29781,0.49615
90.2,0.66557,0.29767,0.49561
90.3,0.66497,0.29753,0.49508
90.4,0.66437,0.29739,0.49455
90.5,0.66378,0.29725,0.49401
90.6,0.66318,0.29711,0.49348
90.7,0.66259,0.29698,0.49295
90.8,0.662,0.29684,0.49242
90.9,0.66141,0.2967,0.49189
91,0.66081,0.29656,0.49136
91.1,0.66022,0.29642,0.49083
91.2,0.65963,0.29628,0.4903
91.3,0.65905,0.29614,0.48977
91.4,0.65846,0.296,0.48925
91.5,0.65787,0.29586,0.48872
91.6,0.65728,0.29571,0.4882
91.7,0.6567,0.29557,0.48768
91.8,0.65611,0.29543,0.48715
91.9,0.65553,0.29529,0.48663
92,0.65495,0.29515,0.48611
92.1,0.65436,0.29501,0.48559
92.2,0.65378,0.29486,0.48507
92.3,0.6532,0.29472,0.48455
92.4,0.65262,0.29458,0.48403
92.5,0.65204,0.29444,0.48351
92.6,0.65146,0.29429,0.48299
92.7,0.65088,0.29415,0.48248
92.8,0.6503,0.29401,0.48196
92.9,0.64973,0.29386,0.48144
93,0.64915,0.29372,0.48093
93.1,0.64857,0.29358,0.48041
93.2,0.648,0.29343,0.4799
93.3,0.64742,0.29329,0.47939
93.4,0.64685,0.29315,0.47887
93.5,0.64628,0.293,0.47836
93.6,0.6457,0.29286,0.47785
93.7,0.64513,0.29271,0.47734
93.8,0.64456,0.29257,0.47683
93.9,0.64399,0.29243,0.47632
94,0.64342,0.29228,0.47581
94.1,0.64285,0.29214,0.4753
94.2,0.64228,0.29199,0.47479
94.3,0.64171,0.29185,0.47428
94.4,0.64114,0.2917,0.47377
94.5,0.64057,0.29156,0.47327
94.6,0.64001,0.29141,0.47276
94.7,0.63944,0.29126,0.47225
94.8,0.63887,0.29112,0.47175
94.9,0.63831,0.29097,0.47124
95,0.63774,0.29083,0.47074
95.1,0.63718,0.29068,0.47023
95.2,0.63662,0.29053,0.46973
95.3,0.63605,0.29039,0.46923
95.4,0.63549,0.29024,0.46872
95.5,0.63493,0.29009,0.46822
95.6,0.63436,0.28995,0.46772
95.7,0.6338,0.2898,0.46722
95.8,0.63324,0.28965,0.46672
95.9,0.63268,0.28951,0.46622
96,0.63212,0.28936,0.46572
96.1,0.63156,0.28921,0.46522
96.2,0.631,0.28907,0.46472
96.3,0.63044,0.28892,0.46422
96.4,0.62988,0.28877,0.46372
96.5,0.62932,0.28862,0.46323
96.6,0.62877,0.28847,0.46273
96.7,0.62821,0.28833,0.46223
96.8,0.62765,0.28818,0.46174
96.9,0.6271,0.28803,0.46124
97,0.62654,0.28788,0.46075
97.1,0.62598,0.28773,0.46025
97.2,0.62543,0.28759,0.45976
97.3,0.62487,0.28744,0.45927
97.4,0.62432,0.28729,0.45877
97.5,0.62376,0.28714,0.45828
97.6,0.62321,0.28699,0.45779
97.7,0.62265,0.28684,0.4573
97.8,0.6221,0.28669,0.45681
97.9,0.62154,0.28654,0.45632
98,0.62099,0.2864,0.45583
98.1,0.62044,0.28625,0.45534
98.2,0.61988,0.2861,0.45485
98.3,0.61933,0.28595,0.45436
98.4,0.61878,0.2858,0.45387
98.5,0.61823,0.28565,0.45339
98.6,0.61768,0.2855,0.4529
98.7,0.61712,0.28535,0.45241
98.8,0.61657,0.2852,0.45192
98.9,0.61602,0.28505,0.45144
99,0.61547,0.2849,0.45095
99.1,0.61492,0.28475,0.45047
99.2,0.61437,0.2846,0.44998
99.3,0.61383,0.28445,0.4495
99.4,0.61329,0.2843,0.44901
99.5,0.61275,0.28415,0.44853
99.6,0.61221,0.284,0.44804
99.7,0.61167,0.28385,0.44756
99.8,0.61113,0.2837,0.44708
99.9,0.61059,0.28355,0.44659
100,0.61005,0.2834,0.44611
100.1,0.60951,0.28325,0.44563
100.2,0.60897,0.2831,0.44515
100.3,0.60844,0.28295,0.44467
100.4,0.6079,0.2828,0.44419
100.5,0.60736,0.28265,0.44371
100.6,0.60683,0.2825,0.44323
100.7,0.60629,0.28235,0.44275
100.8,0.60575,0.2822,0.44227
100.9,0.60522,0.28204,0.44179
101,0.60468,0.28189,0.44131
101.1,0.60415,0.28174,0.44083
101.2,0.60362,0.28159,0.44035
101.3,0.60308,0.28144,0.43987
101.4,0.60255,0.28128,0.43939
101.5,0.60201,0.28113,0.43892
101.6,0.60148,0.28098,0.43844
101.7,0.60095,0.28082,0.43796
101.8,0.60042,0.28067,0.43749
101.9,0.59989,0.28052,0.43701
102,0.59935,0.28037,0.43653
102.1,0.59882,0.28021,0.43606
102.2,0.59829,0.28006,0.43558
102.3,0.59776,0.27991,0.43511
102.4,0.59723,0.27975,0.43463
102.5,0.5967,0.2796,0.43416
102.6,0.59617,0.27945,0.43369
102.7,0.59564,0.27929,0.43321
102.8,0.59511,0.27914,0.43274
102.9,0.59458,0.27899,0.43227
103,0.59405,0.27883,0.4318
103.1,0.59352,0.27868,0.43132
103.2,0.593,0.27853,0.43085
103.3,0.59247,0.27837,0.43038
103.4,0.59194,0.27822,0.42991
103.5,0.59141,0.27806,0.42944
103.6,0.59088,0.27791,0.42897
103.7,0.59036,0.27776,0.4285
103.8,0.58983,0.2776,0.42803
103.9,0.5893,0.27745,0.42756
104,0.58878,0.27729,0.42709
104.1,0.58825,0.27714,0.42662
104.2,0.58772,0.27698,0.42615
104.3,0.5872,0.27683,0.42568
104.4,0.58667,0.27668,0.42521
104.5,0.58615,0.27652,0.42475
104.6,0.58562,0.27637,0.42428
104.7,0.5851,0.27621,0.42381
104.8,0.58457,0.27606,0.42334
104.9,0.58405,0.2759,0.42288
105,0.58352,0.27575,0.42241
105.1,0.583,0.27559,0.42194
105.2,0.58247,0.27544,0.42148
105.3,0.58195,0.27528,0.42101
105.4,0.58142,0.27513,0.42054
105.5,0.5809,0.27497,0.42008
105.6,0.58037,0.27482,0.41961
105.7,0.57985,0.27466,0.41915
105.8,0.57933,0.27451,0.41868
105.9,0.5788,0.27435,0.41822
106,0.57828,0.2742,0.41775
106.1,0.57775,0.27404,0.41729
106.2,0.57723,0.27389,0.41682
106.3,0.57671,0.27373,0.41636
106.4,0.57618,0.27358,0.41589
106.5,0.57566,0.27342,0.41543
106.6,0.57514,0.27327,0.41497
106.7,0.57461,0.27311,0.4145
106.8,0.57409,0.27296,0.41404
106.9,0.57357,0.2728,0.41358
107,0.57304,0.27265,0.41312
107.1,0.57252,0.27249,0.41265
107.2,0.572,0.27233,0.41219
107.3,0.57148,0.27218,0.41173
107.4,0.57095,0.27202,0.41127
107.5,0.57043,0.27187,0.4108
107.6,0.56991,0.27171,0.41034
107.7,0.56938,0.27156,0.40988
107.8,0.56886,0.2714,0.40942
107.9,0.56834,0.27125,0.40896
108,0.56781,0.27109,0.4085
108.1,0.56729,0.27093,0.40804
108.2,0.56677,0.27078,0.40758
108.3,0.56625,0.27062,0.40712
108.4,0.56572,0.27047,0.40666
108.5,0.5652,0.27031,0.40621
108.6,0.56468,0.27016,0.40575
108.7,0.56415,0.27,0.40529
108.8,0.56363,0.26984,0.40483
108.9,0.56311,0.26969,0.40437
109,0.56258,0.26953,0.40391
109.1,0.56206,0.26938,0.40346
109.2,0.56154,0.26922,0.403
109.3,0.56102,0.26907,0.40254
109.4,0.5605,0.26891,0.40208
109.5,0.55999,0.26875,0.40163
109.6,0.55948,0.2686,0.40117
109.7,0.55896,0.26844,0.40071
109.8,0.55845,0.26828,0.40026
109.9,0.55794,0.26813,0.3998
110,0.55743,0.26797,0.39934
110.1,0.55691,0.26781,0.39889
110.2,0.5564,0.26766,0.39843
110.3,0.55589,0.2675,0.39798
110.4,0.55538,0.26734,0.39752
110.5,0.55487,0.26718,0.39706
110.6,0.55436,0.26703,0.39661
110.7,0.55384,0.26687,0.39615
110.8,0.55333,0.26671,0.3957
110.9,0.55282,0.26655,0.39524
111,0.55231,0.2664,0.39479
111.1,0.5518,0.26624,0.39433
111.2,0.55129,0.26608,0.39388
111.3,0.55078,0.26592,0.39343
111.4,0.55027,0.26577,0.39297
111.5,0.54976,0.26561,0.39252
111.6,0.54925,0.26545,0.39206
111.7,0.54874,0.26529,0.39161
111.8,0.54823,0.26514,0.39116
111.9,0.54772,0.26498,0.3907
112,0.54721,0.26482,0.39025
112.1,0.5467,0.26466,0.3898
112.2,0.54619,0.2645,0.38934
112.3,0.54568,0.26435,0.38889
112.4,0.54517,0.26419,0.38844
112.5,0.54467,0.26403,0.38799
112.6,0.54416,0.26387,0.38753
112.7,0.54365,0.26372,0.38708
112.8,0.54314,0.26356,0.38663
112.9,0.54263,0.2634,0.38618
113,0.54212,0.26324,0.38572
113.1,0.54161,0.26308,0.38527
113.2,0.54111,0.26292,0.38482
113.3,0.5406,0.26277,0.38437
113.4,0.54009,0.26261,0.38392
113.5,0.53958,0.26245,0.38347
113.6,0.53908,0.26229,0.38302
113.7,0.53857,0.26213,0.38257
113.8,0.53806,0.26198,0.38212
113.9,0.53755,0.26182,0.38167
114,0.53705,0.26166,0.38122
114.1,0.53654,0.2615,0.38077
114.2,0.53603,0.26134,0.38031
114.3,0.53552,0.26118,0.37986
114.4,0.53502,0.26103,0.37942
114.5,0.53451,0.26087,0.37897
114.6,0.534,0.26071,0.37852
114.7,0.53349,0.26055,0.37807
114.8,0.53299,0.26039,0.37762
114.9,0.53248,0.26023,0.37717
115,0.53197,0.26007,0.37672
115.1,0.53147,0.25992,0.37627
115.2,0.53096,0.25976,0.37582
115.3,0.53045,0.2596,0.37537
115.4,0.52995,0.25944,0.37492
115.5,0.52944,0.25928,0.37448
115.6,0.52893,0.25912,0.37403
115.7,0.52843,0.25896,0.37358
115.8,0.52792,0.25881,0.37313
115.9,0.52741,0.25865,0.37268
116,0.52691,0.25849,0.37223
116.1,0.5264,0.25833,0.37179
116.2,0.5259,0.25817,0.37134
116.3,0.52539,0.25801,0.37089
116.4,0.52488,0.25785,0.37044
116.5,0.52438,0.2577,0.37
116.6,0.52387,0.25754,0.36955
116.7,0.52336,0.25738,0.3691
116.8,0.52286,0.25722,0.36866
116.9,0.52235,0.25706,0.36821
117,0.52184,0.2569,0.36776
117.1,0.52134,0.25674,0.36732
117.2,0.52083,0.25658,0.36687
117.3,0.52033,0.25643,0.36642
117.4,0.51982,0.25627,0.36598
117.5,0.51931,0.25611,0.36553
117.6,0.51881,0.25595,0.36508
117.7,0.5183,0.25579,0.36464
117.8,0.51779,0.25563,0.36419
117.9,0.51729,0.25547,0.36375
118,0.51678,0.25531,0.3633
118.1,0.51627,0.25516,0.36286
118.2,0.51577,0.255,0.36241
118.3,0.51526,0.25484,0.36197
118.4,0.51475,0.25468,0.36152
118.5,0.51425,0.25452,0.36108
118.6,0.51374,0.25436,0.36063
118.7,0.51323,0.2542,0.36019
118.8,0.51273,0.25404,0.35974
118.9,0.51222,0.25388,0.3593
119,0.51171,0.25372,0.35885
119.1,0.51121,0.25357,0.35841
119.2,0.5107,0.25341,0.35796
119.3,0.51019,0.25325,0.35752
119.4,0.50968,0.25309,0.35707
119.5,0.50918,0.25293,0.35663
119.6,0.50867,0.25277,0.35619
119.7,0.50816,0.25261,0.35574
119.8,0.50765,0.25245,0.3553
119.9,0.50715,0.25229,0.35486
120,0.50664,0.25213,0.35441
